/*--------------------------------*- C++ -*----------------------------------*\
  =========                 |
  \\      /  F ield         | OpenFOAM: The Open Source CFD Toolbox
   \\    /   O peration     | Website:  https://openfoam.org
    \\  /    A nd           | Version:  12
     \\/     M anipulation  |
\*---------------------------------------------------------------------------*/
FoamFile
{
    format      ascii;
    class       vectorField;
    location    "constant/polyMesh";
    object      points;
}
// * * * * * * * * * * * * * * * * * * * * * * * * * * * * * * * * * * * * * //


17202
(
(0 0 0)
(0.006 0 0)
(0.012 0 0)
(0.018 0 0)
(0.024 0 0)
(0.03 0 0)
(0.036 0 0)
(0.042 0 0)
(0.048 0 0)
(0.054 0 0)
(0.06 0 0)
(0.066 0 0)
(0.072 0 0)
(0.078 0 0)
(0.084 0 0)
(0.09 0 0)
(0.096 0 0)
(0.102 0 0)
(0.108 0 0)
(0.114 0 0)
(0.12 0 0)
(0.126 0 0)
(0.132 0 0)
(0.138 0 0)
(0.144 0 0)
(0.15 0 0)
(0.156 0 0)
(0.162 0 0)
(0.168 0 0)
(0.174 0 0)
(0.18 0 0)
(0.186 0 0)
(0.192 0 0)
(0.198 0 0)
(0.204 0 0)
(0.21 0 0)
(0.216 0 0)
(0.222 0 0)
(0.228 0 0)
(0.234 0 0)
(0.24 0 0)
(0.246 0 0)
(0.252 0 0)
(0.258 0 0)
(0.264 0 0)
(0.27 0 0)
(0.276 0 0)
(0.282 0 0)
(0.288 0 0)
(0.294 0 0)
(0.3 0 0)
(0.306 0 0)
(0.312 0 0)
(0.318 0 0)
(0.324 0 0)
(0.33 0 0)
(0.336 0 0)
(0.342 0 0)
(0.348 0 0)
(0.354 0 0)
(0.36 0 0)
(0 0.005 0)
(0.006 0.005 0)
(0.012 0.005 0)
(0.018 0.005 0)
(0.024 0.005 0)
(0.03 0.005 0)
(0.036 0.005 0)
(0.042 0.005 0)
(0.048 0.005 0)
(0.054 0.005 0)
(0.06 0.005 0)
(0.066 0.005 0)
(0.072 0.005 0)
(0.078 0.005 0)
(0.084 0.005 0)
(0.09 0.005 0)
(0.096 0.005 0)
(0.102 0.005 0)
(0.108 0.005 0)
(0.114 0.005 0)
(0.12 0.005 0)
(0.126 0.005 0)
(0.132 0.005 0)
(0.138 0.005 0)
(0.144 0.005 0)
(0.15 0.005 0)
(0.156 0.005 0)
(0.162 0.005 0)
(0.168 0.005 0)
(0.174 0.005 0)
(0.18 0.005 0)
(0.186 0.005 0)
(0.192 0.005 0)
(0.198 0.005 0)
(0.204 0.005 0)
(0.21 0.005 0)
(0.216 0.005 0)
(0.222 0.005 0)
(0.228 0.005 0)
(0.234 0.005 0)
(0.24 0.005 0)
(0.246 0.005 0)
(0.252 0.005 0)
(0.258 0.005 0)
(0.264 0.005 0)
(0.27 0.005 0)
(0.276 0.005 0)
(0.282 0.005 0)
(0.288 0.005 0)
(0.294 0.005 0)
(0.3 0.005 0)
(0.306 0.005 0)
(0.312 0.005 0)
(0.318 0.005 0)
(0.324 0.005 0)
(0.33 0.005 0)
(0.336 0.005 0)
(0.342 0.005 0)
(0.348 0.005 0)
(0.354 0.005 0)
(0.36 0.005 0)
(0 0.01 0)
(0.006 0.01 0)
(0.012 0.01 0)
(0.018 0.01 0)
(0.024 0.01 0)
(0.03 0.01 0)
(0.036 0.01 0)
(0.042 0.01 0)
(0.048 0.01 0)
(0.054 0.01 0)
(0.06 0.01 0)
(0.066 0.01 0)
(0.072 0.01 0)
(0.078 0.01 0)
(0.084 0.01 0)
(0.09 0.01 0)
(0.096 0.01 0)
(0.102 0.01 0)
(0.108 0.01 0)
(0.114 0.01 0)
(0.12 0.01 0)
(0.126 0.01 0)
(0.132 0.01 0)
(0.138 0.01 0)
(0.144 0.01 0)
(0.15 0.01 0)
(0.156 0.01 0)
(0.162 0.01 0)
(0.168 0.01 0)
(0.174 0.01 0)
(0.18 0.01 0)
(0.186 0.01 0)
(0.192 0.01 0)
(0.198 0.01 0)
(0.204 0.01 0)
(0.21 0.01 0)
(0.216 0.01 0)
(0.222 0.01 0)
(0.228 0.01 0)
(0.234 0.01 0)
(0.24 0.01 0)
(0.246 0.01 0)
(0.252 0.01 0)
(0.258 0.01 0)
(0.264 0.01 0)
(0.27 0.01 0)
(0.276 0.01 0)
(0.282 0.01 0)
(0.288 0.01 0)
(0.294 0.01 0)
(0.3 0.01 0)
(0.306 0.01 0)
(0.312 0.01 0)
(0.318 0.01 0)
(0.324 0.01 0)
(0.33 0.01 0)
(0.336 0.01 0)
(0.342 0.01 0)
(0.348 0.01 0)
(0.354 0.01 0)
(0.36 0.01 0)
(0 0.015 0)
(0.006 0.015 0)
(0.012 0.015 0)
(0.018 0.015 0)
(0.024 0.015 0)
(0.03 0.015 0)
(0.036 0.015 0)
(0.042 0.015 0)
(0.048 0.015 0)
(0.054 0.015 0)
(0.06 0.015 0)
(0.066 0.015 0)
(0.072 0.015 0)
(0.078 0.015 0)
(0.084 0.015 0)
(0.09 0.015 0)
(0.096 0.015 0)
(0.102 0.015 0)
(0.108 0.015 0)
(0.114 0.015 0)
(0.12 0.015 0)
(0.126 0.015 0)
(0.132 0.015 0)
(0.138 0.015 0)
(0.144 0.015 0)
(0.15 0.015 0)
(0.156 0.015 0)
(0.162 0.015 0)
(0.168 0.015 0)
(0.174 0.015 0)
(0.18 0.015 0)
(0.186 0.015 0)
(0.192 0.015 0)
(0.198 0.015 0)
(0.204 0.015 0)
(0.21 0.015 0)
(0.216 0.015 0)
(0.222 0.015 0)
(0.228 0.015 0)
(0.234 0.015 0)
(0.24 0.015 0)
(0.246 0.015 0)
(0.252 0.015 0)
(0.258 0.015 0)
(0.264 0.015 0)
(0.27 0.015 0)
(0.276 0.015 0)
(0.282 0.015 0)
(0.288 0.015 0)
(0.294 0.015 0)
(0.3 0.015 0)
(0.306 0.015 0)
(0.312 0.015 0)
(0.318 0.015 0)
(0.324 0.015 0)
(0.33 0.015 0)
(0.336 0.015 0)
(0.342 0.015 0)
(0.348 0.015 0)
(0.354 0.015 0)
(0.36 0.015 0)
(0 0.02 0)
(0.006 0.02 0)
(0.012 0.02 0)
(0.018 0.02 0)
(0.024 0.02 0)
(0.03 0.02 0)
(0.036 0.02 0)
(0.042 0.02 0)
(0.048 0.02 0)
(0.054 0.02 0)
(0.06 0.02 0)
(0.066 0.02 0)
(0.072 0.02 0)
(0.078 0.02 0)
(0.084 0.02 0)
(0.09 0.02 0)
(0.096 0.02 0)
(0.102 0.02 0)
(0.108 0.02 0)
(0.114 0.02 0)
(0.12 0.02 0)
(0.126 0.02 0)
(0.132 0.02 0)
(0.138 0.02 0)
(0.144 0.02 0)
(0.15 0.02 0)
(0.156 0.02 0)
(0.162 0.02 0)
(0.168 0.02 0)
(0.174 0.02 0)
(0.18 0.02 0)
(0.186 0.02 0)
(0.192 0.02 0)
(0.198 0.02 0)
(0.204 0.02 0)
(0.21 0.02 0)
(0.216 0.02 0)
(0.222 0.02 0)
(0.228 0.02 0)
(0.234 0.02 0)
(0.24 0.02 0)
(0.246 0.02 0)
(0.252 0.02 0)
(0.258 0.02 0)
(0.264 0.02 0)
(0.27 0.02 0)
(0.276 0.02 0)
(0.282 0.02 0)
(0.288 0.02 0)
(0.294 0.02 0)
(0.3 0.02 0)
(0.306 0.02 0)
(0.312 0.02 0)
(0.318 0.02 0)
(0.324 0.02 0)
(0.33 0.02 0)
(0.336 0.02 0)
(0.342 0.02 0)
(0.348 0.02 0)
(0.354 0.02 0)
(0.36 0.02 0)
(0 0.025 0)
(0.006 0.025 0)
(0.012 0.025 0)
(0.018 0.025 0)
(0.024 0.025 0)
(0.03 0.025 0)
(0.036 0.025 0)
(0.042 0.025 0)
(0.048 0.025 0)
(0.054 0.025 0)
(0.06 0.025 0)
(0.066 0.025 0)
(0.072 0.025 0)
(0.078 0.025 0)
(0.084 0.025 0)
(0.09 0.025 0)
(0.096 0.025 0)
(0.102 0.025 0)
(0.108 0.025 0)
(0.114 0.025 0)
(0.12 0.025 0)
(0.126 0.025 0)
(0.132 0.025 0)
(0.138 0.025 0)
(0.144 0.025 0)
(0.15 0.025 0)
(0.156 0.025 0)
(0.162 0.025 0)
(0.168 0.025 0)
(0.174 0.025 0)
(0.18 0.025 0)
(0.186 0.025 0)
(0.192 0.025 0)
(0.198 0.025 0)
(0.204 0.025 0)
(0.21 0.025 0)
(0.216 0.025 0)
(0.222 0.025 0)
(0.228 0.025 0)
(0.234 0.025 0)
(0.24 0.025 0)
(0.246 0.025 0)
(0.252 0.025 0)
(0.258 0.025 0)
(0.264 0.025 0)
(0.27 0.025 0)
(0.276 0.025 0)
(0.282 0.025 0)
(0.288 0.025 0)
(0.294 0.025 0)
(0.3 0.025 0)
(0.306 0.025 0)
(0.312 0.025 0)
(0.318 0.025 0)
(0.324 0.025 0)
(0.33 0.025 0)
(0.336 0.025 0)
(0.342 0.025 0)
(0.348 0.025 0)
(0.354 0.025 0)
(0.36 0.025 0)
(0 0.03 0)
(0.006 0.03 0)
(0.012 0.03 0)
(0.018 0.03 0)
(0.024 0.03 0)
(0.03 0.03 0)
(0.036 0.03 0)
(0.042 0.03 0)
(0.048 0.03 0)
(0.054 0.03 0)
(0.06 0.03 0)
(0.066 0.03 0)
(0.072 0.03 0)
(0.078 0.03 0)
(0.084 0.03 0)
(0.09 0.03 0)
(0.096 0.03 0)
(0.102 0.03 0)
(0.108 0.03 0)
(0.114 0.03 0)
(0.12 0.03 0)
(0.126 0.03 0)
(0.132 0.03 0)
(0.138 0.03 0)
(0.144 0.03 0)
(0.15 0.03 0)
(0.156 0.03 0)
(0.162 0.03 0)
(0.168 0.03 0)
(0.174 0.03 0)
(0.18 0.03 0)
(0.186 0.03 0)
(0.192 0.03 0)
(0.198 0.03 0)
(0.204 0.03 0)
(0.21 0.03 0)
(0.216 0.03 0)
(0.222 0.03 0)
(0.228 0.03 0)
(0.234 0.03 0)
(0.24 0.03 0)
(0.246 0.03 0)
(0.252 0.03 0)
(0.258 0.03 0)
(0.264 0.03 0)
(0.27 0.03 0)
(0.276 0.03 0)
(0.282 0.03 0)
(0.288 0.03 0)
(0.294 0.03 0)
(0.3 0.03 0)
(0.306 0.03 0)
(0.312 0.03 0)
(0.318 0.03 0)
(0.324 0.03 0)
(0.33 0.03 0)
(0.336 0.03 0)
(0.342 0.03 0)
(0.348 0.03 0)
(0.354 0.03 0)
(0.36 0.03 0)
(0 0.035 0)
(0.006 0.035 0)
(0.012 0.035 0)
(0.018 0.035 0)
(0.024 0.035 0)
(0.03 0.035 0)
(0.036 0.035 0)
(0.042 0.035 0)
(0.048 0.035 0)
(0.054 0.035 0)
(0.06 0.035 0)
(0.066 0.035 0)
(0.072 0.035 0)
(0.078 0.035 0)
(0.084 0.035 0)
(0.09 0.035 0)
(0.096 0.035 0)
(0.102 0.035 0)
(0.108 0.035 0)
(0.114 0.035 0)
(0.12 0.035 0)
(0.126 0.035 0)
(0.132 0.035 0)
(0.138 0.035 0)
(0.144 0.035 0)
(0.15 0.035 0)
(0.156 0.035 0)
(0.162 0.035 0)
(0.168 0.035 0)
(0.174 0.035 0)
(0.18 0.035 0)
(0.186 0.035 0)
(0.192 0.035 0)
(0.198 0.035 0)
(0.204 0.035 0)
(0.21 0.035 0)
(0.216 0.035 0)
(0.222 0.035 0)
(0.228 0.035 0)
(0.234 0.035 0)
(0.24 0.035 0)
(0.246 0.035 0)
(0.252 0.035 0)
(0.258 0.035 0)
(0.264 0.035 0)
(0.27 0.035 0)
(0.276 0.035 0)
(0.282 0.035 0)
(0.288 0.035 0)
(0.294 0.035 0)
(0.3 0.035 0)
(0.306 0.035 0)
(0.312 0.035 0)
(0.318 0.035 0)
(0.324 0.035 0)
(0.33 0.035 0)
(0.336 0.035 0)
(0.342 0.035 0)
(0.348 0.035 0)
(0.354 0.035 0)
(0.36 0.035 0)
(0 0.04 0)
(0.006 0.04 0)
(0.012 0.04 0)
(0.018 0.04 0)
(0.024 0.04 0)
(0.03 0.04 0)
(0.036 0.04 0)
(0.042 0.04 0)
(0.048 0.04 0)
(0.054 0.04 0)
(0.06 0.04 0)
(0.066 0.04 0)
(0.072 0.04 0)
(0.078 0.04 0)
(0.084 0.04 0)
(0.09 0.04 0)
(0.096 0.04 0)
(0.102 0.04 0)
(0.108 0.04 0)
(0.114 0.04 0)
(0.12 0.04 0)
(0.126 0.04 0)
(0.132 0.04 0)
(0.138 0.04 0)
(0.144 0.04 0)
(0.15 0.04 0)
(0.156 0.04 0)
(0.162 0.04 0)
(0.168 0.04 0)
(0.174 0.04 0)
(0.18 0.04 0)
(0.186 0.04 0)
(0.192 0.04 0)
(0.198 0.04 0)
(0.204 0.04 0)
(0.21 0.04 0)
(0.216 0.04 0)
(0.222 0.04 0)
(0.228 0.04 0)
(0.234 0.04 0)
(0.24 0.04 0)
(0.246 0.04 0)
(0.252 0.04 0)
(0.258 0.04 0)
(0.264 0.04 0)
(0.27 0.04 0)
(0.276 0.04 0)
(0.282 0.04 0)
(0.288 0.04 0)
(0.294 0.04 0)
(0.3 0.04 0)
(0.306 0.04 0)
(0.312 0.04 0)
(0.318 0.04 0)
(0.324 0.04 0)
(0.33 0.04 0)
(0.336 0.04 0)
(0.342 0.04 0)
(0.348 0.04 0)
(0.354 0.04 0)
(0.36 0.04 0)
(0 0.045 0)
(0.006 0.045 0)
(0.012 0.045 0)
(0.018 0.045 0)
(0.024 0.045 0)
(0.03 0.045 0)
(0.036 0.045 0)
(0.042 0.045 0)
(0.048 0.045 0)
(0.054 0.045 0)
(0.06 0.045 0)
(0.066 0.045 0)
(0.072 0.045 0)
(0.078 0.045 0)
(0.084 0.045 0)
(0.09 0.045 0)
(0.096 0.045 0)
(0.102 0.045 0)
(0.108 0.045 0)
(0.114 0.045 0)
(0.12 0.045 0)
(0.126 0.045 0)
(0.132 0.045 0)
(0.138 0.045 0)
(0.144 0.045 0)
(0.15 0.045 0)
(0.156 0.045 0)
(0.162 0.045 0)
(0.168 0.045 0)
(0.174 0.045 0)
(0.18 0.045 0)
(0.186 0.045 0)
(0.192 0.045 0)
(0.198 0.045 0)
(0.204 0.045 0)
(0.21 0.045 0)
(0.216 0.045 0)
(0.222 0.045 0)
(0.228 0.045 0)
(0.234 0.045 0)
(0.24 0.045 0)
(0.246 0.045 0)
(0.252 0.045 0)
(0.258 0.045 0)
(0.264 0.045 0)
(0.27 0.045 0)
(0.276 0.045 0)
(0.282 0.045 0)
(0.288 0.045 0)
(0.294 0.045 0)
(0.3 0.045 0)
(0.306 0.045 0)
(0.312 0.045 0)
(0.318 0.045 0)
(0.324 0.045 0)
(0.33 0.045 0)
(0.336 0.045 0)
(0.342 0.045 0)
(0.348 0.045 0)
(0.354 0.045 0)
(0.36 0.045 0)
(0 0.05 0)
(0.006 0.05 0)
(0.012 0.05 0)
(0.018 0.05 0)
(0.024 0.05 0)
(0.03 0.05 0)
(0.036 0.05 0)
(0.042 0.05 0)
(0.048 0.05 0)
(0.054 0.05 0)
(0.06 0.05 0)
(0.066 0.05 0)
(0.072 0.05 0)
(0.078 0.05 0)
(0.084 0.05 0)
(0.09 0.05 0)
(0.096 0.05 0)
(0.102 0.05 0)
(0.108 0.05 0)
(0.114 0.05 0)
(0.12 0.05 0)
(0.126 0.05 0)
(0.132 0.05 0)
(0.138 0.05 0)
(0.144 0.05 0)
(0.15 0.05 0)
(0.156 0.05 0)
(0.162 0.05 0)
(0.168 0.05 0)
(0.174 0.05 0)
(0.18 0.05 0)
(0.186 0.05 0)
(0.192 0.05 0)
(0.198 0.05 0)
(0.204 0.05 0)
(0.21 0.05 0)
(0.216 0.05 0)
(0.222 0.05 0)
(0.228 0.05 0)
(0.234 0.05 0)
(0.24 0.05 0)
(0.246 0.05 0)
(0.252 0.05 0)
(0.258 0.05 0)
(0.264 0.05 0)
(0.27 0.05 0)
(0.276 0.05 0)
(0.282 0.05 0)
(0.288 0.05 0)
(0.294 0.05 0)
(0.3 0.05 0)
(0.306 0.05 0)
(0.312 0.05 0)
(0.318 0.05 0)
(0.324 0.05 0)
(0.33 0.05 0)
(0.336 0.05 0)
(0.342 0.05 0)
(0.348 0.05 0)
(0.354 0.05 0)
(0.36 0.05 0)
(0 0.055 0)
(0.006 0.055 0)
(0.012 0.055 0)
(0.018 0.055 0)
(0.024 0.055 0)
(0.03 0.055 0)
(0.036 0.055 0)
(0.042 0.055 0)
(0.048 0.055 0)
(0.054 0.055 0)
(0.06 0.055 0)
(0.066 0.055 0)
(0.072 0.055 0)
(0.078 0.055 0)
(0.084 0.055 0)
(0.09 0.055 0)
(0.096 0.055 0)
(0.102 0.055 0)
(0.108 0.055 0)
(0.114 0.055 0)
(0.12 0.055 0)
(0.126 0.055 0)
(0.132 0.055 0)
(0.138 0.055 0)
(0.144 0.055 0)
(0.15 0.055 0)
(0.156 0.055 0)
(0.162 0.055 0)
(0.168 0.055 0)
(0.174 0.055 0)
(0.18 0.055 0)
(0.186 0.055 0)
(0.192 0.055 0)
(0.198 0.055 0)
(0.204 0.055 0)
(0.21 0.055 0)
(0.216 0.055 0)
(0.222 0.055 0)
(0.228 0.055 0)
(0.234 0.055 0)
(0.24 0.055 0)
(0.246 0.055 0)
(0.252 0.055 0)
(0.258 0.055 0)
(0.264 0.055 0)
(0.27 0.055 0)
(0.276 0.055 0)
(0.282 0.055 0)
(0.288 0.055 0)
(0.294 0.055 0)
(0.3 0.055 0)
(0.306 0.055 0)
(0.312 0.055 0)
(0.318 0.055 0)
(0.324 0.055 0)
(0.33 0.055 0)
(0.336 0.055 0)
(0.342 0.055 0)
(0.348 0.055 0)
(0.354 0.055 0)
(0.36 0.055 0)
(0 0.06 0)
(0.006 0.06 0)
(0.012 0.06 0)
(0.018 0.06 0)
(0.024 0.06 0)
(0.03 0.06 0)
(0.036 0.06 0)
(0.042 0.06 0)
(0.048 0.06 0)
(0.054 0.06 0)
(0.06 0.06 0)
(0.066 0.06 0)
(0.072 0.06 0)
(0.078 0.06 0)
(0.084 0.06 0)
(0.09 0.06 0)
(0.096 0.06 0)
(0.102 0.06 0)
(0.108 0.06 0)
(0.114 0.06 0)
(0.12 0.06 0)
(0.126 0.06 0)
(0.132 0.06 0)
(0.138 0.06 0)
(0.144 0.06 0)
(0.15 0.06 0)
(0.156 0.06 0)
(0.162 0.06 0)
(0.168 0.06 0)
(0.174 0.06 0)
(0.18 0.06 0)
(0.186 0.06 0)
(0.192 0.06 0)
(0.198 0.06 0)
(0.204 0.06 0)
(0.21 0.06 0)
(0.216 0.06 0)
(0.222 0.06 0)
(0.228 0.06 0)
(0.234 0.06 0)
(0.24 0.06 0)
(0.246 0.06 0)
(0.252 0.06 0)
(0.258 0.06 0)
(0.264 0.06 0)
(0.27 0.06 0)
(0.276 0.06 0)
(0.282 0.06 0)
(0.288 0.06 0)
(0.294 0.06 0)
(0.3 0.06 0)
(0.306 0.06 0)
(0.312 0.06 0)
(0.318 0.06 0)
(0.324 0.06 0)
(0.33 0.06 0)
(0.336 0.06 0)
(0.342 0.06 0)
(0.348 0.06 0)
(0.354 0.06 0)
(0.36 0.06 0)
(0 0.065 0)
(0.006 0.065 0)
(0.012 0.065 0)
(0.018 0.065 0)
(0.024 0.065 0)
(0.03 0.065 0)
(0.036 0.065 0)
(0.042 0.065 0)
(0.048 0.065 0)
(0.054 0.065 0)
(0.06 0.065 0)
(0.066 0.065 0)
(0.072 0.065 0)
(0.078 0.065 0)
(0.084 0.065 0)
(0.09 0.065 0)
(0.096 0.065 0)
(0.102 0.065 0)
(0.108 0.065 0)
(0.114 0.065 0)
(0.12 0.065 0)
(0.126 0.065 0)
(0.132 0.065 0)
(0.138 0.065 0)
(0.144 0.065 0)
(0.15 0.065 0)
(0.156 0.065 0)
(0.162 0.065 0)
(0.168 0.065 0)
(0.174 0.065 0)
(0.18 0.065 0)
(0.186 0.065 0)
(0.192 0.065 0)
(0.198 0.065 0)
(0.204 0.065 0)
(0.21 0.065 0)
(0.216 0.065 0)
(0.222 0.065 0)
(0.228 0.065 0)
(0.234 0.065 0)
(0.24 0.065 0)
(0.246 0.065 0)
(0.252 0.065 0)
(0.258 0.065 0)
(0.264 0.065 0)
(0.27 0.065 0)
(0.276 0.065 0)
(0.282 0.065 0)
(0.288 0.065 0)
(0.294 0.065 0)
(0.3 0.065 0)
(0.306 0.065 0)
(0.312 0.065 0)
(0.318 0.065 0)
(0.324 0.065 0)
(0.33 0.065 0)
(0.336 0.065 0)
(0.342 0.065 0)
(0.348 0.065 0)
(0.354 0.065 0)
(0.36 0.065 0)
(0 0.07 0)
(0.006 0.07 0)
(0.012 0.07 0)
(0.018 0.07 0)
(0.024 0.07 0)
(0.03 0.07 0)
(0.036 0.07 0)
(0.042 0.07 0)
(0.048 0.07 0)
(0.054 0.07 0)
(0.06 0.07 0)
(0.066 0.07 0)
(0.072 0.07 0)
(0.078 0.07 0)
(0.084 0.07 0)
(0.09 0.07 0)
(0.096 0.07 0)
(0.102 0.07 0)
(0.108 0.07 0)
(0.114 0.07 0)
(0.12 0.07 0)
(0.126 0.07 0)
(0.132 0.07 0)
(0.138 0.07 0)
(0.144 0.07 0)
(0.15 0.07 0)
(0.156 0.07 0)
(0.162 0.07 0)
(0.168 0.07 0)
(0.174 0.07 0)
(0.18 0.07 0)
(0.186 0.07 0)
(0.192 0.07 0)
(0.198 0.07 0)
(0.204 0.07 0)
(0.21 0.07 0)
(0.216 0.07 0)
(0.222 0.07 0)
(0.228 0.07 0)
(0.234 0.07 0)
(0.24 0.07 0)
(0.246 0.07 0)
(0.252 0.07 0)
(0.258 0.07 0)
(0.264 0.07 0)
(0.27 0.07 0)
(0.276 0.07 0)
(0.282 0.07 0)
(0.288 0.07 0)
(0.294 0.07 0)
(0.3 0.07 0)
(0.306 0.07 0)
(0.312 0.07 0)
(0.318 0.07 0)
(0.324 0.07 0)
(0.33 0.07 0)
(0.336 0.07 0)
(0.342 0.07 0)
(0.348 0.07 0)
(0.354 0.07 0)
(0.36 0.07 0)
(0 0.075 0)
(0.006 0.075 0)
(0.012 0.075 0)
(0.018 0.075 0)
(0.024 0.075 0)
(0.03 0.075 0)
(0.036 0.075 0)
(0.042 0.075 0)
(0.048 0.075 0)
(0.054 0.075 0)
(0.06 0.075 0)
(0.066 0.075 0)
(0.072 0.075 0)
(0.078 0.075 0)
(0.084 0.075 0)
(0.09 0.075 0)
(0.096 0.075 0)
(0.102 0.075 0)
(0.108 0.075 0)
(0.114 0.075 0)
(0.12 0.075 0)
(0.126 0.075 0)
(0.132 0.075 0)
(0.138 0.075 0)
(0.144 0.075 0)
(0.15 0.075 0)
(0.156 0.075 0)
(0.162 0.075 0)
(0.168 0.075 0)
(0.174 0.075 0)
(0.18 0.075 0)
(0.186 0.075 0)
(0.192 0.075 0)
(0.198 0.075 0)
(0.204 0.075 0)
(0.21 0.075 0)
(0.216 0.075 0)
(0.222 0.075 0)
(0.228 0.075 0)
(0.234 0.075 0)
(0.24 0.075 0)
(0.246 0.075 0)
(0.252 0.075 0)
(0.258 0.075 0)
(0.264 0.075 0)
(0.27 0.075 0)
(0.276 0.075 0)
(0.282 0.075 0)
(0.288 0.075 0)
(0.294 0.075 0)
(0.3 0.075 0)
(0.306 0.075 0)
(0.312 0.075 0)
(0.318 0.075 0)
(0.324 0.075 0)
(0.33 0.075 0)
(0.336 0.075 0)
(0.342 0.075 0)
(0.348 0.075 0)
(0.354 0.075 0)
(0.36 0.075 0)
(0 0.08 0)
(0.006 0.08 0)
(0.012 0.08 0)
(0.018 0.08 0)
(0.024 0.08 0)
(0.03 0.08 0)
(0.036 0.08 0)
(0.042 0.08 0)
(0.048 0.08 0)
(0.054 0.08 0)
(0.06 0.08 0)
(0.066 0.08 0)
(0.072 0.08 0)
(0.078 0.08 0)
(0.084 0.08 0)
(0.09 0.08 0)
(0.096 0.08 0)
(0.102 0.08 0)
(0.108 0.08 0)
(0.114 0.08 0)
(0.12 0.08 0)
(0.126 0.08 0)
(0.132 0.08 0)
(0.138 0.08 0)
(0.144 0.08 0)
(0.15 0.08 0)
(0.156 0.08 0)
(0.162 0.08 0)
(0.168 0.08 0)
(0.174 0.08 0)
(0.18 0.08 0)
(0.186 0.08 0)
(0.192 0.08 0)
(0.198 0.08 0)
(0.204 0.08 0)
(0.21 0.08 0)
(0.216 0.08 0)
(0.222 0.08 0)
(0.228 0.08 0)
(0.234 0.08 0)
(0.24 0.08 0)
(0.246 0.08 0)
(0.252 0.08 0)
(0.258 0.08 0)
(0.264 0.08 0)
(0.27 0.08 0)
(0.276 0.08 0)
(0.282 0.08 0)
(0.288 0.08 0)
(0.294 0.08 0)
(0.3 0.08 0)
(0.306 0.08 0)
(0.312 0.08 0)
(0.318 0.08 0)
(0.324 0.08 0)
(0.33 0.08 0)
(0.336 0.08 0)
(0.342 0.08 0)
(0.348 0.08 0)
(0.354 0.08 0)
(0.36 0.08 0)
(0 0.085 0)
(0.006 0.085 0)
(0.012 0.085 0)
(0.018 0.085 0)
(0.024 0.085 0)
(0.03 0.085 0)
(0.036 0.085 0)
(0.042 0.085 0)
(0.048 0.085 0)
(0.054 0.085 0)
(0.06 0.085 0)
(0.066 0.085 0)
(0.072 0.085 0)
(0.078 0.085 0)
(0.084 0.085 0)
(0.09 0.085 0)
(0.096 0.085 0)
(0.102 0.085 0)
(0.108 0.085 0)
(0.114 0.085 0)
(0.12 0.085 0)
(0.126 0.085 0)
(0.132 0.085 0)
(0.138 0.085 0)
(0.144 0.085 0)
(0.15 0.085 0)
(0.156 0.085 0)
(0.162 0.085 0)
(0.168 0.085 0)
(0.174 0.085 0)
(0.18 0.085 0)
(0.186 0.085 0)
(0.192 0.085 0)
(0.198 0.085 0)
(0.204 0.085 0)
(0.21 0.085 0)
(0.216 0.085 0)
(0.222 0.085 0)
(0.228 0.085 0)
(0.234 0.085 0)
(0.24 0.085 0)
(0.246 0.085 0)
(0.252 0.085 0)
(0.258 0.085 0)
(0.264 0.085 0)
(0.27 0.085 0)
(0.276 0.085 0)
(0.282 0.085 0)
(0.288 0.085 0)
(0.294 0.085 0)
(0.3 0.085 0)
(0.306 0.085 0)
(0.312 0.085 0)
(0.318 0.085 0)
(0.324 0.085 0)
(0.33 0.085 0)
(0.336 0.085 0)
(0.342 0.085 0)
(0.348 0.085 0)
(0.354 0.085 0)
(0.36 0.085 0)
(0 0.09 0)
(0.006 0.09 0)
(0.012 0.09 0)
(0.018 0.09 0)
(0.024 0.09 0)
(0.03 0.09 0)
(0.036 0.09 0)
(0.042 0.09 0)
(0.048 0.09 0)
(0.054 0.09 0)
(0.06 0.09 0)
(0.066 0.09 0)
(0.072 0.09 0)
(0.078 0.09 0)
(0.084 0.09 0)
(0.09 0.09 0)
(0.096 0.09 0)
(0.102 0.09 0)
(0.108 0.09 0)
(0.114 0.09 0)
(0.12 0.09 0)
(0.126 0.09 0)
(0.132 0.09 0)
(0.138 0.09 0)
(0.144 0.09 0)
(0.15 0.09 0)
(0.156 0.09 0)
(0.162 0.09 0)
(0.168 0.09 0)
(0.174 0.09 0)
(0.18 0.09 0)
(0.186 0.09 0)
(0.192 0.09 0)
(0.198 0.09 0)
(0.204 0.09 0)
(0.21 0.09 0)
(0.216 0.09 0)
(0.222 0.09 0)
(0.228 0.09 0)
(0.234 0.09 0)
(0.24 0.09 0)
(0.246 0.09 0)
(0.252 0.09 0)
(0.258 0.09 0)
(0.264 0.09 0)
(0.27 0.09 0)
(0.276 0.09 0)
(0.282 0.09 0)
(0.288 0.09 0)
(0.294 0.09 0)
(0.3 0.09 0)
(0.306 0.09 0)
(0.312 0.09 0)
(0.318 0.09 0)
(0.324 0.09 0)
(0.33 0.09 0)
(0.336 0.09 0)
(0.342 0.09 0)
(0.348 0.09 0)
(0.354 0.09 0)
(0.36 0.09 0)
(0 0.095 0)
(0.006 0.095 0)
(0.012 0.095 0)
(0.018 0.095 0)
(0.024 0.095 0)
(0.03 0.095 0)
(0.036 0.095 0)
(0.042 0.095 0)
(0.048 0.095 0)
(0.054 0.095 0)
(0.06 0.095 0)
(0.066 0.095 0)
(0.072 0.095 0)
(0.078 0.095 0)
(0.084 0.095 0)
(0.09 0.095 0)
(0.096 0.095 0)
(0.102 0.095 0)
(0.108 0.095 0)
(0.114 0.095 0)
(0.12 0.095 0)
(0.126 0.095 0)
(0.132 0.095 0)
(0.138 0.095 0)
(0.144 0.095 0)
(0.15 0.095 0)
(0.156 0.095 0)
(0.162 0.095 0)
(0.168 0.095 0)
(0.174 0.095 0)
(0.18 0.095 0)
(0.186 0.095 0)
(0.192 0.095 0)
(0.198 0.095 0)
(0.204 0.095 0)
(0.21 0.095 0)
(0.216 0.095 0)
(0.222 0.095 0)
(0.228 0.095 0)
(0.234 0.095 0)
(0.24 0.095 0)
(0.246 0.095 0)
(0.252 0.095 0)
(0.258 0.095 0)
(0.264 0.095 0)
(0.27 0.095 0)
(0.276 0.095 0)
(0.282 0.095 0)
(0.288 0.095 0)
(0.294 0.095 0)
(0.3 0.095 0)
(0.306 0.095 0)
(0.312 0.095 0)
(0.318 0.095 0)
(0.324 0.095 0)
(0.33 0.095 0)
(0.336 0.095 0)
(0.342 0.095 0)
(0.348 0.095 0)
(0.354 0.095 0)
(0.36 0.095 0)
(0 0.1 0)
(0.006 0.1 0)
(0.012 0.1 0)
(0.018 0.1 0)
(0.024 0.1 0)
(0.03 0.1 0)
(0.036 0.1 0)
(0.042 0.1 0)
(0.048 0.1 0)
(0.054 0.1 0)
(0.06 0.1 0)
(0.066 0.1 0)
(0.072 0.1 0)
(0.078 0.1 0)
(0.084 0.1 0)
(0.09 0.1 0)
(0.096 0.1 0)
(0.102 0.1 0)
(0.108 0.1 0)
(0.114 0.1 0)
(0.12 0.1 0)
(0.126 0.1 0)
(0.132 0.1 0)
(0.138 0.1 0)
(0.144 0.1 0)
(0.15 0.1 0)
(0.156 0.1 0)
(0.162 0.1 0)
(0.168 0.1 0)
(0.174 0.1 0)
(0.18 0.1 0)
(0.186 0.1 0)
(0.192 0.1 0)
(0.198 0.1 0)
(0.204 0.1 0)
(0.21 0.1 0)
(0.216 0.1 0)
(0.222 0.1 0)
(0.228 0.1 0)
(0.234 0.1 0)
(0.24 0.1 0)
(0.246 0.1 0)
(0.252 0.1 0)
(0.258 0.1 0)
(0.264 0.1 0)
(0.27 0.1 0)
(0.276 0.1 0)
(0.282 0.1 0)
(0.288 0.1 0)
(0.294 0.1 0)
(0.3 0.1 0)
(0.306 0.1 0)
(0.312 0.1 0)
(0.318 0.1 0)
(0.324 0.1 0)
(0.33 0.1 0)
(0.336 0.1 0)
(0.342 0.1 0)
(0.348 0.1 0)
(0.354 0.1 0)
(0.36 0.1 0)
(0 0.105 0)
(0.006 0.105 0)
(0.012 0.105 0)
(0.018 0.105 0)
(0.024 0.105 0)
(0.03 0.105 0)
(0.036 0.105 0)
(0.042 0.105 0)
(0.048 0.105 0)
(0.054 0.105 0)
(0.06 0.105 0)
(0.066 0.105 0)
(0.072 0.105 0)
(0.078 0.105 0)
(0.084 0.105 0)
(0.09 0.105 0)
(0.096 0.105 0)
(0.102 0.105 0)
(0.108 0.105 0)
(0.114 0.105 0)
(0.12 0.105 0)
(0.126 0.105 0)
(0.132 0.105 0)
(0.138 0.105 0)
(0.144 0.105 0)
(0.15 0.105 0)
(0.156 0.105 0)
(0.162 0.105 0)
(0.168 0.105 0)
(0.174 0.105 0)
(0.18 0.105 0)
(0.186 0.105 0)
(0.192 0.105 0)
(0.198 0.105 0)
(0.204 0.105 0)
(0.21 0.105 0)
(0.216 0.105 0)
(0.222 0.105 0)
(0.228 0.105 0)
(0.234 0.105 0)
(0.24 0.105 0)
(0.246 0.105 0)
(0.252 0.105 0)
(0.258 0.105 0)
(0.264 0.105 0)
(0.27 0.105 0)
(0.276 0.105 0)
(0.282 0.105 0)
(0.288 0.105 0)
(0.294 0.105 0)
(0.3 0.105 0)
(0.306 0.105 0)
(0.312 0.105 0)
(0.318 0.105 0)
(0.324 0.105 0)
(0.33 0.105 0)
(0.336 0.105 0)
(0.342 0.105 0)
(0.348 0.105 0)
(0.354 0.105 0)
(0.36 0.105 0)
(0 0.11 0)
(0.006 0.11 0)
(0.012 0.11 0)
(0.018 0.11 0)
(0.024 0.11 0)
(0.03 0.11 0)
(0.036 0.11 0)
(0.042 0.11 0)
(0.048 0.11 0)
(0.054 0.11 0)
(0.06 0.11 0)
(0.066 0.11 0)
(0.072 0.11 0)
(0.078 0.11 0)
(0.084 0.11 0)
(0.09 0.11 0)
(0.096 0.11 0)
(0.102 0.11 0)
(0.108 0.11 0)
(0.114 0.11 0)
(0.12 0.11 0)
(0.126 0.11 0)
(0.132 0.11 0)
(0.138 0.11 0)
(0.144 0.11 0)
(0.15 0.11 0)
(0.156 0.11 0)
(0.162 0.11 0)
(0.168 0.11 0)
(0.174 0.11 0)
(0.18 0.11 0)
(0.186 0.11 0)
(0.192 0.11 0)
(0.198 0.11 0)
(0.204 0.11 0)
(0.21 0.11 0)
(0.216 0.11 0)
(0.222 0.11 0)
(0.228 0.11 0)
(0.234 0.11 0)
(0.24 0.11 0)
(0.246 0.11 0)
(0.252 0.11 0)
(0.258 0.11 0)
(0.264 0.11 0)
(0.27 0.11 0)
(0.276 0.11 0)
(0.282 0.11 0)
(0.288 0.11 0)
(0.294 0.11 0)
(0.3 0.11 0)
(0.306 0.11 0)
(0.312 0.11 0)
(0.318 0.11 0)
(0.324 0.11 0)
(0.33 0.11 0)
(0.336 0.11 0)
(0.342 0.11 0)
(0.348 0.11 0)
(0.354 0.11 0)
(0.36 0.11 0)
(0 0.115 0)
(0.006 0.115 0)
(0.012 0.115 0)
(0.018 0.115 0)
(0.024 0.115 0)
(0.03 0.115 0)
(0.036 0.115 0)
(0.042 0.115 0)
(0.048 0.115 0)
(0.054 0.115 0)
(0.06 0.115 0)
(0.066 0.115 0)
(0.072 0.115 0)
(0.078 0.115 0)
(0.084 0.115 0)
(0.09 0.115 0)
(0.096 0.115 0)
(0.102 0.115 0)
(0.108 0.115 0)
(0.114 0.115 0)
(0.12 0.115 0)
(0.126 0.115 0)
(0.132 0.115 0)
(0.138 0.115 0)
(0.144 0.115 0)
(0.15 0.115 0)
(0.156 0.115 0)
(0.162 0.115 0)
(0.168 0.115 0)
(0.174 0.115 0)
(0.18 0.115 0)
(0.186 0.115 0)
(0.192 0.115 0)
(0.198 0.115 0)
(0.204 0.115 0)
(0.21 0.115 0)
(0.216 0.115 0)
(0.222 0.115 0)
(0.228 0.115 0)
(0.234 0.115 0)
(0.24 0.115 0)
(0.246 0.115 0)
(0.252 0.115 0)
(0.258 0.115 0)
(0.264 0.115 0)
(0.27 0.115 0)
(0.276 0.115 0)
(0.282 0.115 0)
(0.288 0.115 0)
(0.294 0.115 0)
(0.3 0.115 0)
(0.306 0.115 0)
(0.312 0.115 0)
(0.318 0.115 0)
(0.324 0.115 0)
(0.33 0.115 0)
(0.336 0.115 0)
(0.342 0.115 0)
(0.348 0.115 0)
(0.354 0.115 0)
(0.36 0.115 0)
(0 0.12 0)
(0.006 0.12 0)
(0.012 0.12 0)
(0.018 0.12 0)
(0.024 0.12 0)
(0.03 0.12 0)
(0.036 0.12 0)
(0.042 0.12 0)
(0.048 0.12 0)
(0.054 0.12 0)
(0.06 0.12 0)
(0.066 0.12 0)
(0.072 0.12 0)
(0.078 0.12 0)
(0.084 0.12 0)
(0.09 0.12 0)
(0.096 0.12 0)
(0.102 0.12 0)
(0.108 0.12 0)
(0.114 0.12 0)
(0.12 0.12 0)
(0.126 0.12 0)
(0.132 0.12 0)
(0.138 0.12 0)
(0.144 0.12 0)
(0.15 0.12 0)
(0.156 0.12 0)
(0.162 0.12 0)
(0.168 0.12 0)
(0.174 0.12 0)
(0.18 0.12 0)
(0.186 0.12 0)
(0.192 0.12 0)
(0.198 0.12 0)
(0.204 0.12 0)
(0.21 0.12 0)
(0.216 0.12 0)
(0.222 0.12 0)
(0.228 0.12 0)
(0.234 0.12 0)
(0.24 0.12 0)
(0.246 0.12 0)
(0.252 0.12 0)
(0.258 0.12 0)
(0.264 0.12 0)
(0.27 0.12 0)
(0.276 0.12 0)
(0.282 0.12 0)
(0.288 0.12 0)
(0.294 0.12 0)
(0.3 0.12 0)
(0.306 0.12 0)
(0.312 0.12 0)
(0.318 0.12 0)
(0.324 0.12 0)
(0.33 0.12 0)
(0.336 0.12 0)
(0.342 0.12 0)
(0.348 0.12 0)
(0.354 0.12 0)
(0.36 0.12 0)
(0 0.125 0)
(0.006 0.125 0)
(0.012 0.125 0)
(0.018 0.125 0)
(0.024 0.125 0)
(0.03 0.125 0)
(0.036 0.125 0)
(0.042 0.125 0)
(0.048 0.125 0)
(0.054 0.125 0)
(0.06 0.125 0)
(0.066 0.125 0)
(0.072 0.125 0)
(0.078 0.125 0)
(0.084 0.125 0)
(0.09 0.125 0)
(0.096 0.125 0)
(0.102 0.125 0)
(0.108 0.125 0)
(0.114 0.125 0)
(0.12 0.125 0)
(0.126 0.125 0)
(0.132 0.125 0)
(0.138 0.125 0)
(0.144 0.125 0)
(0.15 0.125 0)
(0.156 0.125 0)
(0.162 0.125 0)
(0.168 0.125 0)
(0.174 0.125 0)
(0.18 0.125 0)
(0.186 0.125 0)
(0.192 0.125 0)
(0.198 0.125 0)
(0.204 0.125 0)
(0.21 0.125 0)
(0.216 0.125 0)
(0.222 0.125 0)
(0.228 0.125 0)
(0.234 0.125 0)
(0.24 0.125 0)
(0.246 0.125 0)
(0.252 0.125 0)
(0.258 0.125 0)
(0.264 0.125 0)
(0.27 0.125 0)
(0.276 0.125 0)
(0.282 0.125 0)
(0.288 0.125 0)
(0.294 0.125 0)
(0.3 0.125 0)
(0.306 0.125 0)
(0.312 0.125 0)
(0.318 0.125 0)
(0.324 0.125 0)
(0.33 0.125 0)
(0.336 0.125 0)
(0.342 0.125 0)
(0.348 0.125 0)
(0.354 0.125 0)
(0.36 0.125 0)
(0 0.13 0)
(0.006 0.13 0)
(0.012 0.13 0)
(0.018 0.13 0)
(0.024 0.13 0)
(0.03 0.13 0)
(0.036 0.13 0)
(0.042 0.13 0)
(0.048 0.13 0)
(0.054 0.13 0)
(0.06 0.13 0)
(0.066 0.13 0)
(0.072 0.13 0)
(0.078 0.13 0)
(0.084 0.13 0)
(0.09 0.13 0)
(0.096 0.13 0)
(0.102 0.13 0)
(0.108 0.13 0)
(0.114 0.13 0)
(0.12 0.13 0)
(0.126 0.13 0)
(0.132 0.13 0)
(0.138 0.13 0)
(0.144 0.13 0)
(0.15 0.13 0)
(0.156 0.13 0)
(0.162 0.13 0)
(0.168 0.13 0)
(0.174 0.13 0)
(0.18 0.13 0)
(0.186 0.13 0)
(0.192 0.13 0)
(0.198 0.13 0)
(0.204 0.13 0)
(0.21 0.13 0)
(0.216 0.13 0)
(0.222 0.13 0)
(0.228 0.13 0)
(0.234 0.13 0)
(0.24 0.13 0)
(0.246 0.13 0)
(0.252 0.13 0)
(0.258 0.13 0)
(0.264 0.13 0)
(0.27 0.13 0)
(0.276 0.13 0)
(0.282 0.13 0)
(0.288 0.13 0)
(0.294 0.13 0)
(0.3 0.13 0)
(0.306 0.13 0)
(0.312 0.13 0)
(0.318 0.13 0)
(0.324 0.13 0)
(0.33 0.13 0)
(0.336 0.13 0)
(0.342 0.13 0)
(0.348 0.13 0)
(0.354 0.13 0)
(0.36 0.13 0)
(0 0.135 0)
(0.006 0.135 0)
(0.012 0.135 0)
(0.018 0.135 0)
(0.024 0.135 0)
(0.03 0.135 0)
(0.036 0.135 0)
(0.042 0.135 0)
(0.048 0.135 0)
(0.054 0.135 0)
(0.06 0.135 0)
(0.066 0.135 0)
(0.072 0.135 0)
(0.078 0.135 0)
(0.084 0.135 0)
(0.09 0.135 0)
(0.096 0.135 0)
(0.102 0.135 0)
(0.108 0.135 0)
(0.114 0.135 0)
(0.12 0.135 0)
(0.126 0.135 0)
(0.132 0.135 0)
(0.138 0.135 0)
(0.144 0.135 0)
(0.15 0.135 0)
(0.156 0.135 0)
(0.162 0.135 0)
(0.168 0.135 0)
(0.174 0.135 0)
(0.18 0.135 0)
(0.186 0.135 0)
(0.192 0.135 0)
(0.198 0.135 0)
(0.204 0.135 0)
(0.21 0.135 0)
(0.216 0.135 0)
(0.222 0.135 0)
(0.228 0.135 0)
(0.234 0.135 0)
(0.24 0.135 0)
(0.246 0.135 0)
(0.252 0.135 0)
(0.258 0.135 0)
(0.264 0.135 0)
(0.27 0.135 0)
(0.276 0.135 0)
(0.282 0.135 0)
(0.288 0.135 0)
(0.294 0.135 0)
(0.3 0.135 0)
(0.306 0.135 0)
(0.312 0.135 0)
(0.318 0.135 0)
(0.324 0.135 0)
(0.33 0.135 0)
(0.336 0.135 0)
(0.342 0.135 0)
(0.348 0.135 0)
(0.354 0.135 0)
(0.36 0.135 0)
(0 0.14 0)
(0.006 0.14 0)
(0.012 0.14 0)
(0.018 0.14 0)
(0.024 0.14 0)
(0.03 0.14 0)
(0.036 0.14 0)
(0.042 0.14 0)
(0.048 0.14 0)
(0.054 0.14 0)
(0.06 0.14 0)
(0.066 0.14 0)
(0.072 0.14 0)
(0.078 0.14 0)
(0.084 0.14 0)
(0.09 0.14 0)
(0.096 0.14 0)
(0.102 0.14 0)
(0.108 0.14 0)
(0.114 0.14 0)
(0.12 0.14 0)
(0.126 0.14 0)
(0.132 0.14 0)
(0.138 0.14 0)
(0.144 0.14 0)
(0.15 0.14 0)
(0.156 0.14 0)
(0.162 0.14 0)
(0.168 0.14 0)
(0.174 0.14 0)
(0.18 0.14 0)
(0.186 0.14 0)
(0.192 0.14 0)
(0.198 0.14 0)
(0.204 0.14 0)
(0.21 0.14 0)
(0.216 0.14 0)
(0.222 0.14 0)
(0.228 0.14 0)
(0.234 0.14 0)
(0.24 0.14 0)
(0.246 0.14 0)
(0.252 0.14 0)
(0.258 0.14 0)
(0.264 0.14 0)
(0.27 0.14 0)
(0.276 0.14 0)
(0.282 0.14 0)
(0.288 0.14 0)
(0.294 0.14 0)
(0.3 0.14 0)
(0.306 0.14 0)
(0.312 0.14 0)
(0.318 0.14 0)
(0.324 0.14 0)
(0.33 0.14 0)
(0.336 0.14 0)
(0.342 0.14 0)
(0.348 0.14 0)
(0.354 0.14 0)
(0.36 0.14 0)
(0 0.145 0)
(0.006 0.145 0)
(0.012 0.145 0)
(0.018 0.145 0)
(0.024 0.145 0)
(0.03 0.145 0)
(0.036 0.145 0)
(0.042 0.145 0)
(0.048 0.145 0)
(0.054 0.145 0)
(0.06 0.145 0)
(0.066 0.145 0)
(0.072 0.145 0)
(0.078 0.145 0)
(0.084 0.145 0)
(0.09 0.145 0)
(0.096 0.145 0)
(0.102 0.145 0)
(0.108 0.145 0)
(0.114 0.145 0)
(0.12 0.145 0)
(0.126 0.145 0)
(0.132 0.145 0)
(0.138 0.145 0)
(0.144 0.145 0)
(0.15 0.145 0)
(0.156 0.145 0)
(0.162 0.145 0)
(0.168 0.145 0)
(0.174 0.145 0)
(0.18 0.145 0)
(0.186 0.145 0)
(0.192 0.145 0)
(0.198 0.145 0)
(0.204 0.145 0)
(0.21 0.145 0)
(0.216 0.145 0)
(0.222 0.145 0)
(0.228 0.145 0)
(0.234 0.145 0)
(0.24 0.145 0)
(0.246 0.145 0)
(0.252 0.145 0)
(0.258 0.145 0)
(0.264 0.145 0)
(0.27 0.145 0)
(0.276 0.145 0)
(0.282 0.145 0)
(0.288 0.145 0)
(0.294 0.145 0)
(0.3 0.145 0)
(0.306 0.145 0)
(0.312 0.145 0)
(0.318 0.145 0)
(0.324 0.145 0)
(0.33 0.145 0)
(0.336 0.145 0)
(0.342 0.145 0)
(0.348 0.145 0)
(0.354 0.145 0)
(0.36 0.145 0)
(0 0.15 0)
(0.006 0.15 0)
(0.012 0.15 0)
(0.018 0.15 0)
(0.024 0.15 0)
(0.03 0.15 0)
(0.036 0.15 0)
(0.042 0.15 0)
(0.048 0.15 0)
(0.054 0.15 0)
(0.06 0.15 0)
(0.066 0.15 0)
(0.072 0.15 0)
(0.078 0.15 0)
(0.084 0.15 0)
(0.09 0.15 0)
(0.096 0.15 0)
(0.102 0.15 0)
(0.108 0.15 0)
(0.114 0.15 0)
(0.12 0.15 0)
(0.126 0.15 0)
(0.132 0.15 0)
(0.138 0.15 0)
(0.144 0.15 0)
(0.15 0.15 0)
(0.156 0.15 0)
(0.162 0.15 0)
(0.168 0.15 0)
(0.174 0.15 0)
(0.18 0.15 0)
(0.186 0.15 0)
(0.192 0.15 0)
(0.198 0.15 0)
(0.204 0.15 0)
(0.21 0.15 0)
(0.216 0.15 0)
(0.222 0.15 0)
(0.228 0.15 0)
(0.234 0.15 0)
(0.24 0.15 0)
(0.246 0.15 0)
(0.252 0.15 0)
(0.258 0.15 0)
(0.264 0.15 0)
(0.27 0.15 0)
(0.276 0.15 0)
(0.282 0.15 0)
(0.288 0.15 0)
(0.294 0.15 0)
(0.3 0.15 0)
(0.306 0.15 0)
(0.312 0.15 0)
(0.318 0.15 0)
(0.324 0.15 0)
(0.33 0.15 0)
(0.336 0.15 0)
(0.342 0.15 0)
(0.348 0.15 0)
(0.354 0.15 0)
(0.36 0.15 0)
(0 0.155 0)
(0.006 0.155 0)
(0.012 0.155 0)
(0.018 0.155 0)
(0.024 0.155 0)
(0.03 0.155 0)
(0.036 0.155 0)
(0.042 0.155 0)
(0.048 0.155 0)
(0.054 0.155 0)
(0.06 0.155 0)
(0.066 0.155 0)
(0.072 0.155 0)
(0.078 0.155 0)
(0.084 0.155 0)
(0.09 0.155 0)
(0.096 0.155 0)
(0.102 0.155 0)
(0.108 0.155 0)
(0.114 0.155 0)
(0.12 0.155 0)
(0.126 0.155 0)
(0.132 0.155 0)
(0.138 0.155 0)
(0.144 0.155 0)
(0.15 0.155 0)
(0.156 0.155 0)
(0.162 0.155 0)
(0.168 0.155 0)
(0.174 0.155 0)
(0.18 0.155 0)
(0.186 0.155 0)
(0.192 0.155 0)
(0.198 0.155 0)
(0.204 0.155 0)
(0.21 0.155 0)
(0.216 0.155 0)
(0.222 0.155 0)
(0.228 0.155 0)
(0.234 0.155 0)
(0.24 0.155 0)
(0.246 0.155 0)
(0.252 0.155 0)
(0.258 0.155 0)
(0.264 0.155 0)
(0.27 0.155 0)
(0.276 0.155 0)
(0.282 0.155 0)
(0.288 0.155 0)
(0.294 0.155 0)
(0.3 0.155 0)
(0.306 0.155 0)
(0.312 0.155 0)
(0.318 0.155 0)
(0.324 0.155 0)
(0.33 0.155 0)
(0.336 0.155 0)
(0.342 0.155 0)
(0.348 0.155 0)
(0.354 0.155 0)
(0.36 0.155 0)
(0 0.16 0)
(0.006 0.16 0)
(0.012 0.16 0)
(0.018 0.16 0)
(0.024 0.16 0)
(0.03 0.16 0)
(0.036 0.16 0)
(0.042 0.16 0)
(0.048 0.16 0)
(0.054 0.16 0)
(0.06 0.16 0)
(0.066 0.16 0)
(0.072 0.16 0)
(0.078 0.16 0)
(0.084 0.16 0)
(0.09 0.16 0)
(0.096 0.16 0)
(0.102 0.16 0)
(0.108 0.16 0)
(0.114 0.16 0)
(0.12 0.16 0)
(0.126 0.16 0)
(0.132 0.16 0)
(0.138 0.16 0)
(0.144 0.16 0)
(0.15 0.16 0)
(0.156 0.16 0)
(0.162 0.16 0)
(0.168 0.16 0)
(0.174 0.16 0)
(0.18 0.16 0)
(0.186 0.16 0)
(0.192 0.16 0)
(0.198 0.16 0)
(0.204 0.16 0)
(0.21 0.16 0)
(0.216 0.16 0)
(0.222 0.16 0)
(0.228 0.16 0)
(0.234 0.16 0)
(0.24 0.16 0)
(0.246 0.16 0)
(0.252 0.16 0)
(0.258 0.16 0)
(0.264 0.16 0)
(0.27 0.16 0)
(0.276 0.16 0)
(0.282 0.16 0)
(0.288 0.16 0)
(0.294 0.16 0)
(0.3 0.16 0)
(0.306 0.16 0)
(0.312 0.16 0)
(0.318 0.16 0)
(0.324 0.16 0)
(0.33 0.16 0)
(0.336 0.16 0)
(0.342 0.16 0)
(0.348 0.16 0)
(0.354 0.16 0)
(0.36 0.16 0)
(0 0.165 0)
(0.006 0.165 0)
(0.012 0.165 0)
(0.018 0.165 0)
(0.024 0.165 0)
(0.03 0.165 0)
(0.036 0.165 0)
(0.042 0.165 0)
(0.048 0.165 0)
(0.054 0.165 0)
(0.06 0.165 0)
(0.066 0.165 0)
(0.072 0.165 0)
(0.078 0.165 0)
(0.084 0.165 0)
(0.09 0.165 0)
(0.096 0.165 0)
(0.102 0.165 0)
(0.108 0.165 0)
(0.114 0.165 0)
(0.12 0.165 0)
(0.126 0.165 0)
(0.132 0.165 0)
(0.138 0.165 0)
(0.144 0.165 0)
(0.15 0.165 0)
(0.156 0.165 0)
(0.162 0.165 0)
(0.168 0.165 0)
(0.174 0.165 0)
(0.18 0.165 0)
(0.186 0.165 0)
(0.192 0.165 0)
(0.198 0.165 0)
(0.204 0.165 0)
(0.21 0.165 0)
(0.216 0.165 0)
(0.222 0.165 0)
(0.228 0.165 0)
(0.234 0.165 0)
(0.24 0.165 0)
(0.246 0.165 0)
(0.252 0.165 0)
(0.258 0.165 0)
(0.264 0.165 0)
(0.27 0.165 0)
(0.276 0.165 0)
(0.282 0.165 0)
(0.288 0.165 0)
(0.294 0.165 0)
(0.3 0.165 0)
(0.306 0.165 0)
(0.312 0.165 0)
(0.318 0.165 0)
(0.324 0.165 0)
(0.33 0.165 0)
(0.336 0.165 0)
(0.342 0.165 0)
(0.348 0.165 0)
(0.354 0.165 0)
(0.36 0.165 0)
(0 0.17 0)
(0.006 0.17 0)
(0.012 0.17 0)
(0.018 0.17 0)
(0.024 0.17 0)
(0.03 0.17 0)
(0.036 0.17 0)
(0.042 0.17 0)
(0.048 0.17 0)
(0.054 0.17 0)
(0.06 0.17 0)
(0.066 0.17 0)
(0.072 0.17 0)
(0.078 0.17 0)
(0.084 0.17 0)
(0.09 0.17 0)
(0.096 0.17 0)
(0.102 0.17 0)
(0.108 0.17 0)
(0.114 0.17 0)
(0.12 0.17 0)
(0.126 0.17 0)
(0.132 0.17 0)
(0.138 0.17 0)
(0.144 0.17 0)
(0.15 0.17 0)
(0.156 0.17 0)
(0.162 0.17 0)
(0.168 0.17 0)
(0.174 0.17 0)
(0.18 0.17 0)
(0.186 0.17 0)
(0.192 0.17 0)
(0.198 0.17 0)
(0.204 0.17 0)
(0.21 0.17 0)
(0.216 0.17 0)
(0.222 0.17 0)
(0.228 0.17 0)
(0.234 0.17 0)
(0.24 0.17 0)
(0.246 0.17 0)
(0.252 0.17 0)
(0.258 0.17 0)
(0.264 0.17 0)
(0.27 0.17 0)
(0.276 0.17 0)
(0.282 0.17 0)
(0.288 0.17 0)
(0.294 0.17 0)
(0.3 0.17 0)
(0.306 0.17 0)
(0.312 0.17 0)
(0.318 0.17 0)
(0.324 0.17 0)
(0.33 0.17 0)
(0.336 0.17 0)
(0.342 0.17 0)
(0.348 0.17 0)
(0.354 0.17 0)
(0.36 0.17 0)
(0 0.175 0)
(0.006 0.175 0)
(0.012 0.175 0)
(0.018 0.175 0)
(0.024 0.175 0)
(0.03 0.175 0)
(0.036 0.175 0)
(0.042 0.175 0)
(0.048 0.175 0)
(0.054 0.175 0)
(0.06 0.175 0)
(0.066 0.175 0)
(0.072 0.175 0)
(0.078 0.175 0)
(0.084 0.175 0)
(0.09 0.175 0)
(0.096 0.175 0)
(0.102 0.175 0)
(0.108 0.175 0)
(0.114 0.175 0)
(0.12 0.175 0)
(0.126 0.175 0)
(0.132 0.175 0)
(0.138 0.175 0)
(0.144 0.175 0)
(0.15 0.175 0)
(0.156 0.175 0)
(0.162 0.175 0)
(0.168 0.175 0)
(0.174 0.175 0)
(0.18 0.175 0)
(0.186 0.175 0)
(0.192 0.175 0)
(0.198 0.175 0)
(0.204 0.175 0)
(0.21 0.175 0)
(0.216 0.175 0)
(0.222 0.175 0)
(0.228 0.175 0)
(0.234 0.175 0)
(0.24 0.175 0)
(0.246 0.175 0)
(0.252 0.175 0)
(0.258 0.175 0)
(0.264 0.175 0)
(0.27 0.175 0)
(0.276 0.175 0)
(0.282 0.175 0)
(0.288 0.175 0)
(0.294 0.175 0)
(0.3 0.175 0)
(0.306 0.175 0)
(0.312 0.175 0)
(0.318 0.175 0)
(0.324 0.175 0)
(0.33 0.175 0)
(0.336 0.175 0)
(0.342 0.175 0)
(0.348 0.175 0)
(0.354 0.175 0)
(0.36 0.175 0)
(0 0.18 0)
(0.006 0.18 0)
(0.012 0.18 0)
(0.018 0.18 0)
(0.024 0.18 0)
(0.03 0.18 0)
(0.036 0.18 0)
(0.042 0.18 0)
(0.048 0.18 0)
(0.054 0.18 0)
(0.06 0.18 0)
(0.066 0.18 0)
(0.072 0.18 0)
(0.078 0.18 0)
(0.084 0.18 0)
(0.09 0.18 0)
(0.096 0.18 0)
(0.102 0.18 0)
(0.108 0.18 0)
(0.114 0.18 0)
(0.12 0.18 0)
(0.126 0.18 0)
(0.132 0.18 0)
(0.138 0.18 0)
(0.144 0.18 0)
(0.15 0.18 0)
(0.156 0.18 0)
(0.162 0.18 0)
(0.168 0.18 0)
(0.174 0.18 0)
(0.18 0.18 0)
(0.186 0.18 0)
(0.192 0.18 0)
(0.198 0.18 0)
(0.204 0.18 0)
(0.21 0.18 0)
(0.216 0.18 0)
(0.222 0.18 0)
(0.228 0.18 0)
(0.234 0.18 0)
(0.24 0.18 0)
(0.246 0.18 0)
(0.252 0.18 0)
(0.258 0.18 0)
(0.264 0.18 0)
(0.27 0.18 0)
(0.276 0.18 0)
(0.282 0.18 0)
(0.288 0.18 0)
(0.294 0.18 0)
(0.3 0.18 0)
(0.306 0.18 0)
(0.312 0.18 0)
(0.318 0.18 0)
(0.324 0.18 0)
(0.33 0.18 0)
(0.336 0.18 0)
(0.342 0.18 0)
(0.348 0.18 0)
(0.354 0.18 0)
(0.36 0.18 0)
(0 0.185 0)
(0.006 0.185 0)
(0.012 0.185 0)
(0.018 0.185 0)
(0.024 0.185 0)
(0.03 0.185 0)
(0.036 0.185 0)
(0.042 0.185 0)
(0.048 0.185 0)
(0.054 0.185 0)
(0.06 0.185 0)
(0.066 0.185 0)
(0.072 0.185 0)
(0.078 0.185 0)
(0.084 0.185 0)
(0.09 0.185 0)
(0.096 0.185 0)
(0.102 0.185 0)
(0.108 0.185 0)
(0.114 0.185 0)
(0.12 0.185 0)
(0.126 0.185 0)
(0.132 0.185 0)
(0.138 0.185 0)
(0.144 0.185 0)
(0.15 0.185 0)
(0.156 0.185 0)
(0.162 0.185 0)
(0.168 0.185 0)
(0.174 0.185 0)
(0.18 0.185 0)
(0.186 0.185 0)
(0.192 0.185 0)
(0.198 0.185 0)
(0.204 0.185 0)
(0.21 0.185 0)
(0.216 0.185 0)
(0.222 0.185 0)
(0.228 0.185 0)
(0.234 0.185 0)
(0.24 0.185 0)
(0.246 0.185 0)
(0.252 0.185 0)
(0.258 0.185 0)
(0.264 0.185 0)
(0.27 0.185 0)
(0.276 0.185 0)
(0.282 0.185 0)
(0.288 0.185 0)
(0.294 0.185 0)
(0.3 0.185 0)
(0.306 0.185 0)
(0.312 0.185 0)
(0.318 0.185 0)
(0.324 0.185 0)
(0.33 0.185 0)
(0.336 0.185 0)
(0.342 0.185 0)
(0.348 0.185 0)
(0.354 0.185 0)
(0.36 0.185 0)
(0 0.19 0)
(0.006 0.19 0)
(0.012 0.19 0)
(0.018 0.19 0)
(0.024 0.19 0)
(0.03 0.19 0)
(0.036 0.19 0)
(0.042 0.19 0)
(0.048 0.19 0)
(0.054 0.19 0)
(0.06 0.19 0)
(0.066 0.19 0)
(0.072 0.19 0)
(0.078 0.19 0)
(0.084 0.19 0)
(0.09 0.19 0)
(0.096 0.19 0)
(0.102 0.19 0)
(0.108 0.19 0)
(0.114 0.19 0)
(0.12 0.19 0)
(0.126 0.19 0)
(0.132 0.19 0)
(0.138 0.19 0)
(0.144 0.19 0)
(0.15 0.19 0)
(0.156 0.19 0)
(0.162 0.19 0)
(0.168 0.19 0)
(0.174 0.19 0)
(0.18 0.19 0)
(0.186 0.19 0)
(0.192 0.19 0)
(0.198 0.19 0)
(0.204 0.19 0)
(0.21 0.19 0)
(0.216 0.19 0)
(0.222 0.19 0)
(0.228 0.19 0)
(0.234 0.19 0)
(0.24 0.19 0)
(0.246 0.19 0)
(0.252 0.19 0)
(0.258 0.19 0)
(0.264 0.19 0)
(0.27 0.19 0)
(0.276 0.19 0)
(0.282 0.19 0)
(0.288 0.19 0)
(0.294 0.19 0)
(0.3 0.19 0)
(0.306 0.19 0)
(0.312 0.19 0)
(0.318 0.19 0)
(0.324 0.19 0)
(0.33 0.19 0)
(0.336 0.19 0)
(0.342 0.19 0)
(0.348 0.19 0)
(0.354 0.19 0)
(0.36 0.19 0)
(0 0.195 0)
(0.006 0.195 0)
(0.012 0.195 0)
(0.018 0.195 0)
(0.024 0.195 0)
(0.03 0.195 0)
(0.036 0.195 0)
(0.042 0.195 0)
(0.048 0.195 0)
(0.054 0.195 0)
(0.06 0.195 0)
(0.066 0.195 0)
(0.072 0.195 0)
(0.078 0.195 0)
(0.084 0.195 0)
(0.09 0.195 0)
(0.096 0.195 0)
(0.102 0.195 0)
(0.108 0.195 0)
(0.114 0.195 0)
(0.12 0.195 0)
(0.126 0.195 0)
(0.132 0.195 0)
(0.138 0.195 0)
(0.144 0.195 0)
(0.15 0.195 0)
(0.156 0.195 0)
(0.162 0.195 0)
(0.168 0.195 0)
(0.174 0.195 0)
(0.18 0.195 0)
(0.186 0.195 0)
(0.192 0.195 0)
(0.198 0.195 0)
(0.204 0.195 0)
(0.21 0.195 0)
(0.216 0.195 0)
(0.222 0.195 0)
(0.228 0.195 0)
(0.234 0.195 0)
(0.24 0.195 0)
(0.246 0.195 0)
(0.252 0.195 0)
(0.258 0.195 0)
(0.264 0.195 0)
(0.27 0.195 0)
(0.276 0.195 0)
(0.282 0.195 0)
(0.288 0.195 0)
(0.294 0.195 0)
(0.3 0.195 0)
(0.306 0.195 0)
(0.312 0.195 0)
(0.318 0.195 0)
(0.324 0.195 0)
(0.33 0.195 0)
(0.336 0.195 0)
(0.342 0.195 0)
(0.348 0.195 0)
(0.354 0.195 0)
(0.36 0.195 0)
(0 0.2 0)
(0.006 0.2 0)
(0.012 0.2 0)
(0.018 0.2 0)
(0.024 0.2 0)
(0.03 0.2 0)
(0.036 0.2 0)
(0.042 0.2 0)
(0.048 0.2 0)
(0.054 0.2 0)
(0.06 0.2 0)
(0.066 0.2 0)
(0.072 0.2 0)
(0.078 0.2 0)
(0.084 0.2 0)
(0.09 0.2 0)
(0.096 0.2 0)
(0.102 0.2 0)
(0.108 0.2 0)
(0.114 0.2 0)
(0.12 0.2 0)
(0.126 0.2 0)
(0.132 0.2 0)
(0.138 0.2 0)
(0.144 0.2 0)
(0.15 0.2 0)
(0.156 0.2 0)
(0.162 0.2 0)
(0.168 0.2 0)
(0.174 0.2 0)
(0.18 0.2 0)
(0.186 0.2 0)
(0.192 0.2 0)
(0.198 0.2 0)
(0.204 0.2 0)
(0.21 0.2 0)
(0.216 0.2 0)
(0.222 0.2 0)
(0.228 0.2 0)
(0.234 0.2 0)
(0.24 0.2 0)
(0.246 0.2 0)
(0.252 0.2 0)
(0.258 0.2 0)
(0.264 0.2 0)
(0.27 0.2 0)
(0.276 0.2 0)
(0.282 0.2 0)
(0.288 0.2 0)
(0.294 0.2 0)
(0.3 0.2 0)
(0.306 0.2 0)
(0.312 0.2 0)
(0.318 0.2 0)
(0.324 0.2 0)
(0.33 0.2 0)
(0.336 0.2 0)
(0.342 0.2 0)
(0.348 0.2 0)
(0.354 0.2 0)
(0.36 0.2 0)
(0 0.205 0)
(0.006 0.205 0)
(0.012 0.205 0)
(0.018 0.205 0)
(0.024 0.205 0)
(0.03 0.205 0)
(0.036 0.205 0)
(0.042 0.205 0)
(0.048 0.205 0)
(0.054 0.205 0)
(0.06 0.205 0)
(0.066 0.205 0)
(0.072 0.205 0)
(0.078 0.205 0)
(0.084 0.205 0)
(0.09 0.205 0)
(0.096 0.205 0)
(0.102 0.205 0)
(0.108 0.205 0)
(0.114 0.205 0)
(0.12 0.205 0)
(0.126 0.205 0)
(0.132 0.205 0)
(0.138 0.205 0)
(0.144 0.205 0)
(0.15 0.205 0)
(0.156 0.205 0)
(0.162 0.205 0)
(0.168 0.205 0)
(0.174 0.205 0)
(0.18 0.205 0)
(0.186 0.205 0)
(0.192 0.205 0)
(0.198 0.205 0)
(0.204 0.205 0)
(0.21 0.205 0)
(0.216 0.205 0)
(0.222 0.205 0)
(0.228 0.205 0)
(0.234 0.205 0)
(0.24 0.205 0)
(0.246 0.205 0)
(0.252 0.205 0)
(0.258 0.205 0)
(0.264 0.205 0)
(0.27 0.205 0)
(0.276 0.205 0)
(0.282 0.205 0)
(0.288 0.205 0)
(0.294 0.205 0)
(0.3 0.205 0)
(0.306 0.205 0)
(0.312 0.205 0)
(0.318 0.205 0)
(0.324 0.205 0)
(0.33 0.205 0)
(0.336 0.205 0)
(0.342 0.205 0)
(0.348 0.205 0)
(0.354 0.205 0)
(0.36 0.205 0)
(0 0.21 0)
(0.006 0.21 0)
(0.012 0.21 0)
(0.018 0.21 0)
(0.024 0.21 0)
(0.03 0.21 0)
(0.036 0.21 0)
(0.042 0.21 0)
(0.048 0.21 0)
(0.054 0.21 0)
(0.06 0.21 0)
(0.066 0.21 0)
(0.072 0.21 0)
(0.078 0.21 0)
(0.084 0.21 0)
(0.09 0.21 0)
(0.096 0.21 0)
(0.102 0.21 0)
(0.108 0.21 0)
(0.114 0.21 0)
(0.12 0.21 0)
(0.126 0.21 0)
(0.132 0.21 0)
(0.138 0.21 0)
(0.144 0.21 0)
(0.15 0.21 0)
(0.156 0.21 0)
(0.162 0.21 0)
(0.168 0.21 0)
(0.174 0.21 0)
(0.18 0.21 0)
(0.186 0.21 0)
(0.192 0.21 0)
(0.198 0.21 0)
(0.204 0.21 0)
(0.21 0.21 0)
(0.216 0.21 0)
(0.222 0.21 0)
(0.228 0.21 0)
(0.234 0.21 0)
(0.24 0.21 0)
(0.246 0.21 0)
(0.252 0.21 0)
(0.258 0.21 0)
(0.264 0.21 0)
(0.27 0.21 0)
(0.276 0.21 0)
(0.282 0.21 0)
(0.288 0.21 0)
(0.294 0.21 0)
(0.3 0.21 0)
(0.306 0.21 0)
(0.312 0.21 0)
(0.318 0.21 0)
(0.324 0.21 0)
(0.33 0.21 0)
(0.336 0.21 0)
(0.342 0.21 0)
(0.348 0.21 0)
(0.354 0.21 0)
(0.36 0.21 0)
(0 0.215 0)
(0.006 0.215 0)
(0.012 0.215 0)
(0.018 0.215 0)
(0.024 0.215 0)
(0.03 0.215 0)
(0.036 0.215 0)
(0.042 0.215 0)
(0.048 0.215 0)
(0.054 0.215 0)
(0.06 0.215 0)
(0.066 0.215 0)
(0.072 0.215 0)
(0.078 0.215 0)
(0.084 0.215 0)
(0.09 0.215 0)
(0.096 0.215 0)
(0.102 0.215 0)
(0.108 0.215 0)
(0.114 0.215 0)
(0.12 0.215 0)
(0.126 0.215 0)
(0.132 0.215 0)
(0.138 0.215 0)
(0.144 0.215 0)
(0.15 0.215 0)
(0.156 0.215 0)
(0.162 0.215 0)
(0.168 0.215 0)
(0.174 0.215 0)
(0.18 0.215 0)
(0.186 0.215 0)
(0.192 0.215 0)
(0.198 0.215 0)
(0.204 0.215 0)
(0.21 0.215 0)
(0.216 0.215 0)
(0.222 0.215 0)
(0.228 0.215 0)
(0.234 0.215 0)
(0.24 0.215 0)
(0.246 0.215 0)
(0.252 0.215 0)
(0.258 0.215 0)
(0.264 0.215 0)
(0.27 0.215 0)
(0.276 0.215 0)
(0.282 0.215 0)
(0.288 0.215 0)
(0.294 0.215 0)
(0.3 0.215 0)
(0.306 0.215 0)
(0.312 0.215 0)
(0.318 0.215 0)
(0.324 0.215 0)
(0.33 0.215 0)
(0.336 0.215 0)
(0.342 0.215 0)
(0.348 0.215 0)
(0.354 0.215 0)
(0.36 0.215 0)
(0 0.22 0)
(0.006 0.22 0)
(0.012 0.22 0)
(0.018 0.22 0)
(0.024 0.22 0)
(0.03 0.22 0)
(0.036 0.22 0)
(0.042 0.22 0)
(0.048 0.22 0)
(0.054 0.22 0)
(0.06 0.22 0)
(0.066 0.22 0)
(0.072 0.22 0)
(0.078 0.22 0)
(0.084 0.22 0)
(0.09 0.22 0)
(0.096 0.22 0)
(0.102 0.22 0)
(0.108 0.22 0)
(0.114 0.22 0)
(0.12 0.22 0)
(0.126 0.22 0)
(0.132 0.22 0)
(0.138 0.22 0)
(0.144 0.22 0)
(0.15 0.22 0)
(0.156 0.22 0)
(0.162 0.22 0)
(0.168 0.22 0)
(0.174 0.22 0)
(0.18 0.22 0)
(0.186 0.22 0)
(0.192 0.22 0)
(0.198 0.22 0)
(0.204 0.22 0)
(0.21 0.22 0)
(0.216 0.22 0)
(0.222 0.22 0)
(0.228 0.22 0)
(0.234 0.22 0)
(0.24 0.22 0)
(0.246 0.22 0)
(0.252 0.22 0)
(0.258 0.22 0)
(0.264 0.22 0)
(0.27 0.22 0)
(0.276 0.22 0)
(0.282 0.22 0)
(0.288 0.22 0)
(0.294 0.22 0)
(0.3 0.22 0)
(0.306 0.22 0)
(0.312 0.22 0)
(0.318 0.22 0)
(0.324 0.22 0)
(0.33 0.22 0)
(0.336 0.22 0)
(0.342 0.22 0)
(0.348 0.22 0)
(0.354 0.22 0)
(0.36 0.22 0)
(0 0.225 0)
(0.006 0.225 0)
(0.012 0.225 0)
(0.018 0.225 0)
(0.024 0.225 0)
(0.03 0.225 0)
(0.036 0.225 0)
(0.042 0.225 0)
(0.048 0.225 0)
(0.054 0.225 0)
(0.06 0.225 0)
(0.066 0.225 0)
(0.072 0.225 0)
(0.078 0.225 0)
(0.084 0.225 0)
(0.09 0.225 0)
(0.096 0.225 0)
(0.102 0.225 0)
(0.108 0.225 0)
(0.114 0.225 0)
(0.12 0.225 0)
(0.126 0.225 0)
(0.132 0.225 0)
(0.138 0.225 0)
(0.144 0.225 0)
(0.15 0.225 0)
(0.156 0.225 0)
(0.162 0.225 0)
(0.168 0.225 0)
(0.174 0.225 0)
(0.18 0.225 0)
(0.186 0.225 0)
(0.192 0.225 0)
(0.198 0.225 0)
(0.204 0.225 0)
(0.21 0.225 0)
(0.216 0.225 0)
(0.222 0.225 0)
(0.228 0.225 0)
(0.234 0.225 0)
(0.24 0.225 0)
(0.246 0.225 0)
(0.252 0.225 0)
(0.258 0.225 0)
(0.264 0.225 0)
(0.27 0.225 0)
(0.276 0.225 0)
(0.282 0.225 0)
(0.288 0.225 0)
(0.294 0.225 0)
(0.3 0.225 0)
(0.306 0.225 0)
(0.312 0.225 0)
(0.318 0.225 0)
(0.324 0.225 0)
(0.33 0.225 0)
(0.336 0.225 0)
(0.342 0.225 0)
(0.348 0.225 0)
(0.354 0.225 0)
(0.36 0.225 0)
(0 0.23 0)
(0.006 0.23 0)
(0.012 0.23 0)
(0.018 0.23 0)
(0.024 0.23 0)
(0.03 0.23 0)
(0.036 0.23 0)
(0.042 0.23 0)
(0.048 0.23 0)
(0.054 0.23 0)
(0.06 0.23 0)
(0.066 0.23 0)
(0.072 0.23 0)
(0.078 0.23 0)
(0.084 0.23 0)
(0.09 0.23 0)
(0.096 0.23 0)
(0.102 0.23 0)
(0.108 0.23 0)
(0.114 0.23 0)
(0.12 0.23 0)
(0.126 0.23 0)
(0.132 0.23 0)
(0.138 0.23 0)
(0.144 0.23 0)
(0.15 0.23 0)
(0.156 0.23 0)
(0.162 0.23 0)
(0.168 0.23 0)
(0.174 0.23 0)
(0.18 0.23 0)
(0.186 0.23 0)
(0.192 0.23 0)
(0.198 0.23 0)
(0.204 0.23 0)
(0.21 0.23 0)
(0.216 0.23 0)
(0.222 0.23 0)
(0.228 0.23 0)
(0.234 0.23 0)
(0.24 0.23 0)
(0.246 0.23 0)
(0.252 0.23 0)
(0.258 0.23 0)
(0.264 0.23 0)
(0.27 0.23 0)
(0.276 0.23 0)
(0.282 0.23 0)
(0.288 0.23 0)
(0.294 0.23 0)
(0.3 0.23 0)
(0.306 0.23 0)
(0.312 0.23 0)
(0.318 0.23 0)
(0.324 0.23 0)
(0.33 0.23 0)
(0.336 0.23 0)
(0.342 0.23 0)
(0.348 0.23 0)
(0.354 0.23 0)
(0.36 0.23 0)
(0 0.235 0)
(0.006 0.235 0)
(0.012 0.235 0)
(0.018 0.235 0)
(0.024 0.235 0)
(0.03 0.235 0)
(0.036 0.235 0)
(0.042 0.235 0)
(0.048 0.235 0)
(0.054 0.235 0)
(0.06 0.235 0)
(0.066 0.235 0)
(0.072 0.235 0)
(0.078 0.235 0)
(0.084 0.235 0)
(0.09 0.235 0)
(0.096 0.235 0)
(0.102 0.235 0)
(0.108 0.235 0)
(0.114 0.235 0)
(0.12 0.235 0)
(0.126 0.235 0)
(0.132 0.235 0)
(0.138 0.235 0)
(0.144 0.235 0)
(0.15 0.235 0)
(0.156 0.235 0)
(0.162 0.235 0)
(0.168 0.235 0)
(0.174 0.235 0)
(0.18 0.235 0)
(0.186 0.235 0)
(0.192 0.235 0)
(0.198 0.235 0)
(0.204 0.235 0)
(0.21 0.235 0)
(0.216 0.235 0)
(0.222 0.235 0)
(0.228 0.235 0)
(0.234 0.235 0)
(0.24 0.235 0)
(0.246 0.235 0)
(0.252 0.235 0)
(0.258 0.235 0)
(0.264 0.235 0)
(0.27 0.235 0)
(0.276 0.235 0)
(0.282 0.235 0)
(0.288 0.235 0)
(0.294 0.235 0)
(0.3 0.235 0)
(0.306 0.235 0)
(0.312 0.235 0)
(0.318 0.235 0)
(0.324 0.235 0)
(0.33 0.235 0)
(0.336 0.235 0)
(0.342 0.235 0)
(0.348 0.235 0)
(0.354 0.235 0)
(0.36 0.235 0)
(0 0.24 0)
(0.006 0.24 0)
(0.012 0.24 0)
(0.018 0.24 0)
(0.024 0.24 0)
(0.03 0.24 0)
(0.036 0.24 0)
(0.042 0.24 0)
(0.048 0.24 0)
(0.054 0.24 0)
(0.06 0.24 0)
(0.066 0.24 0)
(0.072 0.24 0)
(0.078 0.24 0)
(0.084 0.24 0)
(0.09 0.24 0)
(0.096 0.24 0)
(0.102 0.24 0)
(0.108 0.24 0)
(0.114 0.24 0)
(0.12 0.24 0)
(0.126 0.24 0)
(0.132 0.24 0)
(0.138 0.24 0)
(0.144 0.24 0)
(0.15 0.24 0)
(0.156 0.24 0)
(0.162 0.24 0)
(0.168 0.24 0)
(0.174 0.24 0)
(0.18 0.24 0)
(0.186 0.24 0)
(0.192 0.24 0)
(0.198 0.24 0)
(0.204 0.24 0)
(0.21 0.24 0)
(0.216 0.24 0)
(0.222 0.24 0)
(0.228 0.24 0)
(0.234 0.24 0)
(0.24 0.24 0)
(0.246 0.24 0)
(0.252 0.24 0)
(0.258 0.24 0)
(0.264 0.24 0)
(0.27 0.24 0)
(0.276 0.24 0)
(0.282 0.24 0)
(0.288 0.24 0)
(0.294 0.24 0)
(0.3 0.24 0)
(0.306 0.24 0)
(0.312 0.24 0)
(0.318 0.24 0)
(0.324 0.24 0)
(0.33 0.24 0)
(0.336 0.24 0)
(0.342 0.24 0)
(0.348 0.24 0)
(0.354 0.24 0)
(0.36 0.24 0)
(0 0.245 0)
(0.006 0.245 0)
(0.012 0.245 0)
(0.018 0.245 0)
(0.024 0.245 0)
(0.03 0.245 0)
(0.036 0.245 0)
(0.042 0.245 0)
(0.048 0.245 0)
(0.054 0.245 0)
(0.06 0.245 0)
(0.066 0.245 0)
(0.072 0.245 0)
(0.078 0.245 0)
(0.084 0.245 0)
(0.09 0.245 0)
(0.096 0.245 0)
(0.102 0.245 0)
(0.108 0.245 0)
(0.114 0.245 0)
(0.12 0.245 0)
(0.126 0.245 0)
(0.132 0.245 0)
(0.138 0.245 0)
(0.144 0.245 0)
(0.15 0.245 0)
(0.156 0.245 0)
(0.162 0.245 0)
(0.168 0.245 0)
(0.174 0.245 0)
(0.18 0.245 0)
(0.186 0.245 0)
(0.192 0.245 0)
(0.198 0.245 0)
(0.204 0.245 0)
(0.21 0.245 0)
(0.216 0.245 0)
(0.222 0.245 0)
(0.228 0.245 0)
(0.234 0.245 0)
(0.24 0.245 0)
(0.246 0.245 0)
(0.252 0.245 0)
(0.258 0.245 0)
(0.264 0.245 0)
(0.27 0.245 0)
(0.276 0.245 0)
(0.282 0.245 0)
(0.288 0.245 0)
(0.294 0.245 0)
(0.3 0.245 0)
(0.306 0.245 0)
(0.312 0.245 0)
(0.318 0.245 0)
(0.324 0.245 0)
(0.33 0.245 0)
(0.336 0.245 0)
(0.342 0.245 0)
(0.348 0.245 0)
(0.354 0.245 0)
(0.36 0.245 0)
(0 0.25 0)
(0.006 0.25 0)
(0.012 0.25 0)
(0.018 0.25 0)
(0.024 0.25 0)
(0.03 0.25 0)
(0.036 0.25 0)
(0.042 0.25 0)
(0.048 0.25 0)
(0.054 0.25 0)
(0.06 0.25 0)
(0.066 0.25 0)
(0.072 0.25 0)
(0.078 0.25 0)
(0.084 0.25 0)
(0.09 0.25 0)
(0.096 0.25 0)
(0.102 0.25 0)
(0.108 0.25 0)
(0.114 0.25 0)
(0.12 0.25 0)
(0.126 0.25 0)
(0.132 0.25 0)
(0.138 0.25 0)
(0.144 0.25 0)
(0.15 0.25 0)
(0.156 0.25 0)
(0.162 0.25 0)
(0.168 0.25 0)
(0.174 0.25 0)
(0.18 0.25 0)
(0.186 0.25 0)
(0.192 0.25 0)
(0.198 0.25 0)
(0.204 0.25 0)
(0.21 0.25 0)
(0.216 0.25 0)
(0.222 0.25 0)
(0.228 0.25 0)
(0.234 0.25 0)
(0.24 0.25 0)
(0.246 0.25 0)
(0.252 0.25 0)
(0.258 0.25 0)
(0.264 0.25 0)
(0.27 0.25 0)
(0.276 0.25 0)
(0.282 0.25 0)
(0.288 0.25 0)
(0.294 0.25 0)
(0.3 0.25 0)
(0.306 0.25 0)
(0.312 0.25 0)
(0.318 0.25 0)
(0.324 0.25 0)
(0.33 0.25 0)
(0.336 0.25 0)
(0.342 0.25 0)
(0.348 0.25 0)
(0.354 0.25 0)
(0.36 0.25 0)
(0 0.255 0)
(0.006 0.255 0)
(0.012 0.255 0)
(0.018 0.255 0)
(0.024 0.255 0)
(0.03 0.255 0)
(0.036 0.255 0)
(0.042 0.255 0)
(0.048 0.255 0)
(0.054 0.255 0)
(0.06 0.255 0)
(0.066 0.255 0)
(0.072 0.255 0)
(0.078 0.255 0)
(0.084 0.255 0)
(0.09 0.255 0)
(0.096 0.255 0)
(0.102 0.255 0)
(0.108 0.255 0)
(0.114 0.255 0)
(0.12 0.255 0)
(0.126 0.255 0)
(0.132 0.255 0)
(0.138 0.255 0)
(0.144 0.255 0)
(0.15 0.255 0)
(0.156 0.255 0)
(0.162 0.255 0)
(0.168 0.255 0)
(0.174 0.255 0)
(0.18 0.255 0)
(0.186 0.255 0)
(0.192 0.255 0)
(0.198 0.255 0)
(0.204 0.255 0)
(0.21 0.255 0)
(0.216 0.255 0)
(0.222 0.255 0)
(0.228 0.255 0)
(0.234 0.255 0)
(0.24 0.255 0)
(0.246 0.255 0)
(0.252 0.255 0)
(0.258 0.255 0)
(0.264 0.255 0)
(0.27 0.255 0)
(0.276 0.255 0)
(0.282 0.255 0)
(0.288 0.255 0)
(0.294 0.255 0)
(0.3 0.255 0)
(0.306 0.255 0)
(0.312 0.255 0)
(0.318 0.255 0)
(0.324 0.255 0)
(0.33 0.255 0)
(0.336 0.255 0)
(0.342 0.255 0)
(0.348 0.255 0)
(0.354 0.255 0)
(0.36 0.255 0)
(0 0.26 0)
(0.006 0.26 0)
(0.012 0.26 0)
(0.018 0.26 0)
(0.024 0.26 0)
(0.03 0.26 0)
(0.036 0.26 0)
(0.042 0.26 0)
(0.048 0.26 0)
(0.054 0.26 0)
(0.06 0.26 0)
(0.066 0.26 0)
(0.072 0.26 0)
(0.078 0.26 0)
(0.084 0.26 0)
(0.09 0.26 0)
(0.096 0.26 0)
(0.102 0.26 0)
(0.108 0.26 0)
(0.114 0.26 0)
(0.12 0.26 0)
(0.126 0.26 0)
(0.132 0.26 0)
(0.138 0.26 0)
(0.144 0.26 0)
(0.15 0.26 0)
(0.156 0.26 0)
(0.162 0.26 0)
(0.168 0.26 0)
(0.174 0.26 0)
(0.18 0.26 0)
(0.186 0.26 0)
(0.192 0.26 0)
(0.198 0.26 0)
(0.204 0.26 0)
(0.21 0.26 0)
(0.216 0.26 0)
(0.222 0.26 0)
(0.228 0.26 0)
(0.234 0.26 0)
(0.24 0.26 0)
(0.246 0.26 0)
(0.252 0.26 0)
(0.258 0.26 0)
(0.264 0.26 0)
(0.27 0.26 0)
(0.276 0.26 0)
(0.282 0.26 0)
(0.288 0.26 0)
(0.294 0.26 0)
(0.3 0.26 0)
(0.306 0.26 0)
(0.312 0.26 0)
(0.318 0.26 0)
(0.324 0.26 0)
(0.33 0.26 0)
(0.336 0.26 0)
(0.342 0.26 0)
(0.348 0.26 0)
(0.354 0.26 0)
(0.36 0.26 0)
(0 0.265 0)
(0.006 0.265 0)
(0.012 0.265 0)
(0.018 0.265 0)
(0.024 0.265 0)
(0.03 0.265 0)
(0.036 0.265 0)
(0.042 0.265 0)
(0.048 0.265 0)
(0.054 0.265 0)
(0.06 0.265 0)
(0.066 0.265 0)
(0.072 0.265 0)
(0.078 0.265 0)
(0.084 0.265 0)
(0.09 0.265 0)
(0.096 0.265 0)
(0.102 0.265 0)
(0.108 0.265 0)
(0.114 0.265 0)
(0.12 0.265 0)
(0.126 0.265 0)
(0.132 0.265 0)
(0.138 0.265 0)
(0.144 0.265 0)
(0.15 0.265 0)
(0.156 0.265 0)
(0.162 0.265 0)
(0.168 0.265 0)
(0.174 0.265 0)
(0.18 0.265 0)
(0.186 0.265 0)
(0.192 0.265 0)
(0.198 0.265 0)
(0.204 0.265 0)
(0.21 0.265 0)
(0.216 0.265 0)
(0.222 0.265 0)
(0.228 0.265 0)
(0.234 0.265 0)
(0.24 0.265 0)
(0.246 0.265 0)
(0.252 0.265 0)
(0.258 0.265 0)
(0.264 0.265 0)
(0.27 0.265 0)
(0.276 0.265 0)
(0.282 0.265 0)
(0.288 0.265 0)
(0.294 0.265 0)
(0.3 0.265 0)
(0.306 0.265 0)
(0.312 0.265 0)
(0.318 0.265 0)
(0.324 0.265 0)
(0.33 0.265 0)
(0.336 0.265 0)
(0.342 0.265 0)
(0.348 0.265 0)
(0.354 0.265 0)
(0.36 0.265 0)
(0 0.27 0)
(0.006 0.27 0)
(0.012 0.27 0)
(0.018 0.27 0)
(0.024 0.27 0)
(0.03 0.27 0)
(0.036 0.27 0)
(0.042 0.27 0)
(0.048 0.27 0)
(0.054 0.27 0)
(0.06 0.27 0)
(0.066 0.27 0)
(0.072 0.27 0)
(0.078 0.27 0)
(0.084 0.27 0)
(0.09 0.27 0)
(0.096 0.27 0)
(0.102 0.27 0)
(0.108 0.27 0)
(0.114 0.27 0)
(0.12 0.27 0)
(0.126 0.27 0)
(0.132 0.27 0)
(0.138 0.27 0)
(0.144 0.27 0)
(0.15 0.27 0)
(0.156 0.27 0)
(0.162 0.27 0)
(0.168 0.27 0)
(0.174 0.27 0)
(0.18 0.27 0)
(0.186 0.27 0)
(0.192 0.27 0)
(0.198 0.27 0)
(0.204 0.27 0)
(0.21 0.27 0)
(0.216 0.27 0)
(0.222 0.27 0)
(0.228 0.27 0)
(0.234 0.27 0)
(0.24 0.27 0)
(0.246 0.27 0)
(0.252 0.27 0)
(0.258 0.27 0)
(0.264 0.27 0)
(0.27 0.27 0)
(0.276 0.27 0)
(0.282 0.27 0)
(0.288 0.27 0)
(0.294 0.27 0)
(0.3 0.27 0)
(0.306 0.27 0)
(0.312 0.27 0)
(0.318 0.27 0)
(0.324 0.27 0)
(0.33 0.27 0)
(0.336 0.27 0)
(0.342 0.27 0)
(0.348 0.27 0)
(0.354 0.27 0)
(0.36 0.27 0)
(0 0.275 0)
(0.006 0.275 0)
(0.012 0.275 0)
(0.018 0.275 0)
(0.024 0.275 0)
(0.03 0.275 0)
(0.036 0.275 0)
(0.042 0.275 0)
(0.048 0.275 0)
(0.054 0.275 0)
(0.06 0.275 0)
(0.066 0.275 0)
(0.072 0.275 0)
(0.078 0.275 0)
(0.084 0.275 0)
(0.09 0.275 0)
(0.096 0.275 0)
(0.102 0.275 0)
(0.108 0.275 0)
(0.114 0.275 0)
(0.12 0.275 0)
(0.126 0.275 0)
(0.132 0.275 0)
(0.138 0.275 0)
(0.144 0.275 0)
(0.15 0.275 0)
(0.156 0.275 0)
(0.162 0.275 0)
(0.168 0.275 0)
(0.174 0.275 0)
(0.18 0.275 0)
(0.186 0.275 0)
(0.192 0.275 0)
(0.198 0.275 0)
(0.204 0.275 0)
(0.21 0.275 0)
(0.216 0.275 0)
(0.222 0.275 0)
(0.228 0.275 0)
(0.234 0.275 0)
(0.24 0.275 0)
(0.246 0.275 0)
(0.252 0.275 0)
(0.258 0.275 0)
(0.264 0.275 0)
(0.27 0.275 0)
(0.276 0.275 0)
(0.282 0.275 0)
(0.288 0.275 0)
(0.294 0.275 0)
(0.3 0.275 0)
(0.306 0.275 0)
(0.312 0.275 0)
(0.318 0.275 0)
(0.324 0.275 0)
(0.33 0.275 0)
(0.336 0.275 0)
(0.342 0.275 0)
(0.348 0.275 0)
(0.354 0.275 0)
(0.36 0.275 0)
(0 0.28 0)
(0.006 0.28 0)
(0.012 0.28 0)
(0.018 0.28 0)
(0.024 0.28 0)
(0.03 0.28 0)
(0.036 0.28 0)
(0.042 0.28 0)
(0.048 0.28 0)
(0.054 0.28 0)
(0.06 0.28 0)
(0.066 0.28 0)
(0.072 0.28 0)
(0.078 0.28 0)
(0.084 0.28 0)
(0.09 0.28 0)
(0.096 0.28 0)
(0.102 0.28 0)
(0.108 0.28 0)
(0.114 0.28 0)
(0.12 0.28 0)
(0.126 0.28 0)
(0.132 0.28 0)
(0.138 0.28 0)
(0.144 0.28 0)
(0.15 0.28 0)
(0.156 0.28 0)
(0.162 0.28 0)
(0.168 0.28 0)
(0.174 0.28 0)
(0.18 0.28 0)
(0.186 0.28 0)
(0.192 0.28 0)
(0.198 0.28 0)
(0.204 0.28 0)
(0.21 0.28 0)
(0.216 0.28 0)
(0.222 0.28 0)
(0.228 0.28 0)
(0.234 0.28 0)
(0.24 0.28 0)
(0.246 0.28 0)
(0.252 0.28 0)
(0.258 0.28 0)
(0.264 0.28 0)
(0.27 0.28 0)
(0.276 0.28 0)
(0.282 0.28 0)
(0.288 0.28 0)
(0.294 0.28 0)
(0.3 0.28 0)
(0.306 0.28 0)
(0.312 0.28 0)
(0.318 0.28 0)
(0.324 0.28 0)
(0.33 0.28 0)
(0.336 0.28 0)
(0.342 0.28 0)
(0.348 0.28 0)
(0.354 0.28 0)
(0.36 0.28 0)
(0 0.285 0)
(0.006 0.285 0)
(0.012 0.285 0)
(0.018 0.285 0)
(0.024 0.285 0)
(0.03 0.285 0)
(0.036 0.285 0)
(0.042 0.285 0)
(0.048 0.285 0)
(0.054 0.285 0)
(0.06 0.285 0)
(0.066 0.285 0)
(0.072 0.285 0)
(0.078 0.285 0)
(0.084 0.285 0)
(0.09 0.285 0)
(0.096 0.285 0)
(0.102 0.285 0)
(0.108 0.285 0)
(0.114 0.285 0)
(0.12 0.285 0)
(0.126 0.285 0)
(0.132 0.285 0)
(0.138 0.285 0)
(0.144 0.285 0)
(0.15 0.285 0)
(0.156 0.285 0)
(0.162 0.285 0)
(0.168 0.285 0)
(0.174 0.285 0)
(0.18 0.285 0)
(0.186 0.285 0)
(0.192 0.285 0)
(0.198 0.285 0)
(0.204 0.285 0)
(0.21 0.285 0)
(0.216 0.285 0)
(0.222 0.285 0)
(0.228 0.285 0)
(0.234 0.285 0)
(0.24 0.285 0)
(0.246 0.285 0)
(0.252 0.285 0)
(0.258 0.285 0)
(0.264 0.285 0)
(0.27 0.285 0)
(0.276 0.285 0)
(0.282 0.285 0)
(0.288 0.285 0)
(0.294 0.285 0)
(0.3 0.285 0)
(0.306 0.285 0)
(0.312 0.285 0)
(0.318 0.285 0)
(0.324 0.285 0)
(0.33 0.285 0)
(0.336 0.285 0)
(0.342 0.285 0)
(0.348 0.285 0)
(0.354 0.285 0)
(0.36 0.285 0)
(0 0.29 0)
(0.006 0.29 0)
(0.012 0.29 0)
(0.018 0.29 0)
(0.024 0.29 0)
(0.03 0.29 0)
(0.036 0.29 0)
(0.042 0.29 0)
(0.048 0.29 0)
(0.054 0.29 0)
(0.06 0.29 0)
(0.066 0.29 0)
(0.072 0.29 0)
(0.078 0.29 0)
(0.084 0.29 0)
(0.09 0.29 0)
(0.096 0.29 0)
(0.102 0.29 0)
(0.108 0.29 0)
(0.114 0.29 0)
(0.12 0.29 0)
(0.126 0.29 0)
(0.132 0.29 0)
(0.138 0.29 0)
(0.144 0.29 0)
(0.15 0.29 0)
(0.156 0.29 0)
(0.162 0.29 0)
(0.168 0.29 0)
(0.174 0.29 0)
(0.18 0.29 0)
(0.186 0.29 0)
(0.192 0.29 0)
(0.198 0.29 0)
(0.204 0.29 0)
(0.21 0.29 0)
(0.216 0.29 0)
(0.222 0.29 0)
(0.228 0.29 0)
(0.234 0.29 0)
(0.24 0.29 0)
(0.246 0.29 0)
(0.252 0.29 0)
(0.258 0.29 0)
(0.264 0.29 0)
(0.27 0.29 0)
(0.276 0.29 0)
(0.282 0.29 0)
(0.288 0.29 0)
(0.294 0.29 0)
(0.3 0.29 0)
(0.306 0.29 0)
(0.312 0.29 0)
(0.318 0.29 0)
(0.324 0.29 0)
(0.33 0.29 0)
(0.336 0.29 0)
(0.342 0.29 0)
(0.348 0.29 0)
(0.354 0.29 0)
(0.36 0.29 0)
(0 0.295 0)
(0.006 0.295 0)
(0.012 0.295 0)
(0.018 0.295 0)
(0.024 0.295 0)
(0.03 0.295 0)
(0.036 0.295 0)
(0.042 0.295 0)
(0.048 0.295 0)
(0.054 0.295 0)
(0.06 0.295 0)
(0.066 0.295 0)
(0.072 0.295 0)
(0.078 0.295 0)
(0.084 0.295 0)
(0.09 0.295 0)
(0.096 0.295 0)
(0.102 0.295 0)
(0.108 0.295 0)
(0.114 0.295 0)
(0.12 0.295 0)
(0.126 0.295 0)
(0.132 0.295 0)
(0.138 0.295 0)
(0.144 0.295 0)
(0.15 0.295 0)
(0.156 0.295 0)
(0.162 0.295 0)
(0.168 0.295 0)
(0.174 0.295 0)
(0.18 0.295 0)
(0.186 0.295 0)
(0.192 0.295 0)
(0.198 0.295 0)
(0.204 0.295 0)
(0.21 0.295 0)
(0.216 0.295 0)
(0.222 0.295 0)
(0.228 0.295 0)
(0.234 0.295 0)
(0.24 0.295 0)
(0.246 0.295 0)
(0.252 0.295 0)
(0.258 0.295 0)
(0.264 0.295 0)
(0.27 0.295 0)
(0.276 0.295 0)
(0.282 0.295 0)
(0.288 0.295 0)
(0.294 0.295 0)
(0.3 0.295 0)
(0.306 0.295 0)
(0.312 0.295 0)
(0.318 0.295 0)
(0.324 0.295 0)
(0.33 0.295 0)
(0.336 0.295 0)
(0.342 0.295 0)
(0.348 0.295 0)
(0.354 0.295 0)
(0.36 0.295 0)
(0 0.3 0)
(0.006 0.3 0)
(0.012 0.3 0)
(0.018 0.3 0)
(0.024 0.3 0)
(0.03 0.3 0)
(0.036 0.3 0)
(0.042 0.3 0)
(0.048 0.3 0)
(0.054 0.3 0)
(0.06 0.3 0)
(0.066 0.3 0)
(0.072 0.3 0)
(0.078 0.3 0)
(0.084 0.3 0)
(0.09 0.3 0)
(0.096 0.3 0)
(0.102 0.3 0)
(0.108 0.3 0)
(0.114 0.3 0)
(0.12 0.3 0)
(0.126 0.3 0)
(0.132 0.3 0)
(0.138 0.3 0)
(0.144 0.3 0)
(0.15 0.3 0)
(0.156 0.3 0)
(0.162 0.3 0)
(0.168 0.3 0)
(0.174 0.3 0)
(0.18 0.3 0)
(0.186 0.3 0)
(0.192 0.3 0)
(0.198 0.3 0)
(0.204 0.3 0)
(0.21 0.3 0)
(0.216 0.3 0)
(0.222 0.3 0)
(0.228 0.3 0)
(0.234 0.3 0)
(0.24 0.3 0)
(0.246 0.3 0)
(0.252 0.3 0)
(0.258 0.3 0)
(0.264 0.3 0)
(0.27 0.3 0)
(0.276 0.3 0)
(0.282 0.3 0)
(0.288 0.3 0)
(0.294 0.3 0)
(0.3 0.3 0)
(0.306 0.3 0)
(0.312 0.3 0)
(0.318 0.3 0)
(0.324 0.3 0)
(0.33 0.3 0)
(0.336 0.3 0)
(0.342 0.3 0)
(0.348 0.3 0)
(0.354 0.3 0)
(0.36 0.3 0)
(0 0.305 0)
(0.006 0.305 0)
(0.012 0.305 0)
(0.018 0.305 0)
(0.024 0.305 0)
(0.03 0.305 0)
(0.036 0.305 0)
(0.042 0.305 0)
(0.048 0.305 0)
(0.054 0.305 0)
(0.06 0.305 0)
(0.066 0.305 0)
(0.072 0.305 0)
(0.078 0.305 0)
(0.084 0.305 0)
(0.09 0.305 0)
(0.096 0.305 0)
(0.102 0.305 0)
(0.108 0.305 0)
(0.114 0.305 0)
(0.12 0.305 0)
(0.126 0.305 0)
(0.132 0.305 0)
(0.138 0.305 0)
(0.144 0.305 0)
(0.15 0.305 0)
(0.156 0.305 0)
(0.162 0.305 0)
(0.168 0.305 0)
(0.174 0.305 0)
(0.18 0.305 0)
(0.186 0.305 0)
(0.192 0.305 0)
(0.198 0.305 0)
(0.204 0.305 0)
(0.21 0.305 0)
(0.216 0.305 0)
(0.222 0.305 0)
(0.228 0.305 0)
(0.234 0.305 0)
(0.24 0.305 0)
(0.246 0.305 0)
(0.252 0.305 0)
(0.258 0.305 0)
(0.264 0.305 0)
(0.27 0.305 0)
(0.276 0.305 0)
(0.282 0.305 0)
(0.288 0.305 0)
(0.294 0.305 0)
(0.3 0.305 0)
(0.306 0.305 0)
(0.312 0.305 0)
(0.318 0.305 0)
(0.324 0.305 0)
(0.33 0.305 0)
(0.336 0.305 0)
(0.342 0.305 0)
(0.348 0.305 0)
(0.354 0.305 0)
(0.36 0.305 0)
(0 0.31 0)
(0.006 0.31 0)
(0.012 0.31 0)
(0.018 0.31 0)
(0.024 0.31 0)
(0.03 0.31 0)
(0.036 0.31 0)
(0.042 0.31 0)
(0.048 0.31 0)
(0.054 0.31 0)
(0.06 0.31 0)
(0.066 0.31 0)
(0.072 0.31 0)
(0.078 0.31 0)
(0.084 0.31 0)
(0.09 0.31 0)
(0.096 0.31 0)
(0.102 0.31 0)
(0.108 0.31 0)
(0.114 0.31 0)
(0.12 0.31 0)
(0.126 0.31 0)
(0.132 0.31 0)
(0.138 0.31 0)
(0.144 0.31 0)
(0.15 0.31 0)
(0.156 0.31 0)
(0.162 0.31 0)
(0.168 0.31 0)
(0.174 0.31 0)
(0.18 0.31 0)
(0.186 0.31 0)
(0.192 0.31 0)
(0.198 0.31 0)
(0.204 0.31 0)
(0.21 0.31 0)
(0.216 0.31 0)
(0.222 0.31 0)
(0.228 0.31 0)
(0.234 0.31 0)
(0.24 0.31 0)
(0.246 0.31 0)
(0.252 0.31 0)
(0.258 0.31 0)
(0.264 0.31 0)
(0.27 0.31 0)
(0.276 0.31 0)
(0.282 0.31 0)
(0.288 0.31 0)
(0.294 0.31 0)
(0.3 0.31 0)
(0.306 0.31 0)
(0.312 0.31 0)
(0.318 0.31 0)
(0.324 0.31 0)
(0.33 0.31 0)
(0.336 0.31 0)
(0.342 0.31 0)
(0.348 0.31 0)
(0.354 0.31 0)
(0.36 0.31 0)
(0 0.315 0)
(0.006 0.315 0)
(0.012 0.315 0)
(0.018 0.315 0)
(0.024 0.315 0)
(0.03 0.315 0)
(0.036 0.315 0)
(0.042 0.315 0)
(0.048 0.315 0)
(0.054 0.315 0)
(0.06 0.315 0)
(0.066 0.315 0)
(0.072 0.315 0)
(0.078 0.315 0)
(0.084 0.315 0)
(0.09 0.315 0)
(0.096 0.315 0)
(0.102 0.315 0)
(0.108 0.315 0)
(0.114 0.315 0)
(0.12 0.315 0)
(0.126 0.315 0)
(0.132 0.315 0)
(0.138 0.315 0)
(0.144 0.315 0)
(0.15 0.315 0)
(0.156 0.315 0)
(0.162 0.315 0)
(0.168 0.315 0)
(0.174 0.315 0)
(0.18 0.315 0)
(0.186 0.315 0)
(0.192 0.315 0)
(0.198 0.315 0)
(0.204 0.315 0)
(0.21 0.315 0)
(0.216 0.315 0)
(0.222 0.315 0)
(0.228 0.315 0)
(0.234 0.315 0)
(0.24 0.315 0)
(0.246 0.315 0)
(0.252 0.315 0)
(0.258 0.315 0)
(0.264 0.315 0)
(0.27 0.315 0)
(0.276 0.315 0)
(0.282 0.315 0)
(0.288 0.315 0)
(0.294 0.315 0)
(0.3 0.315 0)
(0.306 0.315 0)
(0.312 0.315 0)
(0.318 0.315 0)
(0.324 0.315 0)
(0.33 0.315 0)
(0.336 0.315 0)
(0.342 0.315 0)
(0.348 0.315 0)
(0.354 0.315 0)
(0.36 0.315 0)
(0 0.32 0)
(0.006 0.32 0)
(0.012 0.32 0)
(0.018 0.32 0)
(0.024 0.32 0)
(0.03 0.32 0)
(0.036 0.32 0)
(0.042 0.32 0)
(0.048 0.32 0)
(0.054 0.32 0)
(0.06 0.32 0)
(0.066 0.32 0)
(0.072 0.32 0)
(0.078 0.32 0)
(0.084 0.32 0)
(0.09 0.32 0)
(0.096 0.32 0)
(0.102 0.32 0)
(0.108 0.32 0)
(0.114 0.32 0)
(0.12 0.32 0)
(0.126 0.32 0)
(0.132 0.32 0)
(0.138 0.32 0)
(0.144 0.32 0)
(0.15 0.32 0)
(0.156 0.32 0)
(0.162 0.32 0)
(0.168 0.32 0)
(0.174 0.32 0)
(0.18 0.32 0)
(0.186 0.32 0)
(0.192 0.32 0)
(0.198 0.32 0)
(0.204 0.32 0)
(0.21 0.32 0)
(0.216 0.32 0)
(0.222 0.32 0)
(0.228 0.32 0)
(0.234 0.32 0)
(0.24 0.32 0)
(0.246 0.32 0)
(0.252 0.32 0)
(0.258 0.32 0)
(0.264 0.32 0)
(0.27 0.32 0)
(0.276 0.32 0)
(0.282 0.32 0)
(0.288 0.32 0)
(0.294 0.32 0)
(0.3 0.32 0)
(0.306 0.32 0)
(0.312 0.32 0)
(0.318 0.32 0)
(0.324 0.32 0)
(0.33 0.32 0)
(0.336 0.32 0)
(0.342 0.32 0)
(0.348 0.32 0)
(0.354 0.32 0)
(0.36 0.32 0)
(0 0.325 0)
(0.006 0.325 0)
(0.012 0.325 0)
(0.018 0.325 0)
(0.024 0.325 0)
(0.03 0.325 0)
(0.036 0.325 0)
(0.042 0.325 0)
(0.048 0.325 0)
(0.054 0.325 0)
(0.06 0.325 0)
(0.066 0.325 0)
(0.072 0.325 0)
(0.078 0.325 0)
(0.084 0.325 0)
(0.09 0.325 0)
(0.096 0.325 0)
(0.102 0.325 0)
(0.108 0.325 0)
(0.114 0.325 0)
(0.12 0.325 0)
(0.126 0.325 0)
(0.132 0.325 0)
(0.138 0.325 0)
(0.144 0.325 0)
(0.15 0.325 0)
(0.156 0.325 0)
(0.162 0.325 0)
(0.168 0.325 0)
(0.174 0.325 0)
(0.18 0.325 0)
(0.186 0.325 0)
(0.192 0.325 0)
(0.198 0.325 0)
(0.204 0.325 0)
(0.21 0.325 0)
(0.216 0.325 0)
(0.222 0.325 0)
(0.228 0.325 0)
(0.234 0.325 0)
(0.24 0.325 0)
(0.246 0.325 0)
(0.252 0.325 0)
(0.258 0.325 0)
(0.264 0.325 0)
(0.27 0.325 0)
(0.276 0.325 0)
(0.282 0.325 0)
(0.288 0.325 0)
(0.294 0.325 0)
(0.3 0.325 0)
(0.306 0.325 0)
(0.312 0.325 0)
(0.318 0.325 0)
(0.324 0.325 0)
(0.33 0.325 0)
(0.336 0.325 0)
(0.342 0.325 0)
(0.348 0.325 0)
(0.354 0.325 0)
(0.36 0.325 0)
(0 0.33 0)
(0.006 0.33 0)
(0.012 0.33 0)
(0.018 0.33 0)
(0.024 0.33 0)
(0.03 0.33 0)
(0.036 0.33 0)
(0.042 0.33 0)
(0.048 0.33 0)
(0.054 0.33 0)
(0.06 0.33 0)
(0.066 0.33 0)
(0.072 0.33 0)
(0.078 0.33 0)
(0.084 0.33 0)
(0.09 0.33 0)
(0.096 0.33 0)
(0.102 0.33 0)
(0.108 0.33 0)
(0.114 0.33 0)
(0.12 0.33 0)
(0.126 0.33 0)
(0.132 0.33 0)
(0.138 0.33 0)
(0.144 0.33 0)
(0.15 0.33 0)
(0.156 0.33 0)
(0.162 0.33 0)
(0.168 0.33 0)
(0.174 0.33 0)
(0.18 0.33 0)
(0.186 0.33 0)
(0.192 0.33 0)
(0.198 0.33 0)
(0.204 0.33 0)
(0.21 0.33 0)
(0.216 0.33 0)
(0.222 0.33 0)
(0.228 0.33 0)
(0.234 0.33 0)
(0.24 0.33 0)
(0.246 0.33 0)
(0.252 0.33 0)
(0.258 0.33 0)
(0.264 0.33 0)
(0.27 0.33 0)
(0.276 0.33 0)
(0.282 0.33 0)
(0.288 0.33 0)
(0.294 0.33 0)
(0.3 0.33 0)
(0.306 0.33 0)
(0.312 0.33 0)
(0.318 0.33 0)
(0.324 0.33 0)
(0.33 0.33 0)
(0.336 0.33 0)
(0.342 0.33 0)
(0.348 0.33 0)
(0.354 0.33 0)
(0.36 0.33 0)
(0 0.335 0)
(0.006 0.335 0)
(0.012 0.335 0)
(0.018 0.335 0)
(0.024 0.335 0)
(0.03 0.335 0)
(0.036 0.335 0)
(0.042 0.335 0)
(0.048 0.335 0)
(0.054 0.335 0)
(0.06 0.335 0)
(0.066 0.335 0)
(0.072 0.335 0)
(0.078 0.335 0)
(0.084 0.335 0)
(0.09 0.335 0)
(0.096 0.335 0)
(0.102 0.335 0)
(0.108 0.335 0)
(0.114 0.335 0)
(0.12 0.335 0)
(0.126 0.335 0)
(0.132 0.335 0)
(0.138 0.335 0)
(0.144 0.335 0)
(0.15 0.335 0)
(0.156 0.335 0)
(0.162 0.335 0)
(0.168 0.335 0)
(0.174 0.335 0)
(0.18 0.335 0)
(0.186 0.335 0)
(0.192 0.335 0)
(0.198 0.335 0)
(0.204 0.335 0)
(0.21 0.335 0)
(0.216 0.335 0)
(0.222 0.335 0)
(0.228 0.335 0)
(0.234 0.335 0)
(0.24 0.335 0)
(0.246 0.335 0)
(0.252 0.335 0)
(0.258 0.335 0)
(0.264 0.335 0)
(0.27 0.335 0)
(0.276 0.335 0)
(0.282 0.335 0)
(0.288 0.335 0)
(0.294 0.335 0)
(0.3 0.335 0)
(0.306 0.335 0)
(0.312 0.335 0)
(0.318 0.335 0)
(0.324 0.335 0)
(0.33 0.335 0)
(0.336 0.335 0)
(0.342 0.335 0)
(0.348 0.335 0)
(0.354 0.335 0)
(0.36 0.335 0)
(0 0.34 0)
(0.006 0.34 0)
(0.012 0.34 0)
(0.018 0.34 0)
(0.024 0.34 0)
(0.03 0.34 0)
(0.036 0.34 0)
(0.042 0.34 0)
(0.048 0.34 0)
(0.054 0.34 0)
(0.06 0.34 0)
(0.066 0.34 0)
(0.072 0.34 0)
(0.078 0.34 0)
(0.084 0.34 0)
(0.09 0.34 0)
(0.096 0.34 0)
(0.102 0.34 0)
(0.108 0.34 0)
(0.114 0.34 0)
(0.12 0.34 0)
(0.126 0.34 0)
(0.132 0.34 0)
(0.138 0.34 0)
(0.144 0.34 0)
(0.15 0.34 0)
(0.156 0.34 0)
(0.162 0.34 0)
(0.168 0.34 0)
(0.174 0.34 0)
(0.18 0.34 0)
(0.186 0.34 0)
(0.192 0.34 0)
(0.198 0.34 0)
(0.204 0.34 0)
(0.21 0.34 0)
(0.216 0.34 0)
(0.222 0.34 0)
(0.228 0.34 0)
(0.234 0.34 0)
(0.24 0.34 0)
(0.246 0.34 0)
(0.252 0.34 0)
(0.258 0.34 0)
(0.264 0.34 0)
(0.27 0.34 0)
(0.276 0.34 0)
(0.282 0.34 0)
(0.288 0.34 0)
(0.294 0.34 0)
(0.3 0.34 0)
(0.306 0.34 0)
(0.312 0.34 0)
(0.318 0.34 0)
(0.324 0.34 0)
(0.33 0.34 0)
(0.336 0.34 0)
(0.342 0.34 0)
(0.348 0.34 0)
(0.354 0.34 0)
(0.36 0.34 0)
(0 0.345 0)
(0.006 0.345 0)
(0.012 0.345 0)
(0.018 0.345 0)
(0.024 0.345 0)
(0.03 0.345 0)
(0.036 0.345 0)
(0.042 0.345 0)
(0.048 0.345 0)
(0.054 0.345 0)
(0.06 0.345 0)
(0.066 0.345 0)
(0.072 0.345 0)
(0.078 0.345 0)
(0.084 0.345 0)
(0.09 0.345 0)
(0.096 0.345 0)
(0.102 0.345 0)
(0.108 0.345 0)
(0.114 0.345 0)
(0.12 0.345 0)
(0.126 0.345 0)
(0.132 0.345 0)
(0.138 0.345 0)
(0.144 0.345 0)
(0.15 0.345 0)
(0.156 0.345 0)
(0.162 0.345 0)
(0.168 0.345 0)
(0.174 0.345 0)
(0.18 0.345 0)
(0.186 0.345 0)
(0.192 0.345 0)
(0.198 0.345 0)
(0.204 0.345 0)
(0.21 0.345 0)
(0.216 0.345 0)
(0.222 0.345 0)
(0.228 0.345 0)
(0.234 0.345 0)
(0.24 0.345 0)
(0.246 0.345 0)
(0.252 0.345 0)
(0.258 0.345 0)
(0.264 0.345 0)
(0.27 0.345 0)
(0.276 0.345 0)
(0.282 0.345 0)
(0.288 0.345 0)
(0.294 0.345 0)
(0.3 0.345 0)
(0.306 0.345 0)
(0.312 0.345 0)
(0.318 0.345 0)
(0.324 0.345 0)
(0.33 0.345 0)
(0.336 0.345 0)
(0.342 0.345 0)
(0.348 0.345 0)
(0.354 0.345 0)
(0.36 0.345 0)
(0 0.35 0)
(0.006 0.35 0)
(0.012 0.35 0)
(0.018 0.35 0)
(0.024 0.35 0)
(0.03 0.35 0)
(0.036 0.35 0)
(0.042 0.35 0)
(0.048 0.35 0)
(0.054 0.35 0)
(0.06 0.35 0)
(0.066 0.35 0)
(0.072 0.35 0)
(0.078 0.35 0)
(0.084 0.35 0)
(0.09 0.35 0)
(0.096 0.35 0)
(0.102 0.35 0)
(0.108 0.35 0)
(0.114 0.35 0)
(0.12 0.35 0)
(0.126 0.35 0)
(0.132 0.35 0)
(0.138 0.35 0)
(0.144 0.35 0)
(0.15 0.35 0)
(0.156 0.35 0)
(0.162 0.35 0)
(0.168 0.35 0)
(0.174 0.35 0)
(0.18 0.35 0)
(0.186 0.35 0)
(0.192 0.35 0)
(0.198 0.35 0)
(0.204 0.35 0)
(0.21 0.35 0)
(0.216 0.35 0)
(0.222 0.35 0)
(0.228 0.35 0)
(0.234 0.35 0)
(0.24 0.35 0)
(0.246 0.35 0)
(0.252 0.35 0)
(0.258 0.35 0)
(0.264 0.35 0)
(0.27 0.35 0)
(0.276 0.35 0)
(0.282 0.35 0)
(0.288 0.35 0)
(0.294 0.35 0)
(0.3 0.35 0)
(0.306 0.35 0)
(0.312 0.35 0)
(0.318 0.35 0)
(0.324 0.35 0)
(0.33 0.35 0)
(0.336 0.35 0)
(0.342 0.35 0)
(0.348 0.35 0)
(0.354 0.35 0)
(0.36 0.35 0)
(0 0.355 0)
(0.006 0.355 0)
(0.012 0.355 0)
(0.018 0.355 0)
(0.024 0.355 0)
(0.03 0.355 0)
(0.036 0.355 0)
(0.042 0.355 0)
(0.048 0.355 0)
(0.054 0.355 0)
(0.06 0.355 0)
(0.066 0.355 0)
(0.072 0.355 0)
(0.078 0.355 0)
(0.084 0.355 0)
(0.09 0.355 0)
(0.096 0.355 0)
(0.102 0.355 0)
(0.108 0.355 0)
(0.114 0.355 0)
(0.12 0.355 0)
(0.126 0.355 0)
(0.132 0.355 0)
(0.138 0.355 0)
(0.144 0.355 0)
(0.15 0.355 0)
(0.156 0.355 0)
(0.162 0.355 0)
(0.168 0.355 0)
(0.174 0.355 0)
(0.18 0.355 0)
(0.186 0.355 0)
(0.192 0.355 0)
(0.198 0.355 0)
(0.204 0.355 0)
(0.21 0.355 0)
(0.216 0.355 0)
(0.222 0.355 0)
(0.228 0.355 0)
(0.234 0.355 0)
(0.24 0.355 0)
(0.246 0.355 0)
(0.252 0.355 0)
(0.258 0.355 0)
(0.264 0.355 0)
(0.27 0.355 0)
(0.276 0.355 0)
(0.282 0.355 0)
(0.288 0.355 0)
(0.294 0.355 0)
(0.3 0.355 0)
(0.306 0.355 0)
(0.312 0.355 0)
(0.318 0.355 0)
(0.324 0.355 0)
(0.33 0.355 0)
(0.336 0.355 0)
(0.342 0.355 0)
(0.348 0.355 0)
(0.354 0.355 0)
(0.36 0.355 0)
(0 0.36 0)
(0.006 0.36 0)
(0.012 0.36 0)
(0.018 0.36 0)
(0.024 0.36 0)
(0.03 0.36 0)
(0.036 0.36 0)
(0.042 0.36 0)
(0.048 0.36 0)
(0.054 0.36 0)
(0.06 0.36 0)
(0.066 0.36 0)
(0.072 0.36 0)
(0.078 0.36 0)
(0.084 0.36 0)
(0.09 0.36 0)
(0.096 0.36 0)
(0.102 0.36 0)
(0.108 0.36 0)
(0.114 0.36 0)
(0.12 0.36 0)
(0.126 0.36 0)
(0.132 0.36 0)
(0.138 0.36 0)
(0.144 0.36 0)
(0.15 0.36 0)
(0.156 0.36 0)
(0.162 0.36 0)
(0.168 0.36 0)
(0.174 0.36 0)
(0.18 0.36 0)
(0.186 0.36 0)
(0.192 0.36 0)
(0.198 0.36 0)
(0.204 0.36 0)
(0.21 0.36 0)
(0.216 0.36 0)
(0.222 0.36 0)
(0.228 0.36 0)
(0.234 0.36 0)
(0.24 0.36 0)
(0.246 0.36 0)
(0.252 0.36 0)
(0.258 0.36 0)
(0.264 0.36 0)
(0.27 0.36 0)
(0.276 0.36 0)
(0.282 0.36 0)
(0.288 0.36 0)
(0.294 0.36 0)
(0.3 0.36 0)
(0.306 0.36 0)
(0.312 0.36 0)
(0.318 0.36 0)
(0.324 0.36 0)
(0.33 0.36 0)
(0.336 0.36 0)
(0.342 0.36 0)
(0.348 0.36 0)
(0.354 0.36 0)
(0.36 0.36 0)
(0 0.365 0)
(0.006 0.365 0)
(0.012 0.365 0)
(0.018 0.365 0)
(0.024 0.365 0)
(0.03 0.365 0)
(0.036 0.365 0)
(0.042 0.365 0)
(0.048 0.365 0)
(0.054 0.365 0)
(0.06 0.365 0)
(0.066 0.365 0)
(0.072 0.365 0)
(0.078 0.365 0)
(0.084 0.365 0)
(0.09 0.365 0)
(0.096 0.365 0)
(0.102 0.365 0)
(0.108 0.365 0)
(0.114 0.365 0)
(0.12 0.365 0)
(0.126 0.365 0)
(0.132 0.365 0)
(0.138 0.365 0)
(0.144 0.365 0)
(0.15 0.365 0)
(0.156 0.365 0)
(0.162 0.365 0)
(0.168 0.365 0)
(0.174 0.365 0)
(0.18 0.365 0)
(0.186 0.365 0)
(0.192 0.365 0)
(0.198 0.365 0)
(0.204 0.365 0)
(0.21 0.365 0)
(0.216 0.365 0)
(0.222 0.365 0)
(0.228 0.365 0)
(0.234 0.365 0)
(0.24 0.365 0)
(0.246 0.365 0)
(0.252 0.365 0)
(0.258 0.365 0)
(0.264 0.365 0)
(0.27 0.365 0)
(0.276 0.365 0)
(0.282 0.365 0)
(0.288 0.365 0)
(0.294 0.365 0)
(0.3 0.365 0)
(0.306 0.365 0)
(0.312 0.365 0)
(0.318 0.365 0)
(0.324 0.365 0)
(0.33 0.365 0)
(0.336 0.365 0)
(0.342 0.365 0)
(0.348 0.365 0)
(0.354 0.365 0)
(0.36 0.365 0)
(0 0.37 0)
(0.006 0.37 0)
(0.012 0.37 0)
(0.018 0.37 0)
(0.024 0.37 0)
(0.03 0.37 0)
(0.036 0.37 0)
(0.042 0.37 0)
(0.048 0.37 0)
(0.054 0.37 0)
(0.06 0.37 0)
(0.066 0.37 0)
(0.072 0.37 0)
(0.078 0.37 0)
(0.084 0.37 0)
(0.09 0.37 0)
(0.096 0.37 0)
(0.102 0.37 0)
(0.108 0.37 0)
(0.114 0.37 0)
(0.12 0.37 0)
(0.126 0.37 0)
(0.132 0.37 0)
(0.138 0.37 0)
(0.144 0.37 0)
(0.15 0.37 0)
(0.156 0.37 0)
(0.162 0.37 0)
(0.168 0.37 0)
(0.174 0.37 0)
(0.18 0.37 0)
(0.186 0.37 0)
(0.192 0.37 0)
(0.198 0.37 0)
(0.204 0.37 0)
(0.21 0.37 0)
(0.216 0.37 0)
(0.222 0.37 0)
(0.228 0.37 0)
(0.234 0.37 0)
(0.24 0.37 0)
(0.246 0.37 0)
(0.252 0.37 0)
(0.258 0.37 0)
(0.264 0.37 0)
(0.27 0.37 0)
(0.276 0.37 0)
(0.282 0.37 0)
(0.288 0.37 0)
(0.294 0.37 0)
(0.3 0.37 0)
(0.306 0.37 0)
(0.312 0.37 0)
(0.318 0.37 0)
(0.324 0.37 0)
(0.33 0.37 0)
(0.336 0.37 0)
(0.342 0.37 0)
(0.348 0.37 0)
(0.354 0.37 0)
(0.36 0.37 0)
(0 0.375 0)
(0.006 0.375 0)
(0.012 0.375 0)
(0.018 0.375 0)
(0.024 0.375 0)
(0.03 0.375 0)
(0.036 0.375 0)
(0.042 0.375 0)
(0.048 0.375 0)
(0.054 0.375 0)
(0.06 0.375 0)
(0.066 0.375 0)
(0.072 0.375 0)
(0.078 0.375 0)
(0.084 0.375 0)
(0.09 0.375 0)
(0.096 0.375 0)
(0.102 0.375 0)
(0.108 0.375 0)
(0.114 0.375 0)
(0.12 0.375 0)
(0.126 0.375 0)
(0.132 0.375 0)
(0.138 0.375 0)
(0.144 0.375 0)
(0.15 0.375 0)
(0.156 0.375 0)
(0.162 0.375 0)
(0.168 0.375 0)
(0.174 0.375 0)
(0.18 0.375 0)
(0.186 0.375 0)
(0.192 0.375 0)
(0.198 0.375 0)
(0.204 0.375 0)
(0.21 0.375 0)
(0.216 0.375 0)
(0.222 0.375 0)
(0.228 0.375 0)
(0.234 0.375 0)
(0.24 0.375 0)
(0.246 0.375 0)
(0.252 0.375 0)
(0.258 0.375 0)
(0.264 0.375 0)
(0.27 0.375 0)
(0.276 0.375 0)
(0.282 0.375 0)
(0.288 0.375 0)
(0.294 0.375 0)
(0.3 0.375 0)
(0.306 0.375 0)
(0.312 0.375 0)
(0.318 0.375 0)
(0.324 0.375 0)
(0.33 0.375 0)
(0.336 0.375 0)
(0.342 0.375 0)
(0.348 0.375 0)
(0.354 0.375 0)
(0.36 0.375 0)
(0 0.38 0)
(0.006 0.38 0)
(0.012 0.38 0)
(0.018 0.38 0)
(0.024 0.38 0)
(0.03 0.38 0)
(0.036 0.38 0)
(0.042 0.38 0)
(0.048 0.38 0)
(0.054 0.38 0)
(0.06 0.38 0)
(0.066 0.38 0)
(0.072 0.38 0)
(0.078 0.38 0)
(0.084 0.38 0)
(0.09 0.38 0)
(0.096 0.38 0)
(0.102 0.38 0)
(0.108 0.38 0)
(0.114 0.38 0)
(0.12 0.38 0)
(0.126 0.38 0)
(0.132 0.38 0)
(0.138 0.38 0)
(0.144 0.38 0)
(0.15 0.38 0)
(0.156 0.38 0)
(0.162 0.38 0)
(0.168 0.38 0)
(0.174 0.38 0)
(0.18 0.38 0)
(0.186 0.38 0)
(0.192 0.38 0)
(0.198 0.38 0)
(0.204 0.38 0)
(0.21 0.38 0)
(0.216 0.38 0)
(0.222 0.38 0)
(0.228 0.38 0)
(0.234 0.38 0)
(0.24 0.38 0)
(0.246 0.38 0)
(0.252 0.38 0)
(0.258 0.38 0)
(0.264 0.38 0)
(0.27 0.38 0)
(0.276 0.38 0)
(0.282 0.38 0)
(0.288 0.38 0)
(0.294 0.38 0)
(0.3 0.38 0)
(0.306 0.38 0)
(0.312 0.38 0)
(0.318 0.38 0)
(0.324 0.38 0)
(0.33 0.38 0)
(0.336 0.38 0)
(0.342 0.38 0)
(0.348 0.38 0)
(0.354 0.38 0)
(0.36 0.38 0)
(0 0.385 0)
(0.006 0.385 0)
(0.012 0.385 0)
(0.018 0.385 0)
(0.024 0.385 0)
(0.03 0.385 0)
(0.036 0.385 0)
(0.042 0.385 0)
(0.048 0.385 0)
(0.054 0.385 0)
(0.06 0.385 0)
(0.066 0.385 0)
(0.072 0.385 0)
(0.078 0.385 0)
(0.084 0.385 0)
(0.09 0.385 0)
(0.096 0.385 0)
(0.102 0.385 0)
(0.108 0.385 0)
(0.114 0.385 0)
(0.12 0.385 0)
(0.126 0.385 0)
(0.132 0.385 0)
(0.138 0.385 0)
(0.144 0.385 0)
(0.15 0.385 0)
(0.156 0.385 0)
(0.162 0.385 0)
(0.168 0.385 0)
(0.174 0.385 0)
(0.18 0.385 0)
(0.186 0.385 0)
(0.192 0.385 0)
(0.198 0.385 0)
(0.204 0.385 0)
(0.21 0.385 0)
(0.216 0.385 0)
(0.222 0.385 0)
(0.228 0.385 0)
(0.234 0.385 0)
(0.24 0.385 0)
(0.246 0.385 0)
(0.252 0.385 0)
(0.258 0.385 0)
(0.264 0.385 0)
(0.27 0.385 0)
(0.276 0.385 0)
(0.282 0.385 0)
(0.288 0.385 0)
(0.294 0.385 0)
(0.3 0.385 0)
(0.306 0.385 0)
(0.312 0.385 0)
(0.318 0.385 0)
(0.324 0.385 0)
(0.33 0.385 0)
(0.336 0.385 0)
(0.342 0.385 0)
(0.348 0.385 0)
(0.354 0.385 0)
(0.36 0.385 0)
(0 0.39 0)
(0.006 0.39 0)
(0.012 0.39 0)
(0.018 0.39 0)
(0.024 0.39 0)
(0.03 0.39 0)
(0.036 0.39 0)
(0.042 0.39 0)
(0.048 0.39 0)
(0.054 0.39 0)
(0.06 0.39 0)
(0.066 0.39 0)
(0.072 0.39 0)
(0.078 0.39 0)
(0.084 0.39 0)
(0.09 0.39 0)
(0.096 0.39 0)
(0.102 0.39 0)
(0.108 0.39 0)
(0.114 0.39 0)
(0.12 0.39 0)
(0.126 0.39 0)
(0.132 0.39 0)
(0.138 0.39 0)
(0.144 0.39 0)
(0.15 0.39 0)
(0.156 0.39 0)
(0.162 0.39 0)
(0.168 0.39 0)
(0.174 0.39 0)
(0.18 0.39 0)
(0.186 0.39 0)
(0.192 0.39 0)
(0.198 0.39 0)
(0.204 0.39 0)
(0.21 0.39 0)
(0.216 0.39 0)
(0.222 0.39 0)
(0.228 0.39 0)
(0.234 0.39 0)
(0.24 0.39 0)
(0.246 0.39 0)
(0.252 0.39 0)
(0.258 0.39 0)
(0.264 0.39 0)
(0.27 0.39 0)
(0.276 0.39 0)
(0.282 0.39 0)
(0.288 0.39 0)
(0.294 0.39 0)
(0.3 0.39 0)
(0.306 0.39 0)
(0.312 0.39 0)
(0.318 0.39 0)
(0.324 0.39 0)
(0.33 0.39 0)
(0.336 0.39 0)
(0.342 0.39 0)
(0.348 0.39 0)
(0.354 0.39 0)
(0.36 0.39 0)
(0 0.395 0)
(0.006 0.395 0)
(0.012 0.395 0)
(0.018 0.395 0)
(0.024 0.395 0)
(0.03 0.395 0)
(0.036 0.395 0)
(0.042 0.395 0)
(0.048 0.395 0)
(0.054 0.395 0)
(0.06 0.395 0)
(0.066 0.395 0)
(0.072 0.395 0)
(0.078 0.395 0)
(0.084 0.395 0)
(0.09 0.395 0)
(0.096 0.395 0)
(0.102 0.395 0)
(0.108 0.395 0)
(0.114 0.395 0)
(0.12 0.395 0)
(0.126 0.395 0)
(0.132 0.395 0)
(0.138 0.395 0)
(0.144 0.395 0)
(0.15 0.395 0)
(0.156 0.395 0)
(0.162 0.395 0)
(0.168 0.395 0)
(0.174 0.395 0)
(0.18 0.395 0)
(0.186 0.395 0)
(0.192 0.395 0)
(0.198 0.395 0)
(0.204 0.395 0)
(0.21 0.395 0)
(0.216 0.395 0)
(0.222 0.395 0)
(0.228 0.395 0)
(0.234 0.395 0)
(0.24 0.395 0)
(0.246 0.395 0)
(0.252 0.395 0)
(0.258 0.395 0)
(0.264 0.395 0)
(0.27 0.395 0)
(0.276 0.395 0)
(0.282 0.395 0)
(0.288 0.395 0)
(0.294 0.395 0)
(0.3 0.395 0)
(0.306 0.395 0)
(0.312 0.395 0)
(0.318 0.395 0)
(0.324 0.395 0)
(0.33 0.395 0)
(0.336 0.395 0)
(0.342 0.395 0)
(0.348 0.395 0)
(0.354 0.395 0)
(0.36 0.395 0)
(0 0.4 0)
(0.006 0.4 0)
(0.012 0.4 0)
(0.018 0.4 0)
(0.024 0.4 0)
(0.03 0.4 0)
(0.036 0.4 0)
(0.042 0.4 0)
(0.048 0.4 0)
(0.054 0.4 0)
(0.06 0.4 0)
(0.066 0.4 0)
(0.072 0.4 0)
(0.078 0.4 0)
(0.084 0.4 0)
(0.09 0.4 0)
(0.096 0.4 0)
(0.102 0.4 0)
(0.108 0.4 0)
(0.114 0.4 0)
(0.12 0.4 0)
(0.126 0.4 0)
(0.132 0.4 0)
(0.138 0.4 0)
(0.144 0.4 0)
(0.15 0.4 0)
(0.156 0.4 0)
(0.162 0.4 0)
(0.168 0.4 0)
(0.174 0.4 0)
(0.18 0.4 0)
(0.186 0.4 0)
(0.192 0.4 0)
(0.198 0.4 0)
(0.204 0.4 0)
(0.21 0.4 0)
(0.216 0.4 0)
(0.222 0.4 0)
(0.228 0.4 0)
(0.234 0.4 0)
(0.24 0.4 0)
(0.246 0.4 0)
(0.252 0.4 0)
(0.258 0.4 0)
(0.264 0.4 0)
(0.27 0.4 0)
(0.276 0.4 0)
(0.282 0.4 0)
(0.288 0.4 0)
(0.294 0.4 0)
(0.3 0.4 0)
(0.306 0.4 0)
(0.312 0.4 0)
(0.318 0.4 0)
(0.324 0.4 0)
(0.33 0.4 0)
(0.336 0.4 0)
(0.342 0.4 0)
(0.348 0.4 0)
(0.354 0.4 0)
(0.36 0.4 0)
(0 0.405 0)
(0.006 0.405 0)
(0.012 0.405 0)
(0.018 0.405 0)
(0.024 0.405 0)
(0.03 0.405 0)
(0.036 0.405 0)
(0.042 0.405 0)
(0.048 0.405 0)
(0.054 0.405 0)
(0.06 0.405 0)
(0.066 0.405 0)
(0.072 0.405 0)
(0.078 0.405 0)
(0.084 0.405 0)
(0.09 0.405 0)
(0.096 0.405 0)
(0.102 0.405 0)
(0.108 0.405 0)
(0.114 0.405 0)
(0.12 0.405 0)
(0.126 0.405 0)
(0.132 0.405 0)
(0.138 0.405 0)
(0.144 0.405 0)
(0.15 0.405 0)
(0.156 0.405 0)
(0.162 0.405 0)
(0.168 0.405 0)
(0.174 0.405 0)
(0.18 0.405 0)
(0.186 0.405 0)
(0.192 0.405 0)
(0.198 0.405 0)
(0.204 0.405 0)
(0.21 0.405 0)
(0.216 0.405 0)
(0.222 0.405 0)
(0.228 0.405 0)
(0.234 0.405 0)
(0.24 0.405 0)
(0.246 0.405 0)
(0.252 0.405 0)
(0.258 0.405 0)
(0.264 0.405 0)
(0.27 0.405 0)
(0.276 0.405 0)
(0.282 0.405 0)
(0.288 0.405 0)
(0.294 0.405 0)
(0.3 0.405 0)
(0.306 0.405 0)
(0.312 0.405 0)
(0.318 0.405 0)
(0.324 0.405 0)
(0.33 0.405 0)
(0.336 0.405 0)
(0.342 0.405 0)
(0.348 0.405 0)
(0.354 0.405 0)
(0.36 0.405 0)
(0 0.41 0)
(0.006 0.41 0)
(0.012 0.41 0)
(0.018 0.41 0)
(0.024 0.41 0)
(0.03 0.41 0)
(0.036 0.41 0)
(0.042 0.41 0)
(0.048 0.41 0)
(0.054 0.41 0)
(0.06 0.41 0)
(0.066 0.41 0)
(0.072 0.41 0)
(0.078 0.41 0)
(0.084 0.41 0)
(0.09 0.41 0)
(0.096 0.41 0)
(0.102 0.41 0)
(0.108 0.41 0)
(0.114 0.41 0)
(0.12 0.41 0)
(0.126 0.41 0)
(0.132 0.41 0)
(0.138 0.41 0)
(0.144 0.41 0)
(0.15 0.41 0)
(0.156 0.41 0)
(0.162 0.41 0)
(0.168 0.41 0)
(0.174 0.41 0)
(0.18 0.41 0)
(0.186 0.41 0)
(0.192 0.41 0)
(0.198 0.41 0)
(0.204 0.41 0)
(0.21 0.41 0)
(0.216 0.41 0)
(0.222 0.41 0)
(0.228 0.41 0)
(0.234 0.41 0)
(0.24 0.41 0)
(0.246 0.41 0)
(0.252 0.41 0)
(0.258 0.41 0)
(0.264 0.41 0)
(0.27 0.41 0)
(0.276 0.41 0)
(0.282 0.41 0)
(0.288 0.41 0)
(0.294 0.41 0)
(0.3 0.41 0)
(0.306 0.41 0)
(0.312 0.41 0)
(0.318 0.41 0)
(0.324 0.41 0)
(0.33 0.41 0)
(0.336 0.41 0)
(0.342 0.41 0)
(0.348 0.41 0)
(0.354 0.41 0)
(0.36 0.41 0)
(0 0.415 0)
(0.006 0.415 0)
(0.012 0.415 0)
(0.018 0.415 0)
(0.024 0.415 0)
(0.03 0.415 0)
(0.036 0.415 0)
(0.042 0.415 0)
(0.048 0.415 0)
(0.054 0.415 0)
(0.06 0.415 0)
(0.066 0.415 0)
(0.072 0.415 0)
(0.078 0.415 0)
(0.084 0.415 0)
(0.09 0.415 0)
(0.096 0.415 0)
(0.102 0.415 0)
(0.108 0.415 0)
(0.114 0.415 0)
(0.12 0.415 0)
(0.126 0.415 0)
(0.132 0.415 0)
(0.138 0.415 0)
(0.144 0.415 0)
(0.15 0.415 0)
(0.156 0.415 0)
(0.162 0.415 0)
(0.168 0.415 0)
(0.174 0.415 0)
(0.18 0.415 0)
(0.186 0.415 0)
(0.192 0.415 0)
(0.198 0.415 0)
(0.204 0.415 0)
(0.21 0.415 0)
(0.216 0.415 0)
(0.222 0.415 0)
(0.228 0.415 0)
(0.234 0.415 0)
(0.24 0.415 0)
(0.246 0.415 0)
(0.252 0.415 0)
(0.258 0.415 0)
(0.264 0.415 0)
(0.27 0.415 0)
(0.276 0.415 0)
(0.282 0.415 0)
(0.288 0.415 0)
(0.294 0.415 0)
(0.3 0.415 0)
(0.306 0.415 0)
(0.312 0.415 0)
(0.318 0.415 0)
(0.324 0.415 0)
(0.33 0.415 0)
(0.336 0.415 0)
(0.342 0.415 0)
(0.348 0.415 0)
(0.354 0.415 0)
(0.36 0.415 0)
(0 0.42 0)
(0.006 0.42 0)
(0.012 0.42 0)
(0.018 0.42 0)
(0.024 0.42 0)
(0.03 0.42 0)
(0.036 0.42 0)
(0.042 0.42 0)
(0.048 0.42 0)
(0.054 0.42 0)
(0.06 0.42 0)
(0.066 0.42 0)
(0.072 0.42 0)
(0.078 0.42 0)
(0.084 0.42 0)
(0.09 0.42 0)
(0.096 0.42 0)
(0.102 0.42 0)
(0.108 0.42 0)
(0.114 0.42 0)
(0.12 0.42 0)
(0.126 0.42 0)
(0.132 0.42 0)
(0.138 0.42 0)
(0.144 0.42 0)
(0.15 0.42 0)
(0.156 0.42 0)
(0.162 0.42 0)
(0.168 0.42 0)
(0.174 0.42 0)
(0.18 0.42 0)
(0.186 0.42 0)
(0.192 0.42 0)
(0.198 0.42 0)
(0.204 0.42 0)
(0.21 0.42 0)
(0.216 0.42 0)
(0.222 0.42 0)
(0.228 0.42 0)
(0.234 0.42 0)
(0.24 0.42 0)
(0.246 0.42 0)
(0.252 0.42 0)
(0.258 0.42 0)
(0.264 0.42 0)
(0.27 0.42 0)
(0.276 0.42 0)
(0.282 0.42 0)
(0.288 0.42 0)
(0.294 0.42 0)
(0.3 0.42 0)
(0.306 0.42 0)
(0.312 0.42 0)
(0.318 0.42 0)
(0.324 0.42 0)
(0.33 0.42 0)
(0.336 0.42 0)
(0.342 0.42 0)
(0.348 0.42 0)
(0.354 0.42 0)
(0.36 0.42 0)
(0 0.425 0)
(0.006 0.425 0)
(0.012 0.425 0)
(0.018 0.425 0)
(0.024 0.425 0)
(0.03 0.425 0)
(0.036 0.425 0)
(0.042 0.425 0)
(0.048 0.425 0)
(0.054 0.425 0)
(0.06 0.425 0)
(0.066 0.425 0)
(0.072 0.425 0)
(0.078 0.425 0)
(0.084 0.425 0)
(0.09 0.425 0)
(0.096 0.425 0)
(0.102 0.425 0)
(0.108 0.425 0)
(0.114 0.425 0)
(0.12 0.425 0)
(0.126 0.425 0)
(0.132 0.425 0)
(0.138 0.425 0)
(0.144 0.425 0)
(0.15 0.425 0)
(0.156 0.425 0)
(0.162 0.425 0)
(0.168 0.425 0)
(0.174 0.425 0)
(0.18 0.425 0)
(0.186 0.425 0)
(0.192 0.425 0)
(0.198 0.425 0)
(0.204 0.425 0)
(0.21 0.425 0)
(0.216 0.425 0)
(0.222 0.425 0)
(0.228 0.425 0)
(0.234 0.425 0)
(0.24 0.425 0)
(0.246 0.425 0)
(0.252 0.425 0)
(0.258 0.425 0)
(0.264 0.425 0)
(0.27 0.425 0)
(0.276 0.425 0)
(0.282 0.425 0)
(0.288 0.425 0)
(0.294 0.425 0)
(0.3 0.425 0)
(0.306 0.425 0)
(0.312 0.425 0)
(0.318 0.425 0)
(0.324 0.425 0)
(0.33 0.425 0)
(0.336 0.425 0)
(0.342 0.425 0)
(0.348 0.425 0)
(0.354 0.425 0)
(0.36 0.425 0)
(0 0.43 0)
(0.006 0.43 0)
(0.012 0.43 0)
(0.018 0.43 0)
(0.024 0.43 0)
(0.03 0.43 0)
(0.036 0.43 0)
(0.042 0.43 0)
(0.048 0.43 0)
(0.054 0.43 0)
(0.06 0.43 0)
(0.066 0.43 0)
(0.072 0.43 0)
(0.078 0.43 0)
(0.084 0.43 0)
(0.09 0.43 0)
(0.096 0.43 0)
(0.102 0.43 0)
(0.108 0.43 0)
(0.114 0.43 0)
(0.12 0.43 0)
(0.126 0.43 0)
(0.132 0.43 0)
(0.138 0.43 0)
(0.144 0.43 0)
(0.15 0.43 0)
(0.156 0.43 0)
(0.162 0.43 0)
(0.168 0.43 0)
(0.174 0.43 0)
(0.18 0.43 0)
(0.186 0.43 0)
(0.192 0.43 0)
(0.198 0.43 0)
(0.204 0.43 0)
(0.21 0.43 0)
(0.216 0.43 0)
(0.222 0.43 0)
(0.228 0.43 0)
(0.234 0.43 0)
(0.24 0.43 0)
(0.246 0.43 0)
(0.252 0.43 0)
(0.258 0.43 0)
(0.264 0.43 0)
(0.27 0.43 0)
(0.276 0.43 0)
(0.282 0.43 0)
(0.288 0.43 0)
(0.294 0.43 0)
(0.3 0.43 0)
(0.306 0.43 0)
(0.312 0.43 0)
(0.318 0.43 0)
(0.324 0.43 0)
(0.33 0.43 0)
(0.336 0.43 0)
(0.342 0.43 0)
(0.348 0.43 0)
(0.354 0.43 0)
(0.36 0.43 0)
(0 0.435 0)
(0.006 0.435 0)
(0.012 0.435 0)
(0.018 0.435 0)
(0.024 0.435 0)
(0.03 0.435 0)
(0.036 0.435 0)
(0.042 0.435 0)
(0.048 0.435 0)
(0.054 0.435 0)
(0.06 0.435 0)
(0.066 0.435 0)
(0.072 0.435 0)
(0.078 0.435 0)
(0.084 0.435 0)
(0.09 0.435 0)
(0.096 0.435 0)
(0.102 0.435 0)
(0.108 0.435 0)
(0.114 0.435 0)
(0.12 0.435 0)
(0.126 0.435 0)
(0.132 0.435 0)
(0.138 0.435 0)
(0.144 0.435 0)
(0.15 0.435 0)
(0.156 0.435 0)
(0.162 0.435 0)
(0.168 0.435 0)
(0.174 0.435 0)
(0.18 0.435 0)
(0.186 0.435 0)
(0.192 0.435 0)
(0.198 0.435 0)
(0.204 0.435 0)
(0.21 0.435 0)
(0.216 0.435 0)
(0.222 0.435 0)
(0.228 0.435 0)
(0.234 0.435 0)
(0.24 0.435 0)
(0.246 0.435 0)
(0.252 0.435 0)
(0.258 0.435 0)
(0.264 0.435 0)
(0.27 0.435 0)
(0.276 0.435 0)
(0.282 0.435 0)
(0.288 0.435 0)
(0.294 0.435 0)
(0.3 0.435 0)
(0.306 0.435 0)
(0.312 0.435 0)
(0.318 0.435 0)
(0.324 0.435 0)
(0.33 0.435 0)
(0.336 0.435 0)
(0.342 0.435 0)
(0.348 0.435 0)
(0.354 0.435 0)
(0.36 0.435 0)
(0 0.44 0)
(0.006 0.44 0)
(0.012 0.44 0)
(0.018 0.44 0)
(0.024 0.44 0)
(0.03 0.44 0)
(0.036 0.44 0)
(0.042 0.44 0)
(0.048 0.44 0)
(0.054 0.44 0)
(0.06 0.44 0)
(0.066 0.44 0)
(0.072 0.44 0)
(0.078 0.44 0)
(0.084 0.44 0)
(0.09 0.44 0)
(0.096 0.44 0)
(0.102 0.44 0)
(0.108 0.44 0)
(0.114 0.44 0)
(0.12 0.44 0)
(0.126 0.44 0)
(0.132 0.44 0)
(0.138 0.44 0)
(0.144 0.44 0)
(0.15 0.44 0)
(0.156 0.44 0)
(0.162 0.44 0)
(0.168 0.44 0)
(0.174 0.44 0)
(0.18 0.44 0)
(0.186 0.44 0)
(0.192 0.44 0)
(0.198 0.44 0)
(0.204 0.44 0)
(0.21 0.44 0)
(0.216 0.44 0)
(0.222 0.44 0)
(0.228 0.44 0)
(0.234 0.44 0)
(0.24 0.44 0)
(0.246 0.44 0)
(0.252 0.44 0)
(0.258 0.44 0)
(0.264 0.44 0)
(0.27 0.44 0)
(0.276 0.44 0)
(0.282 0.44 0)
(0.288 0.44 0)
(0.294 0.44 0)
(0.3 0.44 0)
(0.306 0.44 0)
(0.312 0.44 0)
(0.318 0.44 0)
(0.324 0.44 0)
(0.33 0.44 0)
(0.336 0.44 0)
(0.342 0.44 0)
(0.348 0.44 0)
(0.354 0.44 0)
(0.36 0.44 0)
(0 0.445 0)
(0.006 0.445 0)
(0.012 0.445 0)
(0.018 0.445 0)
(0.024 0.445 0)
(0.03 0.445 0)
(0.036 0.445 0)
(0.042 0.445 0)
(0.048 0.445 0)
(0.054 0.445 0)
(0.06 0.445 0)
(0.066 0.445 0)
(0.072 0.445 0)
(0.078 0.445 0)
(0.084 0.445 0)
(0.09 0.445 0)
(0.096 0.445 0)
(0.102 0.445 0)
(0.108 0.445 0)
(0.114 0.445 0)
(0.12 0.445 0)
(0.126 0.445 0)
(0.132 0.445 0)
(0.138 0.445 0)
(0.144 0.445 0)
(0.15 0.445 0)
(0.156 0.445 0)
(0.162 0.445 0)
(0.168 0.445 0)
(0.174 0.445 0)
(0.18 0.445 0)
(0.186 0.445 0)
(0.192 0.445 0)
(0.198 0.445 0)
(0.204 0.445 0)
(0.21 0.445 0)
(0.216 0.445 0)
(0.222 0.445 0)
(0.228 0.445 0)
(0.234 0.445 0)
(0.24 0.445 0)
(0.246 0.445 0)
(0.252 0.445 0)
(0.258 0.445 0)
(0.264 0.445 0)
(0.27 0.445 0)
(0.276 0.445 0)
(0.282 0.445 0)
(0.288 0.445 0)
(0.294 0.445 0)
(0.3 0.445 0)
(0.306 0.445 0)
(0.312 0.445 0)
(0.318 0.445 0)
(0.324 0.445 0)
(0.33 0.445 0)
(0.336 0.445 0)
(0.342 0.445 0)
(0.348 0.445 0)
(0.354 0.445 0)
(0.36 0.445 0)
(0 0.45 0)
(0.006 0.45 0)
(0.012 0.45 0)
(0.018 0.45 0)
(0.024 0.45 0)
(0.03 0.45 0)
(0.036 0.45 0)
(0.042 0.45 0)
(0.048 0.45 0)
(0.054 0.45 0)
(0.06 0.45 0)
(0.066 0.45 0)
(0.072 0.45 0)
(0.078 0.45 0)
(0.084 0.45 0)
(0.09 0.45 0)
(0.096 0.45 0)
(0.102 0.45 0)
(0.108 0.45 0)
(0.114 0.45 0)
(0.12 0.45 0)
(0.126 0.45 0)
(0.132 0.45 0)
(0.138 0.45 0)
(0.144 0.45 0)
(0.15 0.45 0)
(0.156 0.45 0)
(0.162 0.45 0)
(0.168 0.45 0)
(0.174 0.45 0)
(0.18 0.45 0)
(0.186 0.45 0)
(0.192 0.45 0)
(0.198 0.45 0)
(0.204 0.45 0)
(0.21 0.45 0)
(0.216 0.45 0)
(0.222 0.45 0)
(0.228 0.45 0)
(0.234 0.45 0)
(0.24 0.45 0)
(0.246 0.45 0)
(0.252 0.45 0)
(0.258 0.45 0)
(0.264 0.45 0)
(0.27 0.45 0)
(0.276 0.45 0)
(0.282 0.45 0)
(0.288 0.45 0)
(0.294 0.45 0)
(0.3 0.45 0)
(0.306 0.45 0)
(0.312 0.45 0)
(0.318 0.45 0)
(0.324 0.45 0)
(0.33 0.45 0)
(0.336 0.45 0)
(0.342 0.45 0)
(0.348 0.45 0)
(0.354 0.45 0)
(0.36 0.45 0)
(0 0.455 0)
(0.006 0.455 0)
(0.012 0.455 0)
(0.018 0.455 0)
(0.024 0.455 0)
(0.03 0.455 0)
(0.036 0.455 0)
(0.042 0.455 0)
(0.048 0.455 0)
(0.054 0.455 0)
(0.06 0.455 0)
(0.066 0.455 0)
(0.072 0.455 0)
(0.078 0.455 0)
(0.084 0.455 0)
(0.09 0.455 0)
(0.096 0.455 0)
(0.102 0.455 0)
(0.108 0.455 0)
(0.114 0.455 0)
(0.12 0.455 0)
(0.126 0.455 0)
(0.132 0.455 0)
(0.138 0.455 0)
(0.144 0.455 0)
(0.15 0.455 0)
(0.156 0.455 0)
(0.162 0.455 0)
(0.168 0.455 0)
(0.174 0.455 0)
(0.18 0.455 0)
(0.186 0.455 0)
(0.192 0.455 0)
(0.198 0.455 0)
(0.204 0.455 0)
(0.21 0.455 0)
(0.216 0.455 0)
(0.222 0.455 0)
(0.228 0.455 0)
(0.234 0.455 0)
(0.24 0.455 0)
(0.246 0.455 0)
(0.252 0.455 0)
(0.258 0.455 0)
(0.264 0.455 0)
(0.27 0.455 0)
(0.276 0.455 0)
(0.282 0.455 0)
(0.288 0.455 0)
(0.294 0.455 0)
(0.3 0.455 0)
(0.306 0.455 0)
(0.312 0.455 0)
(0.318 0.455 0)
(0.324 0.455 0)
(0.33 0.455 0)
(0.336 0.455 0)
(0.342 0.455 0)
(0.348 0.455 0)
(0.354 0.455 0)
(0.36 0.455 0)
(0 0.46 0)
(0.006 0.46 0)
(0.012 0.46 0)
(0.018 0.46 0)
(0.024 0.46 0)
(0.03 0.46 0)
(0.036 0.46 0)
(0.042 0.46 0)
(0.048 0.46 0)
(0.054 0.46 0)
(0.06 0.46 0)
(0.066 0.46 0)
(0.072 0.46 0)
(0.078 0.46 0)
(0.084 0.46 0)
(0.09 0.46 0)
(0.096 0.46 0)
(0.102 0.46 0)
(0.108 0.46 0)
(0.114 0.46 0)
(0.12 0.46 0)
(0.126 0.46 0)
(0.132 0.46 0)
(0.138 0.46 0)
(0.144 0.46 0)
(0.15 0.46 0)
(0.156 0.46 0)
(0.162 0.46 0)
(0.168 0.46 0)
(0.174 0.46 0)
(0.18 0.46 0)
(0.186 0.46 0)
(0.192 0.46 0)
(0.198 0.46 0)
(0.204 0.46 0)
(0.21 0.46 0)
(0.216 0.46 0)
(0.222 0.46 0)
(0.228 0.46 0)
(0.234 0.46 0)
(0.24 0.46 0)
(0.246 0.46 0)
(0.252 0.46 0)
(0.258 0.46 0)
(0.264 0.46 0)
(0.27 0.46 0)
(0.276 0.46 0)
(0.282 0.46 0)
(0.288 0.46 0)
(0.294 0.46 0)
(0.3 0.46 0)
(0.306 0.46 0)
(0.312 0.46 0)
(0.318 0.46 0)
(0.324 0.46 0)
(0.33 0.46 0)
(0.336 0.46 0)
(0.342 0.46 0)
(0.348 0.46 0)
(0.354 0.46 0)
(0.36 0.46 0)
(0 0.465 0)
(0.006 0.465 0)
(0.012 0.465 0)
(0.018 0.465 0)
(0.024 0.465 0)
(0.03 0.465 0)
(0.036 0.465 0)
(0.042 0.465 0)
(0.048 0.465 0)
(0.054 0.465 0)
(0.06 0.465 0)
(0.066 0.465 0)
(0.072 0.465 0)
(0.078 0.465 0)
(0.084 0.465 0)
(0.09 0.465 0)
(0.096 0.465 0)
(0.102 0.465 0)
(0.108 0.465 0)
(0.114 0.465 0)
(0.12 0.465 0)
(0.126 0.465 0)
(0.132 0.465 0)
(0.138 0.465 0)
(0.144 0.465 0)
(0.15 0.465 0)
(0.156 0.465 0)
(0.162 0.465 0)
(0.168 0.465 0)
(0.174 0.465 0)
(0.18 0.465 0)
(0.186 0.465 0)
(0.192 0.465 0)
(0.198 0.465 0)
(0.204 0.465 0)
(0.21 0.465 0)
(0.216 0.465 0)
(0.222 0.465 0)
(0.228 0.465 0)
(0.234 0.465 0)
(0.24 0.465 0)
(0.246 0.465 0)
(0.252 0.465 0)
(0.258 0.465 0)
(0.264 0.465 0)
(0.27 0.465 0)
(0.276 0.465 0)
(0.282 0.465 0)
(0.288 0.465 0)
(0.294 0.465 0)
(0.3 0.465 0)
(0.306 0.465 0)
(0.312 0.465 0)
(0.318 0.465 0)
(0.324 0.465 0)
(0.33 0.465 0)
(0.336 0.465 0)
(0.342 0.465 0)
(0.348 0.465 0)
(0.354 0.465 0)
(0.36 0.465 0)
(0 0.47 0)
(0.006 0.47 0)
(0.012 0.47 0)
(0.018 0.47 0)
(0.024 0.47 0)
(0.03 0.47 0)
(0.036 0.47 0)
(0.042 0.47 0)
(0.048 0.47 0)
(0.054 0.47 0)
(0.06 0.47 0)
(0.066 0.47 0)
(0.072 0.47 0)
(0.078 0.47 0)
(0.084 0.47 0)
(0.09 0.47 0)
(0.096 0.47 0)
(0.102 0.47 0)
(0.108 0.47 0)
(0.114 0.47 0)
(0.12 0.47 0)
(0.126 0.47 0)
(0.132 0.47 0)
(0.138 0.47 0)
(0.144 0.47 0)
(0.15 0.47 0)
(0.156 0.47 0)
(0.162 0.47 0)
(0.168 0.47 0)
(0.174 0.47 0)
(0.18 0.47 0)
(0.186 0.47 0)
(0.192 0.47 0)
(0.198 0.47 0)
(0.204 0.47 0)
(0.21 0.47 0)
(0.216 0.47 0)
(0.222 0.47 0)
(0.228 0.47 0)
(0.234 0.47 0)
(0.24 0.47 0)
(0.246 0.47 0)
(0.252 0.47 0)
(0.258 0.47 0)
(0.264 0.47 0)
(0.27 0.47 0)
(0.276 0.47 0)
(0.282 0.47 0)
(0.288 0.47 0)
(0.294 0.47 0)
(0.3 0.47 0)
(0.306 0.47 0)
(0.312 0.47 0)
(0.318 0.47 0)
(0.324 0.47 0)
(0.33 0.47 0)
(0.336 0.47 0)
(0.342 0.47 0)
(0.348 0.47 0)
(0.354 0.47 0)
(0.36 0.47 0)
(0 0.475 0)
(0.006 0.475 0)
(0.012 0.475 0)
(0.018 0.475 0)
(0.024 0.475 0)
(0.03 0.475 0)
(0.036 0.475 0)
(0.042 0.475 0)
(0.048 0.475 0)
(0.054 0.475 0)
(0.06 0.475 0)
(0.066 0.475 0)
(0.072 0.475 0)
(0.078 0.475 0)
(0.084 0.475 0)
(0.09 0.475 0)
(0.096 0.475 0)
(0.102 0.475 0)
(0.108 0.475 0)
(0.114 0.475 0)
(0.12 0.475 0)
(0.126 0.475 0)
(0.132 0.475 0)
(0.138 0.475 0)
(0.144 0.475 0)
(0.15 0.475 0)
(0.156 0.475 0)
(0.162 0.475 0)
(0.168 0.475 0)
(0.174 0.475 0)
(0.18 0.475 0)
(0.186 0.475 0)
(0.192 0.475 0)
(0.198 0.475 0)
(0.204 0.475 0)
(0.21 0.475 0)
(0.216 0.475 0)
(0.222 0.475 0)
(0.228 0.475 0)
(0.234 0.475 0)
(0.24 0.475 0)
(0.246 0.475 0)
(0.252 0.475 0)
(0.258 0.475 0)
(0.264 0.475 0)
(0.27 0.475 0)
(0.276 0.475 0)
(0.282 0.475 0)
(0.288 0.475 0)
(0.294 0.475 0)
(0.3 0.475 0)
(0.306 0.475 0)
(0.312 0.475 0)
(0.318 0.475 0)
(0.324 0.475 0)
(0.33 0.475 0)
(0.336 0.475 0)
(0.342 0.475 0)
(0.348 0.475 0)
(0.354 0.475 0)
(0.36 0.475 0)
(0 0.48 0)
(0.006 0.48 0)
(0.012 0.48 0)
(0.018 0.48 0)
(0.024 0.48 0)
(0.03 0.48 0)
(0.036 0.48 0)
(0.042 0.48 0)
(0.048 0.48 0)
(0.054 0.48 0)
(0.06 0.48 0)
(0.066 0.48 0)
(0.072 0.48 0)
(0.078 0.48 0)
(0.084 0.48 0)
(0.09 0.48 0)
(0.096 0.48 0)
(0.102 0.48 0)
(0.108 0.48 0)
(0.114 0.48 0)
(0.12 0.48 0)
(0.126 0.48 0)
(0.132 0.48 0)
(0.138 0.48 0)
(0.144 0.48 0)
(0.15 0.48 0)
(0.156 0.48 0)
(0.162 0.48 0)
(0.168 0.48 0)
(0.174 0.48 0)
(0.18 0.48 0)
(0.186 0.48 0)
(0.192 0.48 0)
(0.198 0.48 0)
(0.204 0.48 0)
(0.21 0.48 0)
(0.216 0.48 0)
(0.222 0.48 0)
(0.228 0.48 0)
(0.234 0.48 0)
(0.24 0.48 0)
(0.246 0.48 0)
(0.252 0.48 0)
(0.258 0.48 0)
(0.264 0.48 0)
(0.27 0.48 0)
(0.276 0.48 0)
(0.282 0.48 0)
(0.288 0.48 0)
(0.294 0.48 0)
(0.3 0.48 0)
(0.306 0.48 0)
(0.312 0.48 0)
(0.318 0.48 0)
(0.324 0.48 0)
(0.33 0.48 0)
(0.336 0.48 0)
(0.342 0.48 0)
(0.348 0.48 0)
(0.354 0.48 0)
(0.36 0.48 0)
(0 0.485 0)
(0.006 0.485 0)
(0.012 0.485 0)
(0.018 0.485 0)
(0.024 0.485 0)
(0.03 0.485 0)
(0.036 0.485 0)
(0.042 0.485 0)
(0.048 0.485 0)
(0.054 0.485 0)
(0.06 0.485 0)
(0.066 0.485 0)
(0.072 0.485 0)
(0.078 0.485 0)
(0.084 0.485 0)
(0.09 0.485 0)
(0.096 0.485 0)
(0.102 0.485 0)
(0.108 0.485 0)
(0.114 0.485 0)
(0.12 0.485 0)
(0.126 0.485 0)
(0.132 0.485 0)
(0.138 0.485 0)
(0.144 0.485 0)
(0.15 0.485 0)
(0.156 0.485 0)
(0.162 0.485 0)
(0.168 0.485 0)
(0.174 0.485 0)
(0.18 0.485 0)
(0.186 0.485 0)
(0.192 0.485 0)
(0.198 0.485 0)
(0.204 0.485 0)
(0.21 0.485 0)
(0.216 0.485 0)
(0.222 0.485 0)
(0.228 0.485 0)
(0.234 0.485 0)
(0.24 0.485 0)
(0.246 0.485 0)
(0.252 0.485 0)
(0.258 0.485 0)
(0.264 0.485 0)
(0.27 0.485 0)
(0.276 0.485 0)
(0.282 0.485 0)
(0.288 0.485 0)
(0.294 0.485 0)
(0.3 0.485 0)
(0.306 0.485 0)
(0.312 0.485 0)
(0.318 0.485 0)
(0.324 0.485 0)
(0.33 0.485 0)
(0.336 0.485 0)
(0.342 0.485 0)
(0.348 0.485 0)
(0.354 0.485 0)
(0.36 0.485 0)
(0 0.49 0)
(0.006 0.49 0)
(0.012 0.49 0)
(0.018 0.49 0)
(0.024 0.49 0)
(0.03 0.49 0)
(0.036 0.49 0)
(0.042 0.49 0)
(0.048 0.49 0)
(0.054 0.49 0)
(0.06 0.49 0)
(0.066 0.49 0)
(0.072 0.49 0)
(0.078 0.49 0)
(0.084 0.49 0)
(0.09 0.49 0)
(0.096 0.49 0)
(0.102 0.49 0)
(0.108 0.49 0)
(0.114 0.49 0)
(0.12 0.49 0)
(0.126 0.49 0)
(0.132 0.49 0)
(0.138 0.49 0)
(0.144 0.49 0)
(0.15 0.49 0)
(0.156 0.49 0)
(0.162 0.49 0)
(0.168 0.49 0)
(0.174 0.49 0)
(0.18 0.49 0)
(0.186 0.49 0)
(0.192 0.49 0)
(0.198 0.49 0)
(0.204 0.49 0)
(0.21 0.49 0)
(0.216 0.49 0)
(0.222 0.49 0)
(0.228 0.49 0)
(0.234 0.49 0)
(0.24 0.49 0)
(0.246 0.49 0)
(0.252 0.49 0)
(0.258 0.49 0)
(0.264 0.49 0)
(0.27 0.49 0)
(0.276 0.49 0)
(0.282 0.49 0)
(0.288 0.49 0)
(0.294 0.49 0)
(0.3 0.49 0)
(0.306 0.49 0)
(0.312 0.49 0)
(0.318 0.49 0)
(0.324 0.49 0)
(0.33 0.49 0)
(0.336 0.49 0)
(0.342 0.49 0)
(0.348 0.49 0)
(0.354 0.49 0)
(0.36 0.49 0)
(0 0.495 0)
(0.006 0.495 0)
(0.012 0.495 0)
(0.018 0.495 0)
(0.024 0.495 0)
(0.03 0.495 0)
(0.036 0.495 0)
(0.042 0.495 0)
(0.048 0.495 0)
(0.054 0.495 0)
(0.06 0.495 0)
(0.066 0.495 0)
(0.072 0.495 0)
(0.078 0.495 0)
(0.084 0.495 0)
(0.09 0.495 0)
(0.096 0.495 0)
(0.102 0.495 0)
(0.108 0.495 0)
(0.114 0.495 0)
(0.12 0.495 0)
(0.126 0.495 0)
(0.132 0.495 0)
(0.138 0.495 0)
(0.144 0.495 0)
(0.15 0.495 0)
(0.156 0.495 0)
(0.162 0.495 0)
(0.168 0.495 0)
(0.174 0.495 0)
(0.18 0.495 0)
(0.186 0.495 0)
(0.192 0.495 0)
(0.198 0.495 0)
(0.204 0.495 0)
(0.21 0.495 0)
(0.216 0.495 0)
(0.222 0.495 0)
(0.228 0.495 0)
(0.234 0.495 0)
(0.24 0.495 0)
(0.246 0.495 0)
(0.252 0.495 0)
(0.258 0.495 0)
(0.264 0.495 0)
(0.27 0.495 0)
(0.276 0.495 0)
(0.282 0.495 0)
(0.288 0.495 0)
(0.294 0.495 0)
(0.3 0.495 0)
(0.306 0.495 0)
(0.312 0.495 0)
(0.318 0.495 0)
(0.324 0.495 0)
(0.33 0.495 0)
(0.336 0.495 0)
(0.342 0.495 0)
(0.348 0.495 0)
(0.354 0.495 0)
(0.36 0.495 0)
(0 0.5 0)
(0.006 0.5 0)
(0.012 0.5 0)
(0.018 0.5 0)
(0.024 0.5 0)
(0.03 0.5 0)
(0.036 0.5 0)
(0.042 0.5 0)
(0.048 0.5 0)
(0.054 0.5 0)
(0.06 0.5 0)
(0.066 0.5 0)
(0.072 0.5 0)
(0.078 0.5 0)
(0.084 0.5 0)
(0.09 0.5 0)
(0.096 0.5 0)
(0.102 0.5 0)
(0.108 0.5 0)
(0.114 0.5 0)
(0.12 0.5 0)
(0.126 0.5 0)
(0.132 0.5 0)
(0.138 0.5 0)
(0.144 0.5 0)
(0.15 0.5 0)
(0.156 0.5 0)
(0.162 0.5 0)
(0.168 0.5 0)
(0.174 0.5 0)
(0.18 0.5 0)
(0.186 0.5 0)
(0.192 0.5 0)
(0.198 0.5 0)
(0.204 0.5 0)
(0.21 0.5 0)
(0.216 0.5 0)
(0.222 0.5 0)
(0.228 0.5 0)
(0.234 0.5 0)
(0.24 0.5 0)
(0.246 0.5 0)
(0.252 0.5 0)
(0.258 0.5 0)
(0.264 0.5 0)
(0.27 0.5 0)
(0.276 0.5 0)
(0.282 0.5 0)
(0.288 0.5 0)
(0.294 0.5 0)
(0.3 0.5 0)
(0.306 0.5 0)
(0.312 0.5 0)
(0.318 0.5 0)
(0.324 0.5 0)
(0.33 0.5 0)
(0.336 0.5 0)
(0.342 0.5 0)
(0.348 0.5 0)
(0.354 0.5 0)
(0.36 0.5 0)
(0 0.505 0)
(0.006 0.505 0)
(0.012 0.505 0)
(0.018 0.505 0)
(0.024 0.505 0)
(0.03 0.505 0)
(0.036 0.505 0)
(0.042 0.505 0)
(0.048 0.505 0)
(0.054 0.505 0)
(0.06 0.505 0)
(0.066 0.505 0)
(0.072 0.505 0)
(0.078 0.505 0)
(0.084 0.505 0)
(0.09 0.505 0)
(0.096 0.505 0)
(0.102 0.505 0)
(0.108 0.505 0)
(0.114 0.505 0)
(0.12 0.505 0)
(0.126 0.505 0)
(0.132 0.505 0)
(0.138 0.505 0)
(0.144 0.505 0)
(0.15 0.505 0)
(0.156 0.505 0)
(0.162 0.505 0)
(0.168 0.505 0)
(0.174 0.505 0)
(0.18 0.505 0)
(0.186 0.505 0)
(0.192 0.505 0)
(0.198 0.505 0)
(0.204 0.505 0)
(0.21 0.505 0)
(0.216 0.505 0)
(0.222 0.505 0)
(0.228 0.505 0)
(0.234 0.505 0)
(0.24 0.505 0)
(0.246 0.505 0)
(0.252 0.505 0)
(0.258 0.505 0)
(0.264 0.505 0)
(0.27 0.505 0)
(0.276 0.505 0)
(0.282 0.505 0)
(0.288 0.505 0)
(0.294 0.505 0)
(0.3 0.505 0)
(0.306 0.505 0)
(0.312 0.505 0)
(0.318 0.505 0)
(0.324 0.505 0)
(0.33 0.505 0)
(0.336 0.505 0)
(0.342 0.505 0)
(0.348 0.505 0)
(0.354 0.505 0)
(0.36 0.505 0)
(0 0.51 0)
(0.006 0.51 0)
(0.012 0.51 0)
(0.018 0.51 0)
(0.024 0.51 0)
(0.03 0.51 0)
(0.036 0.51 0)
(0.042 0.51 0)
(0.048 0.51 0)
(0.054 0.51 0)
(0.06 0.51 0)
(0.066 0.51 0)
(0.072 0.51 0)
(0.078 0.51 0)
(0.084 0.51 0)
(0.09 0.51 0)
(0.096 0.51 0)
(0.102 0.51 0)
(0.108 0.51 0)
(0.114 0.51 0)
(0.12 0.51 0)
(0.126 0.51 0)
(0.132 0.51 0)
(0.138 0.51 0)
(0.144 0.51 0)
(0.15 0.51 0)
(0.156 0.51 0)
(0.162 0.51 0)
(0.168 0.51 0)
(0.174 0.51 0)
(0.18 0.51 0)
(0.186 0.51 0)
(0.192 0.51 0)
(0.198 0.51 0)
(0.204 0.51 0)
(0.21 0.51 0)
(0.216 0.51 0)
(0.222 0.51 0)
(0.228 0.51 0)
(0.234 0.51 0)
(0.24 0.51 0)
(0.246 0.51 0)
(0.252 0.51 0)
(0.258 0.51 0)
(0.264 0.51 0)
(0.27 0.51 0)
(0.276 0.51 0)
(0.282 0.51 0)
(0.288 0.51 0)
(0.294 0.51 0)
(0.3 0.51 0)
(0.306 0.51 0)
(0.312 0.51 0)
(0.318 0.51 0)
(0.324 0.51 0)
(0.33 0.51 0)
(0.336 0.51 0)
(0.342 0.51 0)
(0.348 0.51 0)
(0.354 0.51 0)
(0.36 0.51 0)
(0 0.515 0)
(0.006 0.515 0)
(0.012 0.515 0)
(0.018 0.515 0)
(0.024 0.515 0)
(0.03 0.515 0)
(0.036 0.515 0)
(0.042 0.515 0)
(0.048 0.515 0)
(0.054 0.515 0)
(0.06 0.515 0)
(0.066 0.515 0)
(0.072 0.515 0)
(0.078 0.515 0)
(0.084 0.515 0)
(0.09 0.515 0)
(0.096 0.515 0)
(0.102 0.515 0)
(0.108 0.515 0)
(0.114 0.515 0)
(0.12 0.515 0)
(0.126 0.515 0)
(0.132 0.515 0)
(0.138 0.515 0)
(0.144 0.515 0)
(0.15 0.515 0)
(0.156 0.515 0)
(0.162 0.515 0)
(0.168 0.515 0)
(0.174 0.515 0)
(0.18 0.515 0)
(0.186 0.515 0)
(0.192 0.515 0)
(0.198 0.515 0)
(0.204 0.515 0)
(0.21 0.515 0)
(0.216 0.515 0)
(0.222 0.515 0)
(0.228 0.515 0)
(0.234 0.515 0)
(0.24 0.515 0)
(0.246 0.515 0)
(0.252 0.515 0)
(0.258 0.515 0)
(0.264 0.515 0)
(0.27 0.515 0)
(0.276 0.515 0)
(0.282 0.515 0)
(0.288 0.515 0)
(0.294 0.515 0)
(0.3 0.515 0)
(0.306 0.515 0)
(0.312 0.515 0)
(0.318 0.515 0)
(0.324 0.515 0)
(0.33 0.515 0)
(0.336 0.515 0)
(0.342 0.515 0)
(0.348 0.515 0)
(0.354 0.515 0)
(0.36 0.515 0)
(0 0.52 0)
(0.006 0.52 0)
(0.012 0.52 0)
(0.018 0.52 0)
(0.024 0.52 0)
(0.03 0.52 0)
(0.036 0.52 0)
(0.042 0.52 0)
(0.048 0.52 0)
(0.054 0.52 0)
(0.06 0.52 0)
(0.066 0.52 0)
(0.072 0.52 0)
(0.078 0.52 0)
(0.084 0.52 0)
(0.09 0.52 0)
(0.096 0.52 0)
(0.102 0.52 0)
(0.108 0.52 0)
(0.114 0.52 0)
(0.12 0.52 0)
(0.126 0.52 0)
(0.132 0.52 0)
(0.138 0.52 0)
(0.144 0.52 0)
(0.15 0.52 0)
(0.156 0.52 0)
(0.162 0.52 0)
(0.168 0.52 0)
(0.174 0.52 0)
(0.18 0.52 0)
(0.186 0.52 0)
(0.192 0.52 0)
(0.198 0.52 0)
(0.204 0.52 0)
(0.21 0.52 0)
(0.216 0.52 0)
(0.222 0.52 0)
(0.228 0.52 0)
(0.234 0.52 0)
(0.24 0.52 0)
(0.246 0.52 0)
(0.252 0.52 0)
(0.258 0.52 0)
(0.264 0.52 0)
(0.27 0.52 0)
(0.276 0.52 0)
(0.282 0.52 0)
(0.288 0.52 0)
(0.294 0.52 0)
(0.3 0.52 0)
(0.306 0.52 0)
(0.312 0.52 0)
(0.318 0.52 0)
(0.324 0.52 0)
(0.33 0.52 0)
(0.336 0.52 0)
(0.342 0.52 0)
(0.348 0.52 0)
(0.354 0.52 0)
(0.36 0.52 0)
(0 0.525 0)
(0.006 0.525 0)
(0.012 0.525 0)
(0.018 0.525 0)
(0.024 0.525 0)
(0.03 0.525 0)
(0.036 0.525 0)
(0.042 0.525 0)
(0.048 0.525 0)
(0.054 0.525 0)
(0.06 0.525 0)
(0.066 0.525 0)
(0.072 0.525 0)
(0.078 0.525 0)
(0.084 0.525 0)
(0.09 0.525 0)
(0.096 0.525 0)
(0.102 0.525 0)
(0.108 0.525 0)
(0.114 0.525 0)
(0.12 0.525 0)
(0.126 0.525 0)
(0.132 0.525 0)
(0.138 0.525 0)
(0.144 0.525 0)
(0.15 0.525 0)
(0.156 0.525 0)
(0.162 0.525 0)
(0.168 0.525 0)
(0.174 0.525 0)
(0.18 0.525 0)
(0.186 0.525 0)
(0.192 0.525 0)
(0.198 0.525 0)
(0.204 0.525 0)
(0.21 0.525 0)
(0.216 0.525 0)
(0.222 0.525 0)
(0.228 0.525 0)
(0.234 0.525 0)
(0.24 0.525 0)
(0.246 0.525 0)
(0.252 0.525 0)
(0.258 0.525 0)
(0.264 0.525 0)
(0.27 0.525 0)
(0.276 0.525 0)
(0.282 0.525 0)
(0.288 0.525 0)
(0.294 0.525 0)
(0.3 0.525 0)
(0.306 0.525 0)
(0.312 0.525 0)
(0.318 0.525 0)
(0.324 0.525 0)
(0.33 0.525 0)
(0.336 0.525 0)
(0.342 0.525 0)
(0.348 0.525 0)
(0.354 0.525 0)
(0.36 0.525 0)
(0 0.53 0)
(0.006 0.53 0)
(0.012 0.53 0)
(0.018 0.53 0)
(0.024 0.53 0)
(0.03 0.53 0)
(0.036 0.53 0)
(0.042 0.53 0)
(0.048 0.53 0)
(0.054 0.53 0)
(0.06 0.53 0)
(0.066 0.53 0)
(0.072 0.53 0)
(0.078 0.53 0)
(0.084 0.53 0)
(0.09 0.53 0)
(0.096 0.53 0)
(0.102 0.53 0)
(0.108 0.53 0)
(0.114 0.53 0)
(0.12 0.53 0)
(0.126 0.53 0)
(0.132 0.53 0)
(0.138 0.53 0)
(0.144 0.53 0)
(0.15 0.53 0)
(0.156 0.53 0)
(0.162 0.53 0)
(0.168 0.53 0)
(0.174 0.53 0)
(0.18 0.53 0)
(0.186 0.53 0)
(0.192 0.53 0)
(0.198 0.53 0)
(0.204 0.53 0)
(0.21 0.53 0)
(0.216 0.53 0)
(0.222 0.53 0)
(0.228 0.53 0)
(0.234 0.53 0)
(0.24 0.53 0)
(0.246 0.53 0)
(0.252 0.53 0)
(0.258 0.53 0)
(0.264 0.53 0)
(0.27 0.53 0)
(0.276 0.53 0)
(0.282 0.53 0)
(0.288 0.53 0)
(0.294 0.53 0)
(0.3 0.53 0)
(0.306 0.53 0)
(0.312 0.53 0)
(0.318 0.53 0)
(0.324 0.53 0)
(0.33 0.53 0)
(0.336 0.53 0)
(0.342 0.53 0)
(0.348 0.53 0)
(0.354 0.53 0)
(0.36 0.53 0)
(0 0.535 0)
(0.006 0.535 0)
(0.012 0.535 0)
(0.018 0.535 0)
(0.024 0.535 0)
(0.03 0.535 0)
(0.036 0.535 0)
(0.042 0.535 0)
(0.048 0.535 0)
(0.054 0.535 0)
(0.06 0.535 0)
(0.066 0.535 0)
(0.072 0.535 0)
(0.078 0.535 0)
(0.084 0.535 0)
(0.09 0.535 0)
(0.096 0.535 0)
(0.102 0.535 0)
(0.108 0.535 0)
(0.114 0.535 0)
(0.12 0.535 0)
(0.126 0.535 0)
(0.132 0.535 0)
(0.138 0.535 0)
(0.144 0.535 0)
(0.15 0.535 0)
(0.156 0.535 0)
(0.162 0.535 0)
(0.168 0.535 0)
(0.174 0.535 0)
(0.18 0.535 0)
(0.186 0.535 0)
(0.192 0.535 0)
(0.198 0.535 0)
(0.204 0.535 0)
(0.21 0.535 0)
(0.216 0.535 0)
(0.222 0.535 0)
(0.228 0.535 0)
(0.234 0.535 0)
(0.24 0.535 0)
(0.246 0.535 0)
(0.252 0.535 0)
(0.258 0.535 0)
(0.264 0.535 0)
(0.27 0.535 0)
(0.276 0.535 0)
(0.282 0.535 0)
(0.288 0.535 0)
(0.294 0.535 0)
(0.3 0.535 0)
(0.306 0.535 0)
(0.312 0.535 0)
(0.318 0.535 0)
(0.324 0.535 0)
(0.33 0.535 0)
(0.336 0.535 0)
(0.342 0.535 0)
(0.348 0.535 0)
(0.354 0.535 0)
(0.36 0.535 0)
(0 0.54 0)
(0.006 0.54 0)
(0.012 0.54 0)
(0.018 0.54 0)
(0.024 0.54 0)
(0.03 0.54 0)
(0.036 0.54 0)
(0.042 0.54 0)
(0.048 0.54 0)
(0.054 0.54 0)
(0.06 0.54 0)
(0.066 0.54 0)
(0.072 0.54 0)
(0.078 0.54 0)
(0.084 0.54 0)
(0.09 0.54 0)
(0.096 0.54 0)
(0.102 0.54 0)
(0.108 0.54 0)
(0.114 0.54 0)
(0.12 0.54 0)
(0.126 0.54 0)
(0.132 0.54 0)
(0.138 0.54 0)
(0.144 0.54 0)
(0.15 0.54 0)
(0.156 0.54 0)
(0.162 0.54 0)
(0.168 0.54 0)
(0.174 0.54 0)
(0.18 0.54 0)
(0.186 0.54 0)
(0.192 0.54 0)
(0.198 0.54 0)
(0.204 0.54 0)
(0.21 0.54 0)
(0.216 0.54 0)
(0.222 0.54 0)
(0.228 0.54 0)
(0.234 0.54 0)
(0.24 0.54 0)
(0.246 0.54 0)
(0.252 0.54 0)
(0.258 0.54 0)
(0.264 0.54 0)
(0.27 0.54 0)
(0.276 0.54 0)
(0.282 0.54 0)
(0.288 0.54 0)
(0.294 0.54 0)
(0.3 0.54 0)
(0.306 0.54 0)
(0.312 0.54 0)
(0.318 0.54 0)
(0.324 0.54 0)
(0.33 0.54 0)
(0.336 0.54 0)
(0.342 0.54 0)
(0.348 0.54 0)
(0.354 0.54 0)
(0.36 0.54 0)
(0 0.545 0)
(0.006 0.545 0)
(0.012 0.545 0)
(0.018 0.545 0)
(0.024 0.545 0)
(0.03 0.545 0)
(0.036 0.545 0)
(0.042 0.545 0)
(0.048 0.545 0)
(0.054 0.545 0)
(0.06 0.545 0)
(0.066 0.545 0)
(0.072 0.545 0)
(0.078 0.545 0)
(0.084 0.545 0)
(0.09 0.545 0)
(0.096 0.545 0)
(0.102 0.545 0)
(0.108 0.545 0)
(0.114 0.545 0)
(0.12 0.545 0)
(0.126 0.545 0)
(0.132 0.545 0)
(0.138 0.545 0)
(0.144 0.545 0)
(0.15 0.545 0)
(0.156 0.545 0)
(0.162 0.545 0)
(0.168 0.545 0)
(0.174 0.545 0)
(0.18 0.545 0)
(0.186 0.545 0)
(0.192 0.545 0)
(0.198 0.545 0)
(0.204 0.545 0)
(0.21 0.545 0)
(0.216 0.545 0)
(0.222 0.545 0)
(0.228 0.545 0)
(0.234 0.545 0)
(0.24 0.545 0)
(0.246 0.545 0)
(0.252 0.545 0)
(0.258 0.545 0)
(0.264 0.545 0)
(0.27 0.545 0)
(0.276 0.545 0)
(0.282 0.545 0)
(0.288 0.545 0)
(0.294 0.545 0)
(0.3 0.545 0)
(0.306 0.545 0)
(0.312 0.545 0)
(0.318 0.545 0)
(0.324 0.545 0)
(0.33 0.545 0)
(0.336 0.545 0)
(0.342 0.545 0)
(0.348 0.545 0)
(0.354 0.545 0)
(0.36 0.545 0)
(0 0.55 0)
(0.006 0.55 0)
(0.012 0.55 0)
(0.018 0.55 0)
(0.024 0.55 0)
(0.03 0.55 0)
(0.036 0.55 0)
(0.042 0.55 0)
(0.048 0.55 0)
(0.054 0.55 0)
(0.06 0.55 0)
(0.066 0.55 0)
(0.072 0.55 0)
(0.078 0.55 0)
(0.084 0.55 0)
(0.09 0.55 0)
(0.096 0.55 0)
(0.102 0.55 0)
(0.108 0.55 0)
(0.114 0.55 0)
(0.12 0.55 0)
(0.126 0.55 0)
(0.132 0.55 0)
(0.138 0.55 0)
(0.144 0.55 0)
(0.15 0.55 0)
(0.156 0.55 0)
(0.162 0.55 0)
(0.168 0.55 0)
(0.174 0.55 0)
(0.18 0.55 0)
(0.186 0.55 0)
(0.192 0.55 0)
(0.198 0.55 0)
(0.204 0.55 0)
(0.21 0.55 0)
(0.216 0.55 0)
(0.222 0.55 0)
(0.228 0.55 0)
(0.234 0.55 0)
(0.24 0.55 0)
(0.246 0.55 0)
(0.252 0.55 0)
(0.258 0.55 0)
(0.264 0.55 0)
(0.27 0.55 0)
(0.276 0.55 0)
(0.282 0.55 0)
(0.288 0.55 0)
(0.294 0.55 0)
(0.3 0.55 0)
(0.306 0.55 0)
(0.312 0.55 0)
(0.318 0.55 0)
(0.324 0.55 0)
(0.33 0.55 0)
(0.336 0.55 0)
(0.342 0.55 0)
(0.348 0.55 0)
(0.354 0.55 0)
(0.36 0.55 0)
(0 0.555 0)
(0.006 0.555 0)
(0.012 0.555 0)
(0.018 0.555 0)
(0.024 0.555 0)
(0.03 0.555 0)
(0.036 0.555 0)
(0.042 0.555 0)
(0.048 0.555 0)
(0.054 0.555 0)
(0.06 0.555 0)
(0.066 0.555 0)
(0.072 0.555 0)
(0.078 0.555 0)
(0.084 0.555 0)
(0.09 0.555 0)
(0.096 0.555 0)
(0.102 0.555 0)
(0.108 0.555 0)
(0.114 0.555 0)
(0.12 0.555 0)
(0.126 0.555 0)
(0.132 0.555 0)
(0.138 0.555 0)
(0.144 0.555 0)
(0.15 0.555 0)
(0.156 0.555 0)
(0.162 0.555 0)
(0.168 0.555 0)
(0.174 0.555 0)
(0.18 0.555 0)
(0.186 0.555 0)
(0.192 0.555 0)
(0.198 0.555 0)
(0.204 0.555 0)
(0.21 0.555 0)
(0.216 0.555 0)
(0.222 0.555 0)
(0.228 0.555 0)
(0.234 0.555 0)
(0.24 0.555 0)
(0.246 0.555 0)
(0.252 0.555 0)
(0.258 0.555 0)
(0.264 0.555 0)
(0.27 0.555 0)
(0.276 0.555 0)
(0.282 0.555 0)
(0.288 0.555 0)
(0.294 0.555 0)
(0.3 0.555 0)
(0.306 0.555 0)
(0.312 0.555 0)
(0.318 0.555 0)
(0.324 0.555 0)
(0.33 0.555 0)
(0.336 0.555 0)
(0.342 0.555 0)
(0.348 0.555 0)
(0.354 0.555 0)
(0.36 0.555 0)
(0 0.56 0)
(0.006 0.56 0)
(0.012 0.56 0)
(0.018 0.56 0)
(0.024 0.56 0)
(0.03 0.56 0)
(0.036 0.56 0)
(0.042 0.56 0)
(0.048 0.56 0)
(0.054 0.56 0)
(0.06 0.56 0)
(0.066 0.56 0)
(0.072 0.56 0)
(0.078 0.56 0)
(0.084 0.56 0)
(0.09 0.56 0)
(0.096 0.56 0)
(0.102 0.56 0)
(0.108 0.56 0)
(0.114 0.56 0)
(0.12 0.56 0)
(0.126 0.56 0)
(0.132 0.56 0)
(0.138 0.56 0)
(0.144 0.56 0)
(0.15 0.56 0)
(0.156 0.56 0)
(0.162 0.56 0)
(0.168 0.56 0)
(0.174 0.56 0)
(0.18 0.56 0)
(0.186 0.56 0)
(0.192 0.56 0)
(0.198 0.56 0)
(0.204 0.56 0)
(0.21 0.56 0)
(0.216 0.56 0)
(0.222 0.56 0)
(0.228 0.56 0)
(0.234 0.56 0)
(0.24 0.56 0)
(0.246 0.56 0)
(0.252 0.56 0)
(0.258 0.56 0)
(0.264 0.56 0)
(0.27 0.56 0)
(0.276 0.56 0)
(0.282 0.56 0)
(0.288 0.56 0)
(0.294 0.56 0)
(0.3 0.56 0)
(0.306 0.56 0)
(0.312 0.56 0)
(0.318 0.56 0)
(0.324 0.56 0)
(0.33 0.56 0)
(0.336 0.56 0)
(0.342 0.56 0)
(0.348 0.56 0)
(0.354 0.56 0)
(0.36 0.56 0)
(0 0.565 0)
(0.006 0.565 0)
(0.012 0.565 0)
(0.018 0.565 0)
(0.024 0.565 0)
(0.03 0.565 0)
(0.036 0.565 0)
(0.042 0.565 0)
(0.048 0.565 0)
(0.054 0.565 0)
(0.06 0.565 0)
(0.066 0.565 0)
(0.072 0.565 0)
(0.078 0.565 0)
(0.084 0.565 0)
(0.09 0.565 0)
(0.096 0.565 0)
(0.102 0.565 0)
(0.108 0.565 0)
(0.114 0.565 0)
(0.12 0.565 0)
(0.126 0.565 0)
(0.132 0.565 0)
(0.138 0.565 0)
(0.144 0.565 0)
(0.15 0.565 0)
(0.156 0.565 0)
(0.162 0.565 0)
(0.168 0.565 0)
(0.174 0.565 0)
(0.18 0.565 0)
(0.186 0.565 0)
(0.192 0.565 0)
(0.198 0.565 0)
(0.204 0.565 0)
(0.21 0.565 0)
(0.216 0.565 0)
(0.222 0.565 0)
(0.228 0.565 0)
(0.234 0.565 0)
(0.24 0.565 0)
(0.246 0.565 0)
(0.252 0.565 0)
(0.258 0.565 0)
(0.264 0.565 0)
(0.27 0.565 0)
(0.276 0.565 0)
(0.282 0.565 0)
(0.288 0.565 0)
(0.294 0.565 0)
(0.3 0.565 0)
(0.306 0.565 0)
(0.312 0.565 0)
(0.318 0.565 0)
(0.324 0.565 0)
(0.33 0.565 0)
(0.336 0.565 0)
(0.342 0.565 0)
(0.348 0.565 0)
(0.354 0.565 0)
(0.36 0.565 0)
(0 0.57 0)
(0.006 0.57 0)
(0.012 0.57 0)
(0.018 0.57 0)
(0.024 0.57 0)
(0.03 0.57 0)
(0.036 0.57 0)
(0.042 0.57 0)
(0.048 0.57 0)
(0.054 0.57 0)
(0.06 0.57 0)
(0.066 0.57 0)
(0.072 0.57 0)
(0.078 0.57 0)
(0.084 0.57 0)
(0.09 0.57 0)
(0.096 0.57 0)
(0.102 0.57 0)
(0.108 0.57 0)
(0.114 0.57 0)
(0.12 0.57 0)
(0.126 0.57 0)
(0.132 0.57 0)
(0.138 0.57 0)
(0.144 0.57 0)
(0.15 0.57 0)
(0.156 0.57 0)
(0.162 0.57 0)
(0.168 0.57 0)
(0.174 0.57 0)
(0.18 0.57 0)
(0.186 0.57 0)
(0.192 0.57 0)
(0.198 0.57 0)
(0.204 0.57 0)
(0.21 0.57 0)
(0.216 0.57 0)
(0.222 0.57 0)
(0.228 0.57 0)
(0.234 0.57 0)
(0.24 0.57 0)
(0.246 0.57 0)
(0.252 0.57 0)
(0.258 0.57 0)
(0.264 0.57 0)
(0.27 0.57 0)
(0.276 0.57 0)
(0.282 0.57 0)
(0.288 0.57 0)
(0.294 0.57 0)
(0.3 0.57 0)
(0.306 0.57 0)
(0.312 0.57 0)
(0.318 0.57 0)
(0.324 0.57 0)
(0.33 0.57 0)
(0.336 0.57 0)
(0.342 0.57 0)
(0.348 0.57 0)
(0.354 0.57 0)
(0.36 0.57 0)
(0 0.575 0)
(0.006 0.575 0)
(0.012 0.575 0)
(0.018 0.575 0)
(0.024 0.575 0)
(0.03 0.575 0)
(0.036 0.575 0)
(0.042 0.575 0)
(0.048 0.575 0)
(0.054 0.575 0)
(0.06 0.575 0)
(0.066 0.575 0)
(0.072 0.575 0)
(0.078 0.575 0)
(0.084 0.575 0)
(0.09 0.575 0)
(0.096 0.575 0)
(0.102 0.575 0)
(0.108 0.575 0)
(0.114 0.575 0)
(0.12 0.575 0)
(0.126 0.575 0)
(0.132 0.575 0)
(0.138 0.575 0)
(0.144 0.575 0)
(0.15 0.575 0)
(0.156 0.575 0)
(0.162 0.575 0)
(0.168 0.575 0)
(0.174 0.575 0)
(0.18 0.575 0)
(0.186 0.575 0)
(0.192 0.575 0)
(0.198 0.575 0)
(0.204 0.575 0)
(0.21 0.575 0)
(0.216 0.575 0)
(0.222 0.575 0)
(0.228 0.575 0)
(0.234 0.575 0)
(0.24 0.575 0)
(0.246 0.575 0)
(0.252 0.575 0)
(0.258 0.575 0)
(0.264 0.575 0)
(0.27 0.575 0)
(0.276 0.575 0)
(0.282 0.575 0)
(0.288 0.575 0)
(0.294 0.575 0)
(0.3 0.575 0)
(0.306 0.575 0)
(0.312 0.575 0)
(0.318 0.575 0)
(0.324 0.575 0)
(0.33 0.575 0)
(0.336 0.575 0)
(0.342 0.575 0)
(0.348 0.575 0)
(0.354 0.575 0)
(0.36 0.575 0)
(0 0.58 0)
(0.006 0.58 0)
(0.012 0.58 0)
(0.018 0.58 0)
(0.024 0.58 0)
(0.03 0.58 0)
(0.036 0.58 0)
(0.042 0.58 0)
(0.048 0.58 0)
(0.054 0.58 0)
(0.06 0.58 0)
(0.066 0.58 0)
(0.072 0.58 0)
(0.078 0.58 0)
(0.084 0.58 0)
(0.09 0.58 0)
(0.096 0.58 0)
(0.102 0.58 0)
(0.108 0.58 0)
(0.114 0.58 0)
(0.12 0.58 0)
(0.126 0.58 0)
(0.132 0.58 0)
(0.138 0.58 0)
(0.144 0.58 0)
(0.15 0.58 0)
(0.156 0.58 0)
(0.162 0.58 0)
(0.168 0.58 0)
(0.174 0.58 0)
(0.18 0.58 0)
(0.186 0.58 0)
(0.192 0.58 0)
(0.198 0.58 0)
(0.204 0.58 0)
(0.21 0.58 0)
(0.216 0.58 0)
(0.222 0.58 0)
(0.228 0.58 0)
(0.234 0.58 0)
(0.24 0.58 0)
(0.246 0.58 0)
(0.252 0.58 0)
(0.258 0.58 0)
(0.264 0.58 0)
(0.27 0.58 0)
(0.276 0.58 0)
(0.282 0.58 0)
(0.288 0.58 0)
(0.294 0.58 0)
(0.3 0.58 0)
(0.306 0.58 0)
(0.312 0.58 0)
(0.318 0.58 0)
(0.324 0.58 0)
(0.33 0.58 0)
(0.336 0.58 0)
(0.342 0.58 0)
(0.348 0.58 0)
(0.354 0.58 0)
(0.36 0.58 0)
(0 0.585 0)
(0.006 0.585 0)
(0.012 0.585 0)
(0.018 0.585 0)
(0.024 0.585 0)
(0.03 0.585 0)
(0.036 0.585 0)
(0.042 0.585 0)
(0.048 0.585 0)
(0.054 0.585 0)
(0.06 0.585 0)
(0.066 0.585 0)
(0.072 0.585 0)
(0.078 0.585 0)
(0.084 0.585 0)
(0.09 0.585 0)
(0.096 0.585 0)
(0.102 0.585 0)
(0.108 0.585 0)
(0.114 0.585 0)
(0.12 0.585 0)
(0.126 0.585 0)
(0.132 0.585 0)
(0.138 0.585 0)
(0.144 0.585 0)
(0.15 0.585 0)
(0.156 0.585 0)
(0.162 0.585 0)
(0.168 0.585 0)
(0.174 0.585 0)
(0.18 0.585 0)
(0.186 0.585 0)
(0.192 0.585 0)
(0.198 0.585 0)
(0.204 0.585 0)
(0.21 0.585 0)
(0.216 0.585 0)
(0.222 0.585 0)
(0.228 0.585 0)
(0.234 0.585 0)
(0.24 0.585 0)
(0.246 0.585 0)
(0.252 0.585 0)
(0.258 0.585 0)
(0.264 0.585 0)
(0.27 0.585 0)
(0.276 0.585 0)
(0.282 0.585 0)
(0.288 0.585 0)
(0.294 0.585 0)
(0.3 0.585 0)
(0.306 0.585 0)
(0.312 0.585 0)
(0.318 0.585 0)
(0.324 0.585 0)
(0.33 0.585 0)
(0.336 0.585 0)
(0.342 0.585 0)
(0.348 0.585 0)
(0.354 0.585 0)
(0.36 0.585 0)
(0 0.59 0)
(0.006 0.59 0)
(0.012 0.59 0)
(0.018 0.59 0)
(0.024 0.59 0)
(0.03 0.59 0)
(0.036 0.59 0)
(0.042 0.59 0)
(0.048 0.59 0)
(0.054 0.59 0)
(0.06 0.59 0)
(0.066 0.59 0)
(0.072 0.59 0)
(0.078 0.59 0)
(0.084 0.59 0)
(0.09 0.59 0)
(0.096 0.59 0)
(0.102 0.59 0)
(0.108 0.59 0)
(0.114 0.59 0)
(0.12 0.59 0)
(0.126 0.59 0)
(0.132 0.59 0)
(0.138 0.59 0)
(0.144 0.59 0)
(0.15 0.59 0)
(0.156 0.59 0)
(0.162 0.59 0)
(0.168 0.59 0)
(0.174 0.59 0)
(0.18 0.59 0)
(0.186 0.59 0)
(0.192 0.59 0)
(0.198 0.59 0)
(0.204 0.59 0)
(0.21 0.59 0)
(0.216 0.59 0)
(0.222 0.59 0)
(0.228 0.59 0)
(0.234 0.59 0)
(0.24 0.59 0)
(0.246 0.59 0)
(0.252 0.59 0)
(0.258 0.59 0)
(0.264 0.59 0)
(0.27 0.59 0)
(0.276 0.59 0)
(0.282 0.59 0)
(0.288 0.59 0)
(0.294 0.59 0)
(0.3 0.59 0)
(0.306 0.59 0)
(0.312 0.59 0)
(0.318 0.59 0)
(0.324 0.59 0)
(0.33 0.59 0)
(0.336 0.59 0)
(0.342 0.59 0)
(0.348 0.59 0)
(0.354 0.59 0)
(0.36 0.59 0)
(0 0.595 0)
(0.006 0.595 0)
(0.012 0.595 0)
(0.018 0.595 0)
(0.024 0.595 0)
(0.03 0.595 0)
(0.036 0.595 0)
(0.042 0.595 0)
(0.048 0.595 0)
(0.054 0.595 0)
(0.06 0.595 0)
(0.066 0.595 0)
(0.072 0.595 0)
(0.078 0.595 0)
(0.084 0.595 0)
(0.09 0.595 0)
(0.096 0.595 0)
(0.102 0.595 0)
(0.108 0.595 0)
(0.114 0.595 0)
(0.12 0.595 0)
(0.126 0.595 0)
(0.132 0.595 0)
(0.138 0.595 0)
(0.144 0.595 0)
(0.15 0.595 0)
(0.156 0.595 0)
(0.162 0.595 0)
(0.168 0.595 0)
(0.174 0.595 0)
(0.18 0.595 0)
(0.186 0.595 0)
(0.192 0.595 0)
(0.198 0.595 0)
(0.204 0.595 0)
(0.21 0.595 0)
(0.216 0.595 0)
(0.222 0.595 0)
(0.228 0.595 0)
(0.234 0.595 0)
(0.24 0.595 0)
(0.246 0.595 0)
(0.252 0.595 0)
(0.258 0.595 0)
(0.264 0.595 0)
(0.27 0.595 0)
(0.276 0.595 0)
(0.282 0.595 0)
(0.288 0.595 0)
(0.294 0.595 0)
(0.3 0.595 0)
(0.306 0.595 0)
(0.312 0.595 0)
(0.318 0.595 0)
(0.324 0.595 0)
(0.33 0.595 0)
(0.336 0.595 0)
(0.342 0.595 0)
(0.348 0.595 0)
(0.354 0.595 0)
(0.36 0.595 0)
(0 0.6 0)
(0.006 0.6 0)
(0.012 0.6 0)
(0.018 0.6 0)
(0.024 0.6 0)
(0.03 0.6 0)
(0.036 0.6 0)
(0.042 0.6 0)
(0.048 0.6 0)
(0.054 0.6 0)
(0.06 0.6 0)
(0.066 0.6 0)
(0.072 0.6 0)
(0.078 0.6 0)
(0.084 0.6 0)
(0.09 0.6 0)
(0.096 0.6 0)
(0.102 0.6 0)
(0.108 0.6 0)
(0.114 0.6 0)
(0.12 0.6 0)
(0.126 0.6 0)
(0.132 0.6 0)
(0.138 0.6 0)
(0.144 0.6 0)
(0.15 0.6 0)
(0.156 0.6 0)
(0.162 0.6 0)
(0.168 0.6 0)
(0.174 0.6 0)
(0.18 0.6 0)
(0.186 0.6 0)
(0.192 0.6 0)
(0.198 0.6 0)
(0.204 0.6 0)
(0.21 0.6 0)
(0.216 0.6 0)
(0.222 0.6 0)
(0.228 0.6 0)
(0.234 0.6 0)
(0.24 0.6 0)
(0.246 0.6 0)
(0.252 0.6 0)
(0.258 0.6 0)
(0.264 0.6 0)
(0.27 0.6 0)
(0.276 0.6 0)
(0.282 0.6 0)
(0.288 0.6 0)
(0.294 0.6 0)
(0.3 0.6 0)
(0.306 0.6 0)
(0.312 0.6 0)
(0.318 0.6 0)
(0.324 0.6 0)
(0.33 0.6 0)
(0.336 0.6 0)
(0.342 0.6 0)
(0.348 0.6 0)
(0.354 0.6 0)
(0.36 0.6 0)
(0 0.605 0)
(0.006 0.605 0)
(0.012 0.605 0)
(0.018 0.605 0)
(0.024 0.605 0)
(0.03 0.605 0)
(0.036 0.605 0)
(0.042 0.605 0)
(0.048 0.605 0)
(0.054 0.605 0)
(0.06 0.605 0)
(0.066 0.605 0)
(0.072 0.605 0)
(0.078 0.605 0)
(0.084 0.605 0)
(0.09 0.605 0)
(0.096 0.605 0)
(0.102 0.605 0)
(0.108 0.605 0)
(0.114 0.605 0)
(0.12 0.605 0)
(0.126 0.605 0)
(0.132 0.605 0)
(0.138 0.605 0)
(0.144 0.605 0)
(0.15 0.605 0)
(0.156 0.605 0)
(0.162 0.605 0)
(0.168 0.605 0)
(0.174 0.605 0)
(0.18 0.605 0)
(0.186 0.605 0)
(0.192 0.605 0)
(0.198 0.605 0)
(0.204 0.605 0)
(0.21 0.605 0)
(0.216 0.605 0)
(0.222 0.605 0)
(0.228 0.605 0)
(0.234 0.605 0)
(0.24 0.605 0)
(0.246 0.605 0)
(0.252 0.605 0)
(0.258 0.605 0)
(0.264 0.605 0)
(0.27 0.605 0)
(0.276 0.605 0)
(0.282 0.605 0)
(0.288 0.605 0)
(0.294 0.605 0)
(0.3 0.605 0)
(0.306 0.605 0)
(0.312 0.605 0)
(0.318 0.605 0)
(0.324 0.605 0)
(0.33 0.605 0)
(0.336 0.605 0)
(0.342 0.605 0)
(0.348 0.605 0)
(0.354 0.605 0)
(0.36 0.605 0)
(0 0.61 0)
(0.006 0.61 0)
(0.012 0.61 0)
(0.018 0.61 0)
(0.024 0.61 0)
(0.03 0.61 0)
(0.036 0.61 0)
(0.042 0.61 0)
(0.048 0.61 0)
(0.054 0.61 0)
(0.06 0.61 0)
(0.066 0.61 0)
(0.072 0.61 0)
(0.078 0.61 0)
(0.084 0.61 0)
(0.09 0.61 0)
(0.096 0.61 0)
(0.102 0.61 0)
(0.108 0.61 0)
(0.114 0.61 0)
(0.12 0.61 0)
(0.126 0.61 0)
(0.132 0.61 0)
(0.138 0.61 0)
(0.144 0.61 0)
(0.15 0.61 0)
(0.156 0.61 0)
(0.162 0.61 0)
(0.168 0.61 0)
(0.174 0.61 0)
(0.18 0.61 0)
(0.186 0.61 0)
(0.192 0.61 0)
(0.198 0.61 0)
(0.204 0.61 0)
(0.21 0.61 0)
(0.216 0.61 0)
(0.222 0.61 0)
(0.228 0.61 0)
(0.234 0.61 0)
(0.24 0.61 0)
(0.246 0.61 0)
(0.252 0.61 0)
(0.258 0.61 0)
(0.264 0.61 0)
(0.27 0.61 0)
(0.276 0.61 0)
(0.282 0.61 0)
(0.288 0.61 0)
(0.294 0.61 0)
(0.3 0.61 0)
(0.306 0.61 0)
(0.312 0.61 0)
(0.318 0.61 0)
(0.324 0.61 0)
(0.33 0.61 0)
(0.336 0.61 0)
(0.342 0.61 0)
(0.348 0.61 0)
(0.354 0.61 0)
(0.36 0.61 0)
(0 0.615 0)
(0.006 0.615 0)
(0.012 0.615 0)
(0.018 0.615 0)
(0.024 0.615 0)
(0.03 0.615 0)
(0.036 0.615 0)
(0.042 0.615 0)
(0.048 0.615 0)
(0.054 0.615 0)
(0.06 0.615 0)
(0.066 0.615 0)
(0.072 0.615 0)
(0.078 0.615 0)
(0.084 0.615 0)
(0.09 0.615 0)
(0.096 0.615 0)
(0.102 0.615 0)
(0.108 0.615 0)
(0.114 0.615 0)
(0.12 0.615 0)
(0.126 0.615 0)
(0.132 0.615 0)
(0.138 0.615 0)
(0.144 0.615 0)
(0.15 0.615 0)
(0.156 0.615 0)
(0.162 0.615 0)
(0.168 0.615 0)
(0.174 0.615 0)
(0.18 0.615 0)
(0.186 0.615 0)
(0.192 0.615 0)
(0.198 0.615 0)
(0.204 0.615 0)
(0.21 0.615 0)
(0.216 0.615 0)
(0.222 0.615 0)
(0.228 0.615 0)
(0.234 0.615 0)
(0.24 0.615 0)
(0.246 0.615 0)
(0.252 0.615 0)
(0.258 0.615 0)
(0.264 0.615 0)
(0.27 0.615 0)
(0.276 0.615 0)
(0.282 0.615 0)
(0.288 0.615 0)
(0.294 0.615 0)
(0.3 0.615 0)
(0.306 0.615 0)
(0.312 0.615 0)
(0.318 0.615 0)
(0.324 0.615 0)
(0.33 0.615 0)
(0.336 0.615 0)
(0.342 0.615 0)
(0.348 0.615 0)
(0.354 0.615 0)
(0.36 0.615 0)
(0 0.62 0)
(0.006 0.62 0)
(0.012 0.62 0)
(0.018 0.62 0)
(0.024 0.62 0)
(0.03 0.62 0)
(0.036 0.62 0)
(0.042 0.62 0)
(0.048 0.62 0)
(0.054 0.62 0)
(0.06 0.62 0)
(0.066 0.62 0)
(0.072 0.62 0)
(0.078 0.62 0)
(0.084 0.62 0)
(0.09 0.62 0)
(0.096 0.62 0)
(0.102 0.62 0)
(0.108 0.62 0)
(0.114 0.62 0)
(0.12 0.62 0)
(0.126 0.62 0)
(0.132 0.62 0)
(0.138 0.62 0)
(0.144 0.62 0)
(0.15 0.62 0)
(0.156 0.62 0)
(0.162 0.62 0)
(0.168 0.62 0)
(0.174 0.62 0)
(0.18 0.62 0)
(0.186 0.62 0)
(0.192 0.62 0)
(0.198 0.62 0)
(0.204 0.62 0)
(0.21 0.62 0)
(0.216 0.62 0)
(0.222 0.62 0)
(0.228 0.62 0)
(0.234 0.62 0)
(0.24 0.62 0)
(0.246 0.62 0)
(0.252 0.62 0)
(0.258 0.62 0)
(0.264 0.62 0)
(0.27 0.62 0)
(0.276 0.62 0)
(0.282 0.62 0)
(0.288 0.62 0)
(0.294 0.62 0)
(0.3 0.62 0)
(0.306 0.62 0)
(0.312 0.62 0)
(0.318 0.62 0)
(0.324 0.62 0)
(0.33 0.62 0)
(0.336 0.62 0)
(0.342 0.62 0)
(0.348 0.62 0)
(0.354 0.62 0)
(0.36 0.62 0)
(0 0.625 0)
(0.006 0.625 0)
(0.012 0.625 0)
(0.018 0.625 0)
(0.024 0.625 0)
(0.03 0.625 0)
(0.036 0.625 0)
(0.042 0.625 0)
(0.048 0.625 0)
(0.054 0.625 0)
(0.06 0.625 0)
(0.066 0.625 0)
(0.072 0.625 0)
(0.078 0.625 0)
(0.084 0.625 0)
(0.09 0.625 0)
(0.096 0.625 0)
(0.102 0.625 0)
(0.108 0.625 0)
(0.114 0.625 0)
(0.12 0.625 0)
(0.126 0.625 0)
(0.132 0.625 0)
(0.138 0.625 0)
(0.144 0.625 0)
(0.15 0.625 0)
(0.156 0.625 0)
(0.162 0.625 0)
(0.168 0.625 0)
(0.174 0.625 0)
(0.18 0.625 0)
(0.186 0.625 0)
(0.192 0.625 0)
(0.198 0.625 0)
(0.204 0.625 0)
(0.21 0.625 0)
(0.216 0.625 0)
(0.222 0.625 0)
(0.228 0.625 0)
(0.234 0.625 0)
(0.24 0.625 0)
(0.246 0.625 0)
(0.252 0.625 0)
(0.258 0.625 0)
(0.264 0.625 0)
(0.27 0.625 0)
(0.276 0.625 0)
(0.282 0.625 0)
(0.288 0.625 0)
(0.294 0.625 0)
(0.3 0.625 0)
(0.306 0.625 0)
(0.312 0.625 0)
(0.318 0.625 0)
(0.324 0.625 0)
(0.33 0.625 0)
(0.336 0.625 0)
(0.342 0.625 0)
(0.348 0.625 0)
(0.354 0.625 0)
(0.36 0.625 0)
(0 0.63 0)
(0.006 0.63 0)
(0.012 0.63 0)
(0.018 0.63 0)
(0.024 0.63 0)
(0.03 0.63 0)
(0.036 0.63 0)
(0.042 0.63 0)
(0.048 0.63 0)
(0.054 0.63 0)
(0.06 0.63 0)
(0.066 0.63 0)
(0.072 0.63 0)
(0.078 0.63 0)
(0.084 0.63 0)
(0.09 0.63 0)
(0.096 0.63 0)
(0.102 0.63 0)
(0.108 0.63 0)
(0.114 0.63 0)
(0.12 0.63 0)
(0.126 0.63 0)
(0.132 0.63 0)
(0.138 0.63 0)
(0.144 0.63 0)
(0.15 0.63 0)
(0.156 0.63 0)
(0.162 0.63 0)
(0.168 0.63 0)
(0.174 0.63 0)
(0.18 0.63 0)
(0.186 0.63 0)
(0.192 0.63 0)
(0.198 0.63 0)
(0.204 0.63 0)
(0.21 0.63 0)
(0.216 0.63 0)
(0.222 0.63 0)
(0.228 0.63 0)
(0.234 0.63 0)
(0.24 0.63 0)
(0.246 0.63 0)
(0.252 0.63 0)
(0.258 0.63 0)
(0.264 0.63 0)
(0.27 0.63 0)
(0.276 0.63 0)
(0.282 0.63 0)
(0.288 0.63 0)
(0.294 0.63 0)
(0.3 0.63 0)
(0.306 0.63 0)
(0.312 0.63 0)
(0.318 0.63 0)
(0.324 0.63 0)
(0.33 0.63 0)
(0.336 0.63 0)
(0.342 0.63 0)
(0.348 0.63 0)
(0.354 0.63 0)
(0.36 0.63 0)
(0 0.635 0)
(0.006 0.635 0)
(0.012 0.635 0)
(0.018 0.635 0)
(0.024 0.635 0)
(0.03 0.635 0)
(0.036 0.635 0)
(0.042 0.635 0)
(0.048 0.635 0)
(0.054 0.635 0)
(0.06 0.635 0)
(0.066 0.635 0)
(0.072 0.635 0)
(0.078 0.635 0)
(0.084 0.635 0)
(0.09 0.635 0)
(0.096 0.635 0)
(0.102 0.635 0)
(0.108 0.635 0)
(0.114 0.635 0)
(0.12 0.635 0)
(0.126 0.635 0)
(0.132 0.635 0)
(0.138 0.635 0)
(0.144 0.635 0)
(0.15 0.635 0)
(0.156 0.635 0)
(0.162 0.635 0)
(0.168 0.635 0)
(0.174 0.635 0)
(0.18 0.635 0)
(0.186 0.635 0)
(0.192 0.635 0)
(0.198 0.635 0)
(0.204 0.635 0)
(0.21 0.635 0)
(0.216 0.635 0)
(0.222 0.635 0)
(0.228 0.635 0)
(0.234 0.635 0)
(0.24 0.635 0)
(0.246 0.635 0)
(0.252 0.635 0)
(0.258 0.635 0)
(0.264 0.635 0)
(0.27 0.635 0)
(0.276 0.635 0)
(0.282 0.635 0)
(0.288 0.635 0)
(0.294 0.635 0)
(0.3 0.635 0)
(0.306 0.635 0)
(0.312 0.635 0)
(0.318 0.635 0)
(0.324 0.635 0)
(0.33 0.635 0)
(0.336 0.635 0)
(0.342 0.635 0)
(0.348 0.635 0)
(0.354 0.635 0)
(0.36 0.635 0)
(0 0.64 0)
(0.006 0.64 0)
(0.012 0.64 0)
(0.018 0.64 0)
(0.024 0.64 0)
(0.03 0.64 0)
(0.036 0.64 0)
(0.042 0.64 0)
(0.048 0.64 0)
(0.054 0.64 0)
(0.06 0.64 0)
(0.066 0.64 0)
(0.072 0.64 0)
(0.078 0.64 0)
(0.084 0.64 0)
(0.09 0.64 0)
(0.096 0.64 0)
(0.102 0.64 0)
(0.108 0.64 0)
(0.114 0.64 0)
(0.12 0.64 0)
(0.126 0.64 0)
(0.132 0.64 0)
(0.138 0.64 0)
(0.144 0.64 0)
(0.15 0.64 0)
(0.156 0.64 0)
(0.162 0.64 0)
(0.168 0.64 0)
(0.174 0.64 0)
(0.18 0.64 0)
(0.186 0.64 0)
(0.192 0.64 0)
(0.198 0.64 0)
(0.204 0.64 0)
(0.21 0.64 0)
(0.216 0.64 0)
(0.222 0.64 0)
(0.228 0.64 0)
(0.234 0.64 0)
(0.24 0.64 0)
(0.246 0.64 0)
(0.252 0.64 0)
(0.258 0.64 0)
(0.264 0.64 0)
(0.27 0.64 0)
(0.276 0.64 0)
(0.282 0.64 0)
(0.288 0.64 0)
(0.294 0.64 0)
(0.3 0.64 0)
(0.306 0.64 0)
(0.312 0.64 0)
(0.318 0.64 0)
(0.324 0.64 0)
(0.33 0.64 0)
(0.336 0.64 0)
(0.342 0.64 0)
(0.348 0.64 0)
(0.354 0.64 0)
(0.36 0.64 0)
(0 0.645 0)
(0.006 0.645 0)
(0.012 0.645 0)
(0.018 0.645 0)
(0.024 0.645 0)
(0.03 0.645 0)
(0.036 0.645 0)
(0.042 0.645 0)
(0.048 0.645 0)
(0.054 0.645 0)
(0.06 0.645 0)
(0.066 0.645 0)
(0.072 0.645 0)
(0.078 0.645 0)
(0.084 0.645 0)
(0.09 0.645 0)
(0.096 0.645 0)
(0.102 0.645 0)
(0.108 0.645 0)
(0.114 0.645 0)
(0.12 0.645 0)
(0.126 0.645 0)
(0.132 0.645 0)
(0.138 0.645 0)
(0.144 0.645 0)
(0.15 0.645 0)
(0.156 0.645 0)
(0.162 0.645 0)
(0.168 0.645 0)
(0.174 0.645 0)
(0.18 0.645 0)
(0.186 0.645 0)
(0.192 0.645 0)
(0.198 0.645 0)
(0.204 0.645 0)
(0.21 0.645 0)
(0.216 0.645 0)
(0.222 0.645 0)
(0.228 0.645 0)
(0.234 0.645 0)
(0.24 0.645 0)
(0.246 0.645 0)
(0.252 0.645 0)
(0.258 0.645 0)
(0.264 0.645 0)
(0.27 0.645 0)
(0.276 0.645 0)
(0.282 0.645 0)
(0.288 0.645 0)
(0.294 0.645 0)
(0.3 0.645 0)
(0.306 0.645 0)
(0.312 0.645 0)
(0.318 0.645 0)
(0.324 0.645 0)
(0.33 0.645 0)
(0.336 0.645 0)
(0.342 0.645 0)
(0.348 0.645 0)
(0.354 0.645 0)
(0.36 0.645 0)
(0 0.65 0)
(0.006 0.65 0)
(0.012 0.65 0)
(0.018 0.65 0)
(0.024 0.65 0)
(0.03 0.65 0)
(0.036 0.65 0)
(0.042 0.65 0)
(0.048 0.65 0)
(0.054 0.65 0)
(0.06 0.65 0)
(0.066 0.65 0)
(0.072 0.65 0)
(0.078 0.65 0)
(0.084 0.65 0)
(0.09 0.65 0)
(0.096 0.65 0)
(0.102 0.65 0)
(0.108 0.65 0)
(0.114 0.65 0)
(0.12 0.65 0)
(0.126 0.65 0)
(0.132 0.65 0)
(0.138 0.65 0)
(0.144 0.65 0)
(0.15 0.65 0)
(0.156 0.65 0)
(0.162 0.65 0)
(0.168 0.65 0)
(0.174 0.65 0)
(0.18 0.65 0)
(0.186 0.65 0)
(0.192 0.65 0)
(0.198 0.65 0)
(0.204 0.65 0)
(0.21 0.65 0)
(0.216 0.65 0)
(0.222 0.65 0)
(0.228 0.65 0)
(0.234 0.65 0)
(0.24 0.65 0)
(0.246 0.65 0)
(0.252 0.65 0)
(0.258 0.65 0)
(0.264 0.65 0)
(0.27 0.65 0)
(0.276 0.65 0)
(0.282 0.65 0)
(0.288 0.65 0)
(0.294 0.65 0)
(0.3 0.65 0)
(0.306 0.65 0)
(0.312 0.65 0)
(0.318 0.65 0)
(0.324 0.65 0)
(0.33 0.65 0)
(0.336 0.65 0)
(0.342 0.65 0)
(0.348 0.65 0)
(0.354 0.65 0)
(0.36 0.65 0)
(0 0.655 0)
(0.006 0.655 0)
(0.012 0.655 0)
(0.018 0.655 0)
(0.024 0.655 0)
(0.03 0.655 0)
(0.036 0.655 0)
(0.042 0.655 0)
(0.048 0.655 0)
(0.054 0.655 0)
(0.06 0.655 0)
(0.066 0.655 0)
(0.072 0.655 0)
(0.078 0.655 0)
(0.084 0.655 0)
(0.09 0.655 0)
(0.096 0.655 0)
(0.102 0.655 0)
(0.108 0.655 0)
(0.114 0.655 0)
(0.12 0.655 0)
(0.126 0.655 0)
(0.132 0.655 0)
(0.138 0.655 0)
(0.144 0.655 0)
(0.15 0.655 0)
(0.156 0.655 0)
(0.162 0.655 0)
(0.168 0.655 0)
(0.174 0.655 0)
(0.18 0.655 0)
(0.186 0.655 0)
(0.192 0.655 0)
(0.198 0.655 0)
(0.204 0.655 0)
(0.21 0.655 0)
(0.216 0.655 0)
(0.222 0.655 0)
(0.228 0.655 0)
(0.234 0.655 0)
(0.24 0.655 0)
(0.246 0.655 0)
(0.252 0.655 0)
(0.258 0.655 0)
(0.264 0.655 0)
(0.27 0.655 0)
(0.276 0.655 0)
(0.282 0.655 0)
(0.288 0.655 0)
(0.294 0.655 0)
(0.3 0.655 0)
(0.306 0.655 0)
(0.312 0.655 0)
(0.318 0.655 0)
(0.324 0.655 0)
(0.33 0.655 0)
(0.336 0.655 0)
(0.342 0.655 0)
(0.348 0.655 0)
(0.354 0.655 0)
(0.36 0.655 0)
(0 0.66 0)
(0.006 0.66 0)
(0.012 0.66 0)
(0.018 0.66 0)
(0.024 0.66 0)
(0.03 0.66 0)
(0.036 0.66 0)
(0.042 0.66 0)
(0.048 0.66 0)
(0.054 0.66 0)
(0.06 0.66 0)
(0.066 0.66 0)
(0.072 0.66 0)
(0.078 0.66 0)
(0.084 0.66 0)
(0.09 0.66 0)
(0.096 0.66 0)
(0.102 0.66 0)
(0.108 0.66 0)
(0.114 0.66 0)
(0.12 0.66 0)
(0.126 0.66 0)
(0.132 0.66 0)
(0.138 0.66 0)
(0.144 0.66 0)
(0.15 0.66 0)
(0.156 0.66 0)
(0.162 0.66 0)
(0.168 0.66 0)
(0.174 0.66 0)
(0.18 0.66 0)
(0.186 0.66 0)
(0.192 0.66 0)
(0.198 0.66 0)
(0.204 0.66 0)
(0.21 0.66 0)
(0.216 0.66 0)
(0.222 0.66 0)
(0.228 0.66 0)
(0.234 0.66 0)
(0.24 0.66 0)
(0.246 0.66 0)
(0.252 0.66 0)
(0.258 0.66 0)
(0.264 0.66 0)
(0.27 0.66 0)
(0.276 0.66 0)
(0.282 0.66 0)
(0.288 0.66 0)
(0.294 0.66 0)
(0.3 0.66 0)
(0.306 0.66 0)
(0.312 0.66 0)
(0.318 0.66 0)
(0.324 0.66 0)
(0.33 0.66 0)
(0.336 0.66 0)
(0.342 0.66 0)
(0.348 0.66 0)
(0.354 0.66 0)
(0.36 0.66 0)
(0 0.665 0)
(0.006 0.665 0)
(0.012 0.665 0)
(0.018 0.665 0)
(0.024 0.665 0)
(0.03 0.665 0)
(0.036 0.665 0)
(0.042 0.665 0)
(0.048 0.665 0)
(0.054 0.665 0)
(0.06 0.665 0)
(0.066 0.665 0)
(0.072 0.665 0)
(0.078 0.665 0)
(0.084 0.665 0)
(0.09 0.665 0)
(0.096 0.665 0)
(0.102 0.665 0)
(0.108 0.665 0)
(0.114 0.665 0)
(0.12 0.665 0)
(0.126 0.665 0)
(0.132 0.665 0)
(0.138 0.665 0)
(0.144 0.665 0)
(0.15 0.665 0)
(0.156 0.665 0)
(0.162 0.665 0)
(0.168 0.665 0)
(0.174 0.665 0)
(0.18 0.665 0)
(0.186 0.665 0)
(0.192 0.665 0)
(0.198 0.665 0)
(0.204 0.665 0)
(0.21 0.665 0)
(0.216 0.665 0)
(0.222 0.665 0)
(0.228 0.665 0)
(0.234 0.665 0)
(0.24 0.665 0)
(0.246 0.665 0)
(0.252 0.665 0)
(0.258 0.665 0)
(0.264 0.665 0)
(0.27 0.665 0)
(0.276 0.665 0)
(0.282 0.665 0)
(0.288 0.665 0)
(0.294 0.665 0)
(0.3 0.665 0)
(0.306 0.665 0)
(0.312 0.665 0)
(0.318 0.665 0)
(0.324 0.665 0)
(0.33 0.665 0)
(0.336 0.665 0)
(0.342 0.665 0)
(0.348 0.665 0)
(0.354 0.665 0)
(0.36 0.665 0)
(0 0.67 0)
(0.006 0.67 0)
(0.012 0.67 0)
(0.018 0.67 0)
(0.024 0.67 0)
(0.03 0.67 0)
(0.036 0.67 0)
(0.042 0.67 0)
(0.048 0.67 0)
(0.054 0.67 0)
(0.06 0.67 0)
(0.066 0.67 0)
(0.072 0.67 0)
(0.078 0.67 0)
(0.084 0.67 0)
(0.09 0.67 0)
(0.096 0.67 0)
(0.102 0.67 0)
(0.108 0.67 0)
(0.114 0.67 0)
(0.12 0.67 0)
(0.126 0.67 0)
(0.132 0.67 0)
(0.138 0.67 0)
(0.144 0.67 0)
(0.15 0.67 0)
(0.156 0.67 0)
(0.162 0.67 0)
(0.168 0.67 0)
(0.174 0.67 0)
(0.18 0.67 0)
(0.186 0.67 0)
(0.192 0.67 0)
(0.198 0.67 0)
(0.204 0.67 0)
(0.21 0.67 0)
(0.216 0.67 0)
(0.222 0.67 0)
(0.228 0.67 0)
(0.234 0.67 0)
(0.24 0.67 0)
(0.246 0.67 0)
(0.252 0.67 0)
(0.258 0.67 0)
(0.264 0.67 0)
(0.27 0.67 0)
(0.276 0.67 0)
(0.282 0.67 0)
(0.288 0.67 0)
(0.294 0.67 0)
(0.3 0.67 0)
(0.306 0.67 0)
(0.312 0.67 0)
(0.318 0.67 0)
(0.324 0.67 0)
(0.33 0.67 0)
(0.336 0.67 0)
(0.342 0.67 0)
(0.348 0.67 0)
(0.354 0.67 0)
(0.36 0.67 0)
(0 0.675 0)
(0.006 0.675 0)
(0.012 0.675 0)
(0.018 0.675 0)
(0.024 0.675 0)
(0.03 0.675 0)
(0.036 0.675 0)
(0.042 0.675 0)
(0.048 0.675 0)
(0.054 0.675 0)
(0.06 0.675 0)
(0.066 0.675 0)
(0.072 0.675 0)
(0.078 0.675 0)
(0.084 0.675 0)
(0.09 0.675 0)
(0.096 0.675 0)
(0.102 0.675 0)
(0.108 0.675 0)
(0.114 0.675 0)
(0.12 0.675 0)
(0.126 0.675 0)
(0.132 0.675 0)
(0.138 0.675 0)
(0.144 0.675 0)
(0.15 0.675 0)
(0.156 0.675 0)
(0.162 0.675 0)
(0.168 0.675 0)
(0.174 0.675 0)
(0.18 0.675 0)
(0.186 0.675 0)
(0.192 0.675 0)
(0.198 0.675 0)
(0.204 0.675 0)
(0.21 0.675 0)
(0.216 0.675 0)
(0.222 0.675 0)
(0.228 0.675 0)
(0.234 0.675 0)
(0.24 0.675 0)
(0.246 0.675 0)
(0.252 0.675 0)
(0.258 0.675 0)
(0.264 0.675 0)
(0.27 0.675 0)
(0.276 0.675 0)
(0.282 0.675 0)
(0.288 0.675 0)
(0.294 0.675 0)
(0.3 0.675 0)
(0.306 0.675 0)
(0.312 0.675 0)
(0.318 0.675 0)
(0.324 0.675 0)
(0.33 0.675 0)
(0.336 0.675 0)
(0.342 0.675 0)
(0.348 0.675 0)
(0.354 0.675 0)
(0.36 0.675 0)
(0 0.68 0)
(0.006 0.68 0)
(0.012 0.68 0)
(0.018 0.68 0)
(0.024 0.68 0)
(0.03 0.68 0)
(0.036 0.68 0)
(0.042 0.68 0)
(0.048 0.68 0)
(0.054 0.68 0)
(0.06 0.68 0)
(0.066 0.68 0)
(0.072 0.68 0)
(0.078 0.68 0)
(0.084 0.68 0)
(0.09 0.68 0)
(0.096 0.68 0)
(0.102 0.68 0)
(0.108 0.68 0)
(0.114 0.68 0)
(0.12 0.68 0)
(0.126 0.68 0)
(0.132 0.68 0)
(0.138 0.68 0)
(0.144 0.68 0)
(0.15 0.68 0)
(0.156 0.68 0)
(0.162 0.68 0)
(0.168 0.68 0)
(0.174 0.68 0)
(0.18 0.68 0)
(0.186 0.68 0)
(0.192 0.68 0)
(0.198 0.68 0)
(0.204 0.68 0)
(0.21 0.68 0)
(0.216 0.68 0)
(0.222 0.68 0)
(0.228 0.68 0)
(0.234 0.68 0)
(0.24 0.68 0)
(0.246 0.68 0)
(0.252 0.68 0)
(0.258 0.68 0)
(0.264 0.68 0)
(0.27 0.68 0)
(0.276 0.68 0)
(0.282 0.68 0)
(0.288 0.68 0)
(0.294 0.68 0)
(0.3 0.68 0)
(0.306 0.68 0)
(0.312 0.68 0)
(0.318 0.68 0)
(0.324 0.68 0)
(0.33 0.68 0)
(0.336 0.68 0)
(0.342 0.68 0)
(0.348 0.68 0)
(0.354 0.68 0)
(0.36 0.68 0)
(0 0.685 0)
(0.006 0.685 0)
(0.012 0.685 0)
(0.018 0.685 0)
(0.024 0.685 0)
(0.03 0.685 0)
(0.036 0.685 0)
(0.042 0.685 0)
(0.048 0.685 0)
(0.054 0.685 0)
(0.06 0.685 0)
(0.066 0.685 0)
(0.072 0.685 0)
(0.078 0.685 0)
(0.084 0.685 0)
(0.09 0.685 0)
(0.096 0.685 0)
(0.102 0.685 0)
(0.108 0.685 0)
(0.114 0.685 0)
(0.12 0.685 0)
(0.126 0.685 0)
(0.132 0.685 0)
(0.138 0.685 0)
(0.144 0.685 0)
(0.15 0.685 0)
(0.156 0.685 0)
(0.162 0.685 0)
(0.168 0.685 0)
(0.174 0.685 0)
(0.18 0.685 0)
(0.186 0.685 0)
(0.192 0.685 0)
(0.198 0.685 0)
(0.204 0.685 0)
(0.21 0.685 0)
(0.216 0.685 0)
(0.222 0.685 0)
(0.228 0.685 0)
(0.234 0.685 0)
(0.24 0.685 0)
(0.246 0.685 0)
(0.252 0.685 0)
(0.258 0.685 0)
(0.264 0.685 0)
(0.27 0.685 0)
(0.276 0.685 0)
(0.282 0.685 0)
(0.288 0.685 0)
(0.294 0.685 0)
(0.3 0.685 0)
(0.306 0.685 0)
(0.312 0.685 0)
(0.318 0.685 0)
(0.324 0.685 0)
(0.33 0.685 0)
(0.336 0.685 0)
(0.342 0.685 0)
(0.348 0.685 0)
(0.354 0.685 0)
(0.36 0.685 0)
(0 0.69 0)
(0.006 0.69 0)
(0.012 0.69 0)
(0.018 0.69 0)
(0.024 0.69 0)
(0.03 0.69 0)
(0.036 0.69 0)
(0.042 0.69 0)
(0.048 0.69 0)
(0.054 0.69 0)
(0.06 0.69 0)
(0.066 0.69 0)
(0.072 0.69 0)
(0.078 0.69 0)
(0.084 0.69 0)
(0.09 0.69 0)
(0.096 0.69 0)
(0.102 0.69 0)
(0.108 0.69 0)
(0.114 0.69 0)
(0.12 0.69 0)
(0.126 0.69 0)
(0.132 0.69 0)
(0.138 0.69 0)
(0.144 0.69 0)
(0.15 0.69 0)
(0.156 0.69 0)
(0.162 0.69 0)
(0.168 0.69 0)
(0.174 0.69 0)
(0.18 0.69 0)
(0.186 0.69 0)
(0.192 0.69 0)
(0.198 0.69 0)
(0.204 0.69 0)
(0.21 0.69 0)
(0.216 0.69 0)
(0.222 0.69 0)
(0.228 0.69 0)
(0.234 0.69 0)
(0.24 0.69 0)
(0.246 0.69 0)
(0.252 0.69 0)
(0.258 0.69 0)
(0.264 0.69 0)
(0.27 0.69 0)
(0.276 0.69 0)
(0.282 0.69 0)
(0.288 0.69 0)
(0.294 0.69 0)
(0.3 0.69 0)
(0.306 0.69 0)
(0.312 0.69 0)
(0.318 0.69 0)
(0.324 0.69 0)
(0.33 0.69 0)
(0.336 0.69 0)
(0.342 0.69 0)
(0.348 0.69 0)
(0.354 0.69 0)
(0.36 0.69 0)
(0 0.695 0)
(0.006 0.695 0)
(0.012 0.695 0)
(0.018 0.695 0)
(0.024 0.695 0)
(0.03 0.695 0)
(0.036 0.695 0)
(0.042 0.695 0)
(0.048 0.695 0)
(0.054 0.695 0)
(0.06 0.695 0)
(0.066 0.695 0)
(0.072 0.695 0)
(0.078 0.695 0)
(0.084 0.695 0)
(0.09 0.695 0)
(0.096 0.695 0)
(0.102 0.695 0)
(0.108 0.695 0)
(0.114 0.695 0)
(0.12 0.695 0)
(0.126 0.695 0)
(0.132 0.695 0)
(0.138 0.695 0)
(0.144 0.695 0)
(0.15 0.695 0)
(0.156 0.695 0)
(0.162 0.695 0)
(0.168 0.695 0)
(0.174 0.695 0)
(0.18 0.695 0)
(0.186 0.695 0)
(0.192 0.695 0)
(0.198 0.695 0)
(0.204 0.695 0)
(0.21 0.695 0)
(0.216 0.695 0)
(0.222 0.695 0)
(0.228 0.695 0)
(0.234 0.695 0)
(0.24 0.695 0)
(0.246 0.695 0)
(0.252 0.695 0)
(0.258 0.695 0)
(0.264 0.695 0)
(0.27 0.695 0)
(0.276 0.695 0)
(0.282 0.695 0)
(0.288 0.695 0)
(0.294 0.695 0)
(0.3 0.695 0)
(0.306 0.695 0)
(0.312 0.695 0)
(0.318 0.695 0)
(0.324 0.695 0)
(0.33 0.695 0)
(0.336 0.695 0)
(0.342 0.695 0)
(0.348 0.695 0)
(0.354 0.695 0)
(0.36 0.695 0)
(0 0.7 0)
(0.006 0.7 0)
(0.012 0.7 0)
(0.018 0.7 0)
(0.024 0.7 0)
(0.03 0.7 0)
(0.036 0.7 0)
(0.042 0.7 0)
(0.048 0.7 0)
(0.054 0.7 0)
(0.06 0.7 0)
(0.066 0.7 0)
(0.072 0.7 0)
(0.078 0.7 0)
(0.084 0.7 0)
(0.09 0.7 0)
(0.096 0.7 0)
(0.102 0.7 0)
(0.108 0.7 0)
(0.114 0.7 0)
(0.12 0.7 0)
(0.126 0.7 0)
(0.132 0.7 0)
(0.138 0.7 0)
(0.144 0.7 0)
(0.15 0.7 0)
(0.156 0.7 0)
(0.162 0.7 0)
(0.168 0.7 0)
(0.174 0.7 0)
(0.18 0.7 0)
(0.186 0.7 0)
(0.192 0.7 0)
(0.198 0.7 0)
(0.204 0.7 0)
(0.21 0.7 0)
(0.216 0.7 0)
(0.222 0.7 0)
(0.228 0.7 0)
(0.234 0.7 0)
(0.24 0.7 0)
(0.246 0.7 0)
(0.252 0.7 0)
(0.258 0.7 0)
(0.264 0.7 0)
(0.27 0.7 0)
(0.276 0.7 0)
(0.282 0.7 0)
(0.288 0.7 0)
(0.294 0.7 0)
(0.3 0.7 0)
(0.306 0.7 0)
(0.312 0.7 0)
(0.318 0.7 0)
(0.324 0.7 0)
(0.33 0.7 0)
(0.336 0.7 0)
(0.342 0.7 0)
(0.348 0.7 0)
(0.354 0.7 0)
(0.36 0.7 0)
(0 0 0.01)
(0.006 0 0.01)
(0.012 0 0.01)
(0.018 0 0.01)
(0.024 0 0.01)
(0.03 0 0.01)
(0.036 0 0.01)
(0.042 0 0.01)
(0.048 0 0.01)
(0.054 0 0.01)
(0.06 0 0.01)
(0.066 0 0.01)
(0.072 0 0.01)
(0.078 0 0.01)
(0.084 0 0.01)
(0.09 0 0.01)
(0.096 0 0.01)
(0.102 0 0.01)
(0.108 0 0.01)
(0.114 0 0.01)
(0.12 0 0.01)
(0.126 0 0.01)
(0.132 0 0.01)
(0.138 0 0.01)
(0.144 0 0.01)
(0.15 0 0.01)
(0.156 0 0.01)
(0.162 0 0.01)
(0.168 0 0.01)
(0.174 0 0.01)
(0.18 0 0.01)
(0.186 0 0.01)
(0.192 0 0.01)
(0.198 0 0.01)
(0.204 0 0.01)
(0.21 0 0.01)
(0.216 0 0.01)
(0.222 0 0.01)
(0.228 0 0.01)
(0.234 0 0.01)
(0.24 0 0.01)
(0.246 0 0.01)
(0.252 0 0.01)
(0.258 0 0.01)
(0.264 0 0.01)
(0.27 0 0.01)
(0.276 0 0.01)
(0.282 0 0.01)
(0.288 0 0.01)
(0.294 0 0.01)
(0.3 0 0.01)
(0.306 0 0.01)
(0.312 0 0.01)
(0.318 0 0.01)
(0.324 0 0.01)
(0.33 0 0.01)
(0.336 0 0.01)
(0.342 0 0.01)
(0.348 0 0.01)
(0.354 0 0.01)
(0.36 0 0.01)
(0 0.005 0.01)
(0.006 0.005 0.01)
(0.012 0.005 0.01)
(0.018 0.005 0.01)
(0.024 0.005 0.01)
(0.03 0.005 0.01)
(0.036 0.005 0.01)
(0.042 0.005 0.01)
(0.048 0.005 0.01)
(0.054 0.005 0.01)
(0.06 0.005 0.01)
(0.066 0.005 0.01)
(0.072 0.005 0.01)
(0.078 0.005 0.01)
(0.084 0.005 0.01)
(0.09 0.005 0.01)
(0.096 0.005 0.01)
(0.102 0.005 0.01)
(0.108 0.005 0.01)
(0.114 0.005 0.01)
(0.12 0.005 0.01)
(0.126 0.005 0.01)
(0.132 0.005 0.01)
(0.138 0.005 0.01)
(0.144 0.005 0.01)
(0.15 0.005 0.01)
(0.156 0.005 0.01)
(0.162 0.005 0.01)
(0.168 0.005 0.01)
(0.174 0.005 0.01)
(0.18 0.005 0.01)
(0.186 0.005 0.01)
(0.192 0.005 0.01)
(0.198 0.005 0.01)
(0.204 0.005 0.01)
(0.21 0.005 0.01)
(0.216 0.005 0.01)
(0.222 0.005 0.01)
(0.228 0.005 0.01)
(0.234 0.005 0.01)
(0.24 0.005 0.01)
(0.246 0.005 0.01)
(0.252 0.005 0.01)
(0.258 0.005 0.01)
(0.264 0.005 0.01)
(0.27 0.005 0.01)
(0.276 0.005 0.01)
(0.282 0.005 0.01)
(0.288 0.005 0.01)
(0.294 0.005 0.01)
(0.3 0.005 0.01)
(0.306 0.005 0.01)
(0.312 0.005 0.01)
(0.318 0.005 0.01)
(0.324 0.005 0.01)
(0.33 0.005 0.01)
(0.336 0.005 0.01)
(0.342 0.005 0.01)
(0.348 0.005 0.01)
(0.354 0.005 0.01)
(0.36 0.005 0.01)
(0 0.01 0.01)
(0.006 0.01 0.01)
(0.012 0.01 0.01)
(0.018 0.01 0.01)
(0.024 0.01 0.01)
(0.03 0.01 0.01)
(0.036 0.01 0.01)
(0.042 0.01 0.01)
(0.048 0.01 0.01)
(0.054 0.01 0.01)
(0.06 0.01 0.01)
(0.066 0.01 0.01)
(0.072 0.01 0.01)
(0.078 0.01 0.01)
(0.084 0.01 0.01)
(0.09 0.01 0.01)
(0.096 0.01 0.01)
(0.102 0.01 0.01)
(0.108 0.01 0.01)
(0.114 0.01 0.01)
(0.12 0.01 0.01)
(0.126 0.01 0.01)
(0.132 0.01 0.01)
(0.138 0.01 0.01)
(0.144 0.01 0.01)
(0.15 0.01 0.01)
(0.156 0.01 0.01)
(0.162 0.01 0.01)
(0.168 0.01 0.01)
(0.174 0.01 0.01)
(0.18 0.01 0.01)
(0.186 0.01 0.01)
(0.192 0.01 0.01)
(0.198 0.01 0.01)
(0.204 0.01 0.01)
(0.21 0.01 0.01)
(0.216 0.01 0.01)
(0.222 0.01 0.01)
(0.228 0.01 0.01)
(0.234 0.01 0.01)
(0.24 0.01 0.01)
(0.246 0.01 0.01)
(0.252 0.01 0.01)
(0.258 0.01 0.01)
(0.264 0.01 0.01)
(0.27 0.01 0.01)
(0.276 0.01 0.01)
(0.282 0.01 0.01)
(0.288 0.01 0.01)
(0.294 0.01 0.01)
(0.3 0.01 0.01)
(0.306 0.01 0.01)
(0.312 0.01 0.01)
(0.318 0.01 0.01)
(0.324 0.01 0.01)
(0.33 0.01 0.01)
(0.336 0.01 0.01)
(0.342 0.01 0.01)
(0.348 0.01 0.01)
(0.354 0.01 0.01)
(0.36 0.01 0.01)
(0 0.015 0.01)
(0.006 0.015 0.01)
(0.012 0.015 0.01)
(0.018 0.015 0.01)
(0.024 0.015 0.01)
(0.03 0.015 0.01)
(0.036 0.015 0.01)
(0.042 0.015 0.01)
(0.048 0.015 0.01)
(0.054 0.015 0.01)
(0.06 0.015 0.01)
(0.066 0.015 0.01)
(0.072 0.015 0.01)
(0.078 0.015 0.01)
(0.084 0.015 0.01)
(0.09 0.015 0.01)
(0.096 0.015 0.01)
(0.102 0.015 0.01)
(0.108 0.015 0.01)
(0.114 0.015 0.01)
(0.12 0.015 0.01)
(0.126 0.015 0.01)
(0.132 0.015 0.01)
(0.138 0.015 0.01)
(0.144 0.015 0.01)
(0.15 0.015 0.01)
(0.156 0.015 0.01)
(0.162 0.015 0.01)
(0.168 0.015 0.01)
(0.174 0.015 0.01)
(0.18 0.015 0.01)
(0.186 0.015 0.01)
(0.192 0.015 0.01)
(0.198 0.015 0.01)
(0.204 0.015 0.01)
(0.21 0.015 0.01)
(0.216 0.015 0.01)
(0.222 0.015 0.01)
(0.228 0.015 0.01)
(0.234 0.015 0.01)
(0.24 0.015 0.01)
(0.246 0.015 0.01)
(0.252 0.015 0.01)
(0.258 0.015 0.01)
(0.264 0.015 0.01)
(0.27 0.015 0.01)
(0.276 0.015 0.01)
(0.282 0.015 0.01)
(0.288 0.015 0.01)
(0.294 0.015 0.01)
(0.3 0.015 0.01)
(0.306 0.015 0.01)
(0.312 0.015 0.01)
(0.318 0.015 0.01)
(0.324 0.015 0.01)
(0.33 0.015 0.01)
(0.336 0.015 0.01)
(0.342 0.015 0.01)
(0.348 0.015 0.01)
(0.354 0.015 0.01)
(0.36 0.015 0.01)
(0 0.02 0.01)
(0.006 0.02 0.01)
(0.012 0.02 0.01)
(0.018 0.02 0.01)
(0.024 0.02 0.01)
(0.03 0.02 0.01)
(0.036 0.02 0.01)
(0.042 0.02 0.01)
(0.048 0.02 0.01)
(0.054 0.02 0.01)
(0.06 0.02 0.01)
(0.066 0.02 0.01)
(0.072 0.02 0.01)
(0.078 0.02 0.01)
(0.084 0.02 0.01)
(0.09 0.02 0.01)
(0.096 0.02 0.01)
(0.102 0.02 0.01)
(0.108 0.02 0.01)
(0.114 0.02 0.01)
(0.12 0.02 0.01)
(0.126 0.02 0.01)
(0.132 0.02 0.01)
(0.138 0.02 0.01)
(0.144 0.02 0.01)
(0.15 0.02 0.01)
(0.156 0.02 0.01)
(0.162 0.02 0.01)
(0.168 0.02 0.01)
(0.174 0.02 0.01)
(0.18 0.02 0.01)
(0.186 0.02 0.01)
(0.192 0.02 0.01)
(0.198 0.02 0.01)
(0.204 0.02 0.01)
(0.21 0.02 0.01)
(0.216 0.02 0.01)
(0.222 0.02 0.01)
(0.228 0.02 0.01)
(0.234 0.02 0.01)
(0.24 0.02 0.01)
(0.246 0.02 0.01)
(0.252 0.02 0.01)
(0.258 0.02 0.01)
(0.264 0.02 0.01)
(0.27 0.02 0.01)
(0.276 0.02 0.01)
(0.282 0.02 0.01)
(0.288 0.02 0.01)
(0.294 0.02 0.01)
(0.3 0.02 0.01)
(0.306 0.02 0.01)
(0.312 0.02 0.01)
(0.318 0.02 0.01)
(0.324 0.02 0.01)
(0.33 0.02 0.01)
(0.336 0.02 0.01)
(0.342 0.02 0.01)
(0.348 0.02 0.01)
(0.354 0.02 0.01)
(0.36 0.02 0.01)
(0 0.025 0.01)
(0.006 0.025 0.01)
(0.012 0.025 0.01)
(0.018 0.025 0.01)
(0.024 0.025 0.01)
(0.03 0.025 0.01)
(0.036 0.025 0.01)
(0.042 0.025 0.01)
(0.048 0.025 0.01)
(0.054 0.025 0.01)
(0.06 0.025 0.01)
(0.066 0.025 0.01)
(0.072 0.025 0.01)
(0.078 0.025 0.01)
(0.084 0.025 0.01)
(0.09 0.025 0.01)
(0.096 0.025 0.01)
(0.102 0.025 0.01)
(0.108 0.025 0.01)
(0.114 0.025 0.01)
(0.12 0.025 0.01)
(0.126 0.025 0.01)
(0.132 0.025 0.01)
(0.138 0.025 0.01)
(0.144 0.025 0.01)
(0.15 0.025 0.01)
(0.156 0.025 0.01)
(0.162 0.025 0.01)
(0.168 0.025 0.01)
(0.174 0.025 0.01)
(0.18 0.025 0.01)
(0.186 0.025 0.01)
(0.192 0.025 0.01)
(0.198 0.025 0.01)
(0.204 0.025 0.01)
(0.21 0.025 0.01)
(0.216 0.025 0.01)
(0.222 0.025 0.01)
(0.228 0.025 0.01)
(0.234 0.025 0.01)
(0.24 0.025 0.01)
(0.246 0.025 0.01)
(0.252 0.025 0.01)
(0.258 0.025 0.01)
(0.264 0.025 0.01)
(0.27 0.025 0.01)
(0.276 0.025 0.01)
(0.282 0.025 0.01)
(0.288 0.025 0.01)
(0.294 0.025 0.01)
(0.3 0.025 0.01)
(0.306 0.025 0.01)
(0.312 0.025 0.01)
(0.318 0.025 0.01)
(0.324 0.025 0.01)
(0.33 0.025 0.01)
(0.336 0.025 0.01)
(0.342 0.025 0.01)
(0.348 0.025 0.01)
(0.354 0.025 0.01)
(0.36 0.025 0.01)
(0 0.03 0.01)
(0.006 0.03 0.01)
(0.012 0.03 0.01)
(0.018 0.03 0.01)
(0.024 0.03 0.01)
(0.03 0.03 0.01)
(0.036 0.03 0.01)
(0.042 0.03 0.01)
(0.048 0.03 0.01)
(0.054 0.03 0.01)
(0.06 0.03 0.01)
(0.066 0.03 0.01)
(0.072 0.03 0.01)
(0.078 0.03 0.01)
(0.084 0.03 0.01)
(0.09 0.03 0.01)
(0.096 0.03 0.01)
(0.102 0.03 0.01)
(0.108 0.03 0.01)
(0.114 0.03 0.01)
(0.12 0.03 0.01)
(0.126 0.03 0.01)
(0.132 0.03 0.01)
(0.138 0.03 0.01)
(0.144 0.03 0.01)
(0.15 0.03 0.01)
(0.156 0.03 0.01)
(0.162 0.03 0.01)
(0.168 0.03 0.01)
(0.174 0.03 0.01)
(0.18 0.03 0.01)
(0.186 0.03 0.01)
(0.192 0.03 0.01)
(0.198 0.03 0.01)
(0.204 0.03 0.01)
(0.21 0.03 0.01)
(0.216 0.03 0.01)
(0.222 0.03 0.01)
(0.228 0.03 0.01)
(0.234 0.03 0.01)
(0.24 0.03 0.01)
(0.246 0.03 0.01)
(0.252 0.03 0.01)
(0.258 0.03 0.01)
(0.264 0.03 0.01)
(0.27 0.03 0.01)
(0.276 0.03 0.01)
(0.282 0.03 0.01)
(0.288 0.03 0.01)
(0.294 0.03 0.01)
(0.3 0.03 0.01)
(0.306 0.03 0.01)
(0.312 0.03 0.01)
(0.318 0.03 0.01)
(0.324 0.03 0.01)
(0.33 0.03 0.01)
(0.336 0.03 0.01)
(0.342 0.03 0.01)
(0.348 0.03 0.01)
(0.354 0.03 0.01)
(0.36 0.03 0.01)
(0 0.035 0.01)
(0.006 0.035 0.01)
(0.012 0.035 0.01)
(0.018 0.035 0.01)
(0.024 0.035 0.01)
(0.03 0.035 0.01)
(0.036 0.035 0.01)
(0.042 0.035 0.01)
(0.048 0.035 0.01)
(0.054 0.035 0.01)
(0.06 0.035 0.01)
(0.066 0.035 0.01)
(0.072 0.035 0.01)
(0.078 0.035 0.01)
(0.084 0.035 0.01)
(0.09 0.035 0.01)
(0.096 0.035 0.01)
(0.102 0.035 0.01)
(0.108 0.035 0.01)
(0.114 0.035 0.01)
(0.12 0.035 0.01)
(0.126 0.035 0.01)
(0.132 0.035 0.01)
(0.138 0.035 0.01)
(0.144 0.035 0.01)
(0.15 0.035 0.01)
(0.156 0.035 0.01)
(0.162 0.035 0.01)
(0.168 0.035 0.01)
(0.174 0.035 0.01)
(0.18 0.035 0.01)
(0.186 0.035 0.01)
(0.192 0.035 0.01)
(0.198 0.035 0.01)
(0.204 0.035 0.01)
(0.21 0.035 0.01)
(0.216 0.035 0.01)
(0.222 0.035 0.01)
(0.228 0.035 0.01)
(0.234 0.035 0.01)
(0.24 0.035 0.01)
(0.246 0.035 0.01)
(0.252 0.035 0.01)
(0.258 0.035 0.01)
(0.264 0.035 0.01)
(0.27 0.035 0.01)
(0.276 0.035 0.01)
(0.282 0.035 0.01)
(0.288 0.035 0.01)
(0.294 0.035 0.01)
(0.3 0.035 0.01)
(0.306 0.035 0.01)
(0.312 0.035 0.01)
(0.318 0.035 0.01)
(0.324 0.035 0.01)
(0.33 0.035 0.01)
(0.336 0.035 0.01)
(0.342 0.035 0.01)
(0.348 0.035 0.01)
(0.354 0.035 0.01)
(0.36 0.035 0.01)
(0 0.04 0.01)
(0.006 0.04 0.01)
(0.012 0.04 0.01)
(0.018 0.04 0.01)
(0.024 0.04 0.01)
(0.03 0.04 0.01)
(0.036 0.04 0.01)
(0.042 0.04 0.01)
(0.048 0.04 0.01)
(0.054 0.04 0.01)
(0.06 0.04 0.01)
(0.066 0.04 0.01)
(0.072 0.04 0.01)
(0.078 0.04 0.01)
(0.084 0.04 0.01)
(0.09 0.04 0.01)
(0.096 0.04 0.01)
(0.102 0.04 0.01)
(0.108 0.04 0.01)
(0.114 0.04 0.01)
(0.12 0.04 0.01)
(0.126 0.04 0.01)
(0.132 0.04 0.01)
(0.138 0.04 0.01)
(0.144 0.04 0.01)
(0.15 0.04 0.01)
(0.156 0.04 0.01)
(0.162 0.04 0.01)
(0.168 0.04 0.01)
(0.174 0.04 0.01)
(0.18 0.04 0.01)
(0.186 0.04 0.01)
(0.192 0.04 0.01)
(0.198 0.04 0.01)
(0.204 0.04 0.01)
(0.21 0.04 0.01)
(0.216 0.04 0.01)
(0.222 0.04 0.01)
(0.228 0.04 0.01)
(0.234 0.04 0.01)
(0.24 0.04 0.01)
(0.246 0.04 0.01)
(0.252 0.04 0.01)
(0.258 0.04 0.01)
(0.264 0.04 0.01)
(0.27 0.04 0.01)
(0.276 0.04 0.01)
(0.282 0.04 0.01)
(0.288 0.04 0.01)
(0.294 0.04 0.01)
(0.3 0.04 0.01)
(0.306 0.04 0.01)
(0.312 0.04 0.01)
(0.318 0.04 0.01)
(0.324 0.04 0.01)
(0.33 0.04 0.01)
(0.336 0.04 0.01)
(0.342 0.04 0.01)
(0.348 0.04 0.01)
(0.354 0.04 0.01)
(0.36 0.04 0.01)
(0 0.045 0.01)
(0.006 0.045 0.01)
(0.012 0.045 0.01)
(0.018 0.045 0.01)
(0.024 0.045 0.01)
(0.03 0.045 0.01)
(0.036 0.045 0.01)
(0.042 0.045 0.01)
(0.048 0.045 0.01)
(0.054 0.045 0.01)
(0.06 0.045 0.01)
(0.066 0.045 0.01)
(0.072 0.045 0.01)
(0.078 0.045 0.01)
(0.084 0.045 0.01)
(0.09 0.045 0.01)
(0.096 0.045 0.01)
(0.102 0.045 0.01)
(0.108 0.045 0.01)
(0.114 0.045 0.01)
(0.12 0.045 0.01)
(0.126 0.045 0.01)
(0.132 0.045 0.01)
(0.138 0.045 0.01)
(0.144 0.045 0.01)
(0.15 0.045 0.01)
(0.156 0.045 0.01)
(0.162 0.045 0.01)
(0.168 0.045 0.01)
(0.174 0.045 0.01)
(0.18 0.045 0.01)
(0.186 0.045 0.01)
(0.192 0.045 0.01)
(0.198 0.045 0.01)
(0.204 0.045 0.01)
(0.21 0.045 0.01)
(0.216 0.045 0.01)
(0.222 0.045 0.01)
(0.228 0.045 0.01)
(0.234 0.045 0.01)
(0.24 0.045 0.01)
(0.246 0.045 0.01)
(0.252 0.045 0.01)
(0.258 0.045 0.01)
(0.264 0.045 0.01)
(0.27 0.045 0.01)
(0.276 0.045 0.01)
(0.282 0.045 0.01)
(0.288 0.045 0.01)
(0.294 0.045 0.01)
(0.3 0.045 0.01)
(0.306 0.045 0.01)
(0.312 0.045 0.01)
(0.318 0.045 0.01)
(0.324 0.045 0.01)
(0.33 0.045 0.01)
(0.336 0.045 0.01)
(0.342 0.045 0.01)
(0.348 0.045 0.01)
(0.354 0.045 0.01)
(0.36 0.045 0.01)
(0 0.05 0.01)
(0.006 0.05 0.01)
(0.012 0.05 0.01)
(0.018 0.05 0.01)
(0.024 0.05 0.01)
(0.03 0.05 0.01)
(0.036 0.05 0.01)
(0.042 0.05 0.01)
(0.048 0.05 0.01)
(0.054 0.05 0.01)
(0.06 0.05 0.01)
(0.066 0.05 0.01)
(0.072 0.05 0.01)
(0.078 0.05 0.01)
(0.084 0.05 0.01)
(0.09 0.05 0.01)
(0.096 0.05 0.01)
(0.102 0.05 0.01)
(0.108 0.05 0.01)
(0.114 0.05 0.01)
(0.12 0.05 0.01)
(0.126 0.05 0.01)
(0.132 0.05 0.01)
(0.138 0.05 0.01)
(0.144 0.05 0.01)
(0.15 0.05 0.01)
(0.156 0.05 0.01)
(0.162 0.05 0.01)
(0.168 0.05 0.01)
(0.174 0.05 0.01)
(0.18 0.05 0.01)
(0.186 0.05 0.01)
(0.192 0.05 0.01)
(0.198 0.05 0.01)
(0.204 0.05 0.01)
(0.21 0.05 0.01)
(0.216 0.05 0.01)
(0.222 0.05 0.01)
(0.228 0.05 0.01)
(0.234 0.05 0.01)
(0.24 0.05 0.01)
(0.246 0.05 0.01)
(0.252 0.05 0.01)
(0.258 0.05 0.01)
(0.264 0.05 0.01)
(0.27 0.05 0.01)
(0.276 0.05 0.01)
(0.282 0.05 0.01)
(0.288 0.05 0.01)
(0.294 0.05 0.01)
(0.3 0.05 0.01)
(0.306 0.05 0.01)
(0.312 0.05 0.01)
(0.318 0.05 0.01)
(0.324 0.05 0.01)
(0.33 0.05 0.01)
(0.336 0.05 0.01)
(0.342 0.05 0.01)
(0.348 0.05 0.01)
(0.354 0.05 0.01)
(0.36 0.05 0.01)
(0 0.055 0.01)
(0.006 0.055 0.01)
(0.012 0.055 0.01)
(0.018 0.055 0.01)
(0.024 0.055 0.01)
(0.03 0.055 0.01)
(0.036 0.055 0.01)
(0.042 0.055 0.01)
(0.048 0.055 0.01)
(0.054 0.055 0.01)
(0.06 0.055 0.01)
(0.066 0.055 0.01)
(0.072 0.055 0.01)
(0.078 0.055 0.01)
(0.084 0.055 0.01)
(0.09 0.055 0.01)
(0.096 0.055 0.01)
(0.102 0.055 0.01)
(0.108 0.055 0.01)
(0.114 0.055 0.01)
(0.12 0.055 0.01)
(0.126 0.055 0.01)
(0.132 0.055 0.01)
(0.138 0.055 0.01)
(0.144 0.055 0.01)
(0.15 0.055 0.01)
(0.156 0.055 0.01)
(0.162 0.055 0.01)
(0.168 0.055 0.01)
(0.174 0.055 0.01)
(0.18 0.055 0.01)
(0.186 0.055 0.01)
(0.192 0.055 0.01)
(0.198 0.055 0.01)
(0.204 0.055 0.01)
(0.21 0.055 0.01)
(0.216 0.055 0.01)
(0.222 0.055 0.01)
(0.228 0.055 0.01)
(0.234 0.055 0.01)
(0.24 0.055 0.01)
(0.246 0.055 0.01)
(0.252 0.055 0.01)
(0.258 0.055 0.01)
(0.264 0.055 0.01)
(0.27 0.055 0.01)
(0.276 0.055 0.01)
(0.282 0.055 0.01)
(0.288 0.055 0.01)
(0.294 0.055 0.01)
(0.3 0.055 0.01)
(0.306 0.055 0.01)
(0.312 0.055 0.01)
(0.318 0.055 0.01)
(0.324 0.055 0.01)
(0.33 0.055 0.01)
(0.336 0.055 0.01)
(0.342 0.055 0.01)
(0.348 0.055 0.01)
(0.354 0.055 0.01)
(0.36 0.055 0.01)
(0 0.06 0.01)
(0.006 0.06 0.01)
(0.012 0.06 0.01)
(0.018 0.06 0.01)
(0.024 0.06 0.01)
(0.03 0.06 0.01)
(0.036 0.06 0.01)
(0.042 0.06 0.01)
(0.048 0.06 0.01)
(0.054 0.06 0.01)
(0.06 0.06 0.01)
(0.066 0.06 0.01)
(0.072 0.06 0.01)
(0.078 0.06 0.01)
(0.084 0.06 0.01)
(0.09 0.06 0.01)
(0.096 0.06 0.01)
(0.102 0.06 0.01)
(0.108 0.06 0.01)
(0.114 0.06 0.01)
(0.12 0.06 0.01)
(0.126 0.06 0.01)
(0.132 0.06 0.01)
(0.138 0.06 0.01)
(0.144 0.06 0.01)
(0.15 0.06 0.01)
(0.156 0.06 0.01)
(0.162 0.06 0.01)
(0.168 0.06 0.01)
(0.174 0.06 0.01)
(0.18 0.06 0.01)
(0.186 0.06 0.01)
(0.192 0.06 0.01)
(0.198 0.06 0.01)
(0.204 0.06 0.01)
(0.21 0.06 0.01)
(0.216 0.06 0.01)
(0.222 0.06 0.01)
(0.228 0.06 0.01)
(0.234 0.06 0.01)
(0.24 0.06 0.01)
(0.246 0.06 0.01)
(0.252 0.06 0.01)
(0.258 0.06 0.01)
(0.264 0.06 0.01)
(0.27 0.06 0.01)
(0.276 0.06 0.01)
(0.282 0.06 0.01)
(0.288 0.06 0.01)
(0.294 0.06 0.01)
(0.3 0.06 0.01)
(0.306 0.06 0.01)
(0.312 0.06 0.01)
(0.318 0.06 0.01)
(0.324 0.06 0.01)
(0.33 0.06 0.01)
(0.336 0.06 0.01)
(0.342 0.06 0.01)
(0.348 0.06 0.01)
(0.354 0.06 0.01)
(0.36 0.06 0.01)
(0 0.065 0.01)
(0.006 0.065 0.01)
(0.012 0.065 0.01)
(0.018 0.065 0.01)
(0.024 0.065 0.01)
(0.03 0.065 0.01)
(0.036 0.065 0.01)
(0.042 0.065 0.01)
(0.048 0.065 0.01)
(0.054 0.065 0.01)
(0.06 0.065 0.01)
(0.066 0.065 0.01)
(0.072 0.065 0.01)
(0.078 0.065 0.01)
(0.084 0.065 0.01)
(0.09 0.065 0.01)
(0.096 0.065 0.01)
(0.102 0.065 0.01)
(0.108 0.065 0.01)
(0.114 0.065 0.01)
(0.12 0.065 0.01)
(0.126 0.065 0.01)
(0.132 0.065 0.01)
(0.138 0.065 0.01)
(0.144 0.065 0.01)
(0.15 0.065 0.01)
(0.156 0.065 0.01)
(0.162 0.065 0.01)
(0.168 0.065 0.01)
(0.174 0.065 0.01)
(0.18 0.065 0.01)
(0.186 0.065 0.01)
(0.192 0.065 0.01)
(0.198 0.065 0.01)
(0.204 0.065 0.01)
(0.21 0.065 0.01)
(0.216 0.065 0.01)
(0.222 0.065 0.01)
(0.228 0.065 0.01)
(0.234 0.065 0.01)
(0.24 0.065 0.01)
(0.246 0.065 0.01)
(0.252 0.065 0.01)
(0.258 0.065 0.01)
(0.264 0.065 0.01)
(0.27 0.065 0.01)
(0.276 0.065 0.01)
(0.282 0.065 0.01)
(0.288 0.065 0.01)
(0.294 0.065 0.01)
(0.3 0.065 0.01)
(0.306 0.065 0.01)
(0.312 0.065 0.01)
(0.318 0.065 0.01)
(0.324 0.065 0.01)
(0.33 0.065 0.01)
(0.336 0.065 0.01)
(0.342 0.065 0.01)
(0.348 0.065 0.01)
(0.354 0.065 0.01)
(0.36 0.065 0.01)
(0 0.07 0.01)
(0.006 0.07 0.01)
(0.012 0.07 0.01)
(0.018 0.07 0.01)
(0.024 0.07 0.01)
(0.03 0.07 0.01)
(0.036 0.07 0.01)
(0.042 0.07 0.01)
(0.048 0.07 0.01)
(0.054 0.07 0.01)
(0.06 0.07 0.01)
(0.066 0.07 0.01)
(0.072 0.07 0.01)
(0.078 0.07 0.01)
(0.084 0.07 0.01)
(0.09 0.07 0.01)
(0.096 0.07 0.01)
(0.102 0.07 0.01)
(0.108 0.07 0.01)
(0.114 0.07 0.01)
(0.12 0.07 0.01)
(0.126 0.07 0.01)
(0.132 0.07 0.01)
(0.138 0.07 0.01)
(0.144 0.07 0.01)
(0.15 0.07 0.01)
(0.156 0.07 0.01)
(0.162 0.07 0.01)
(0.168 0.07 0.01)
(0.174 0.07 0.01)
(0.18 0.07 0.01)
(0.186 0.07 0.01)
(0.192 0.07 0.01)
(0.198 0.07 0.01)
(0.204 0.07 0.01)
(0.21 0.07 0.01)
(0.216 0.07 0.01)
(0.222 0.07 0.01)
(0.228 0.07 0.01)
(0.234 0.07 0.01)
(0.24 0.07 0.01)
(0.246 0.07 0.01)
(0.252 0.07 0.01)
(0.258 0.07 0.01)
(0.264 0.07 0.01)
(0.27 0.07 0.01)
(0.276 0.07 0.01)
(0.282 0.07 0.01)
(0.288 0.07 0.01)
(0.294 0.07 0.01)
(0.3 0.07 0.01)
(0.306 0.07 0.01)
(0.312 0.07 0.01)
(0.318 0.07 0.01)
(0.324 0.07 0.01)
(0.33 0.07 0.01)
(0.336 0.07 0.01)
(0.342 0.07 0.01)
(0.348 0.07 0.01)
(0.354 0.07 0.01)
(0.36 0.07 0.01)
(0 0.075 0.01)
(0.006 0.075 0.01)
(0.012 0.075 0.01)
(0.018 0.075 0.01)
(0.024 0.075 0.01)
(0.03 0.075 0.01)
(0.036 0.075 0.01)
(0.042 0.075 0.01)
(0.048 0.075 0.01)
(0.054 0.075 0.01)
(0.06 0.075 0.01)
(0.066 0.075 0.01)
(0.072 0.075 0.01)
(0.078 0.075 0.01)
(0.084 0.075 0.01)
(0.09 0.075 0.01)
(0.096 0.075 0.01)
(0.102 0.075 0.01)
(0.108 0.075 0.01)
(0.114 0.075 0.01)
(0.12 0.075 0.01)
(0.126 0.075 0.01)
(0.132 0.075 0.01)
(0.138 0.075 0.01)
(0.144 0.075 0.01)
(0.15 0.075 0.01)
(0.156 0.075 0.01)
(0.162 0.075 0.01)
(0.168 0.075 0.01)
(0.174 0.075 0.01)
(0.18 0.075 0.01)
(0.186 0.075 0.01)
(0.192 0.075 0.01)
(0.198 0.075 0.01)
(0.204 0.075 0.01)
(0.21 0.075 0.01)
(0.216 0.075 0.01)
(0.222 0.075 0.01)
(0.228 0.075 0.01)
(0.234 0.075 0.01)
(0.24 0.075 0.01)
(0.246 0.075 0.01)
(0.252 0.075 0.01)
(0.258 0.075 0.01)
(0.264 0.075 0.01)
(0.27 0.075 0.01)
(0.276 0.075 0.01)
(0.282 0.075 0.01)
(0.288 0.075 0.01)
(0.294 0.075 0.01)
(0.3 0.075 0.01)
(0.306 0.075 0.01)
(0.312 0.075 0.01)
(0.318 0.075 0.01)
(0.324 0.075 0.01)
(0.33 0.075 0.01)
(0.336 0.075 0.01)
(0.342 0.075 0.01)
(0.348 0.075 0.01)
(0.354 0.075 0.01)
(0.36 0.075 0.01)
(0 0.08 0.01)
(0.006 0.08 0.01)
(0.012 0.08 0.01)
(0.018 0.08 0.01)
(0.024 0.08 0.01)
(0.03 0.08 0.01)
(0.036 0.08 0.01)
(0.042 0.08 0.01)
(0.048 0.08 0.01)
(0.054 0.08 0.01)
(0.06 0.08 0.01)
(0.066 0.08 0.01)
(0.072 0.08 0.01)
(0.078 0.08 0.01)
(0.084 0.08 0.01)
(0.09 0.08 0.01)
(0.096 0.08 0.01)
(0.102 0.08 0.01)
(0.108 0.08 0.01)
(0.114 0.08 0.01)
(0.12 0.08 0.01)
(0.126 0.08 0.01)
(0.132 0.08 0.01)
(0.138 0.08 0.01)
(0.144 0.08 0.01)
(0.15 0.08 0.01)
(0.156 0.08 0.01)
(0.162 0.08 0.01)
(0.168 0.08 0.01)
(0.174 0.08 0.01)
(0.18 0.08 0.01)
(0.186 0.08 0.01)
(0.192 0.08 0.01)
(0.198 0.08 0.01)
(0.204 0.08 0.01)
(0.21 0.08 0.01)
(0.216 0.08 0.01)
(0.222 0.08 0.01)
(0.228 0.08 0.01)
(0.234 0.08 0.01)
(0.24 0.08 0.01)
(0.246 0.08 0.01)
(0.252 0.08 0.01)
(0.258 0.08 0.01)
(0.264 0.08 0.01)
(0.27 0.08 0.01)
(0.276 0.08 0.01)
(0.282 0.08 0.01)
(0.288 0.08 0.01)
(0.294 0.08 0.01)
(0.3 0.08 0.01)
(0.306 0.08 0.01)
(0.312 0.08 0.01)
(0.318 0.08 0.01)
(0.324 0.08 0.01)
(0.33 0.08 0.01)
(0.336 0.08 0.01)
(0.342 0.08 0.01)
(0.348 0.08 0.01)
(0.354 0.08 0.01)
(0.36 0.08 0.01)
(0 0.085 0.01)
(0.006 0.085 0.01)
(0.012 0.085 0.01)
(0.018 0.085 0.01)
(0.024 0.085 0.01)
(0.03 0.085 0.01)
(0.036 0.085 0.01)
(0.042 0.085 0.01)
(0.048 0.085 0.01)
(0.054 0.085 0.01)
(0.06 0.085 0.01)
(0.066 0.085 0.01)
(0.072 0.085 0.01)
(0.078 0.085 0.01)
(0.084 0.085 0.01)
(0.09 0.085 0.01)
(0.096 0.085 0.01)
(0.102 0.085 0.01)
(0.108 0.085 0.01)
(0.114 0.085 0.01)
(0.12 0.085 0.01)
(0.126 0.085 0.01)
(0.132 0.085 0.01)
(0.138 0.085 0.01)
(0.144 0.085 0.01)
(0.15 0.085 0.01)
(0.156 0.085 0.01)
(0.162 0.085 0.01)
(0.168 0.085 0.01)
(0.174 0.085 0.01)
(0.18 0.085 0.01)
(0.186 0.085 0.01)
(0.192 0.085 0.01)
(0.198 0.085 0.01)
(0.204 0.085 0.01)
(0.21 0.085 0.01)
(0.216 0.085 0.01)
(0.222 0.085 0.01)
(0.228 0.085 0.01)
(0.234 0.085 0.01)
(0.24 0.085 0.01)
(0.246 0.085 0.01)
(0.252 0.085 0.01)
(0.258 0.085 0.01)
(0.264 0.085 0.01)
(0.27 0.085 0.01)
(0.276 0.085 0.01)
(0.282 0.085 0.01)
(0.288 0.085 0.01)
(0.294 0.085 0.01)
(0.3 0.085 0.01)
(0.306 0.085 0.01)
(0.312 0.085 0.01)
(0.318 0.085 0.01)
(0.324 0.085 0.01)
(0.33 0.085 0.01)
(0.336 0.085 0.01)
(0.342 0.085 0.01)
(0.348 0.085 0.01)
(0.354 0.085 0.01)
(0.36 0.085 0.01)
(0 0.09 0.01)
(0.006 0.09 0.01)
(0.012 0.09 0.01)
(0.018 0.09 0.01)
(0.024 0.09 0.01)
(0.03 0.09 0.01)
(0.036 0.09 0.01)
(0.042 0.09 0.01)
(0.048 0.09 0.01)
(0.054 0.09 0.01)
(0.06 0.09 0.01)
(0.066 0.09 0.01)
(0.072 0.09 0.01)
(0.078 0.09 0.01)
(0.084 0.09 0.01)
(0.09 0.09 0.01)
(0.096 0.09 0.01)
(0.102 0.09 0.01)
(0.108 0.09 0.01)
(0.114 0.09 0.01)
(0.12 0.09 0.01)
(0.126 0.09 0.01)
(0.132 0.09 0.01)
(0.138 0.09 0.01)
(0.144 0.09 0.01)
(0.15 0.09 0.01)
(0.156 0.09 0.01)
(0.162 0.09 0.01)
(0.168 0.09 0.01)
(0.174 0.09 0.01)
(0.18 0.09 0.01)
(0.186 0.09 0.01)
(0.192 0.09 0.01)
(0.198 0.09 0.01)
(0.204 0.09 0.01)
(0.21 0.09 0.01)
(0.216 0.09 0.01)
(0.222 0.09 0.01)
(0.228 0.09 0.01)
(0.234 0.09 0.01)
(0.24 0.09 0.01)
(0.246 0.09 0.01)
(0.252 0.09 0.01)
(0.258 0.09 0.01)
(0.264 0.09 0.01)
(0.27 0.09 0.01)
(0.276 0.09 0.01)
(0.282 0.09 0.01)
(0.288 0.09 0.01)
(0.294 0.09 0.01)
(0.3 0.09 0.01)
(0.306 0.09 0.01)
(0.312 0.09 0.01)
(0.318 0.09 0.01)
(0.324 0.09 0.01)
(0.33 0.09 0.01)
(0.336 0.09 0.01)
(0.342 0.09 0.01)
(0.348 0.09 0.01)
(0.354 0.09 0.01)
(0.36 0.09 0.01)
(0 0.095 0.01)
(0.006 0.095 0.01)
(0.012 0.095 0.01)
(0.018 0.095 0.01)
(0.024 0.095 0.01)
(0.03 0.095 0.01)
(0.036 0.095 0.01)
(0.042 0.095 0.01)
(0.048 0.095 0.01)
(0.054 0.095 0.01)
(0.06 0.095 0.01)
(0.066 0.095 0.01)
(0.072 0.095 0.01)
(0.078 0.095 0.01)
(0.084 0.095 0.01)
(0.09 0.095 0.01)
(0.096 0.095 0.01)
(0.102 0.095 0.01)
(0.108 0.095 0.01)
(0.114 0.095 0.01)
(0.12 0.095 0.01)
(0.126 0.095 0.01)
(0.132 0.095 0.01)
(0.138 0.095 0.01)
(0.144 0.095 0.01)
(0.15 0.095 0.01)
(0.156 0.095 0.01)
(0.162 0.095 0.01)
(0.168 0.095 0.01)
(0.174 0.095 0.01)
(0.18 0.095 0.01)
(0.186 0.095 0.01)
(0.192 0.095 0.01)
(0.198 0.095 0.01)
(0.204 0.095 0.01)
(0.21 0.095 0.01)
(0.216 0.095 0.01)
(0.222 0.095 0.01)
(0.228 0.095 0.01)
(0.234 0.095 0.01)
(0.24 0.095 0.01)
(0.246 0.095 0.01)
(0.252 0.095 0.01)
(0.258 0.095 0.01)
(0.264 0.095 0.01)
(0.27 0.095 0.01)
(0.276 0.095 0.01)
(0.282 0.095 0.01)
(0.288 0.095 0.01)
(0.294 0.095 0.01)
(0.3 0.095 0.01)
(0.306 0.095 0.01)
(0.312 0.095 0.01)
(0.318 0.095 0.01)
(0.324 0.095 0.01)
(0.33 0.095 0.01)
(0.336 0.095 0.01)
(0.342 0.095 0.01)
(0.348 0.095 0.01)
(0.354 0.095 0.01)
(0.36 0.095 0.01)
(0 0.1 0.01)
(0.006 0.1 0.01)
(0.012 0.1 0.01)
(0.018 0.1 0.01)
(0.024 0.1 0.01)
(0.03 0.1 0.01)
(0.036 0.1 0.01)
(0.042 0.1 0.01)
(0.048 0.1 0.01)
(0.054 0.1 0.01)
(0.06 0.1 0.01)
(0.066 0.1 0.01)
(0.072 0.1 0.01)
(0.078 0.1 0.01)
(0.084 0.1 0.01)
(0.09 0.1 0.01)
(0.096 0.1 0.01)
(0.102 0.1 0.01)
(0.108 0.1 0.01)
(0.114 0.1 0.01)
(0.12 0.1 0.01)
(0.126 0.1 0.01)
(0.132 0.1 0.01)
(0.138 0.1 0.01)
(0.144 0.1 0.01)
(0.15 0.1 0.01)
(0.156 0.1 0.01)
(0.162 0.1 0.01)
(0.168 0.1 0.01)
(0.174 0.1 0.01)
(0.18 0.1 0.01)
(0.186 0.1 0.01)
(0.192 0.1 0.01)
(0.198 0.1 0.01)
(0.204 0.1 0.01)
(0.21 0.1 0.01)
(0.216 0.1 0.01)
(0.222 0.1 0.01)
(0.228 0.1 0.01)
(0.234 0.1 0.01)
(0.24 0.1 0.01)
(0.246 0.1 0.01)
(0.252 0.1 0.01)
(0.258 0.1 0.01)
(0.264 0.1 0.01)
(0.27 0.1 0.01)
(0.276 0.1 0.01)
(0.282 0.1 0.01)
(0.288 0.1 0.01)
(0.294 0.1 0.01)
(0.3 0.1 0.01)
(0.306 0.1 0.01)
(0.312 0.1 0.01)
(0.318 0.1 0.01)
(0.324 0.1 0.01)
(0.33 0.1 0.01)
(0.336 0.1 0.01)
(0.342 0.1 0.01)
(0.348 0.1 0.01)
(0.354 0.1 0.01)
(0.36 0.1 0.01)
(0 0.105 0.01)
(0.006 0.105 0.01)
(0.012 0.105 0.01)
(0.018 0.105 0.01)
(0.024 0.105 0.01)
(0.03 0.105 0.01)
(0.036 0.105 0.01)
(0.042 0.105 0.01)
(0.048 0.105 0.01)
(0.054 0.105 0.01)
(0.06 0.105 0.01)
(0.066 0.105 0.01)
(0.072 0.105 0.01)
(0.078 0.105 0.01)
(0.084 0.105 0.01)
(0.09 0.105 0.01)
(0.096 0.105 0.01)
(0.102 0.105 0.01)
(0.108 0.105 0.01)
(0.114 0.105 0.01)
(0.12 0.105 0.01)
(0.126 0.105 0.01)
(0.132 0.105 0.01)
(0.138 0.105 0.01)
(0.144 0.105 0.01)
(0.15 0.105 0.01)
(0.156 0.105 0.01)
(0.162 0.105 0.01)
(0.168 0.105 0.01)
(0.174 0.105 0.01)
(0.18 0.105 0.01)
(0.186 0.105 0.01)
(0.192 0.105 0.01)
(0.198 0.105 0.01)
(0.204 0.105 0.01)
(0.21 0.105 0.01)
(0.216 0.105 0.01)
(0.222 0.105 0.01)
(0.228 0.105 0.01)
(0.234 0.105 0.01)
(0.24 0.105 0.01)
(0.246 0.105 0.01)
(0.252 0.105 0.01)
(0.258 0.105 0.01)
(0.264 0.105 0.01)
(0.27 0.105 0.01)
(0.276 0.105 0.01)
(0.282 0.105 0.01)
(0.288 0.105 0.01)
(0.294 0.105 0.01)
(0.3 0.105 0.01)
(0.306 0.105 0.01)
(0.312 0.105 0.01)
(0.318 0.105 0.01)
(0.324 0.105 0.01)
(0.33 0.105 0.01)
(0.336 0.105 0.01)
(0.342 0.105 0.01)
(0.348 0.105 0.01)
(0.354 0.105 0.01)
(0.36 0.105 0.01)
(0 0.11 0.01)
(0.006 0.11 0.01)
(0.012 0.11 0.01)
(0.018 0.11 0.01)
(0.024 0.11 0.01)
(0.03 0.11 0.01)
(0.036 0.11 0.01)
(0.042 0.11 0.01)
(0.048 0.11 0.01)
(0.054 0.11 0.01)
(0.06 0.11 0.01)
(0.066 0.11 0.01)
(0.072 0.11 0.01)
(0.078 0.11 0.01)
(0.084 0.11 0.01)
(0.09 0.11 0.01)
(0.096 0.11 0.01)
(0.102 0.11 0.01)
(0.108 0.11 0.01)
(0.114 0.11 0.01)
(0.12 0.11 0.01)
(0.126 0.11 0.01)
(0.132 0.11 0.01)
(0.138 0.11 0.01)
(0.144 0.11 0.01)
(0.15 0.11 0.01)
(0.156 0.11 0.01)
(0.162 0.11 0.01)
(0.168 0.11 0.01)
(0.174 0.11 0.01)
(0.18 0.11 0.01)
(0.186 0.11 0.01)
(0.192 0.11 0.01)
(0.198 0.11 0.01)
(0.204 0.11 0.01)
(0.21 0.11 0.01)
(0.216 0.11 0.01)
(0.222 0.11 0.01)
(0.228 0.11 0.01)
(0.234 0.11 0.01)
(0.24 0.11 0.01)
(0.246 0.11 0.01)
(0.252 0.11 0.01)
(0.258 0.11 0.01)
(0.264 0.11 0.01)
(0.27 0.11 0.01)
(0.276 0.11 0.01)
(0.282 0.11 0.01)
(0.288 0.11 0.01)
(0.294 0.11 0.01)
(0.3 0.11 0.01)
(0.306 0.11 0.01)
(0.312 0.11 0.01)
(0.318 0.11 0.01)
(0.324 0.11 0.01)
(0.33 0.11 0.01)
(0.336 0.11 0.01)
(0.342 0.11 0.01)
(0.348 0.11 0.01)
(0.354 0.11 0.01)
(0.36 0.11 0.01)
(0 0.115 0.01)
(0.006 0.115 0.01)
(0.012 0.115 0.01)
(0.018 0.115 0.01)
(0.024 0.115 0.01)
(0.03 0.115 0.01)
(0.036 0.115 0.01)
(0.042 0.115 0.01)
(0.048 0.115 0.01)
(0.054 0.115 0.01)
(0.06 0.115 0.01)
(0.066 0.115 0.01)
(0.072 0.115 0.01)
(0.078 0.115 0.01)
(0.084 0.115 0.01)
(0.09 0.115 0.01)
(0.096 0.115 0.01)
(0.102 0.115 0.01)
(0.108 0.115 0.01)
(0.114 0.115 0.01)
(0.12 0.115 0.01)
(0.126 0.115 0.01)
(0.132 0.115 0.01)
(0.138 0.115 0.01)
(0.144 0.115 0.01)
(0.15 0.115 0.01)
(0.156 0.115 0.01)
(0.162 0.115 0.01)
(0.168 0.115 0.01)
(0.174 0.115 0.01)
(0.18 0.115 0.01)
(0.186 0.115 0.01)
(0.192 0.115 0.01)
(0.198 0.115 0.01)
(0.204 0.115 0.01)
(0.21 0.115 0.01)
(0.216 0.115 0.01)
(0.222 0.115 0.01)
(0.228 0.115 0.01)
(0.234 0.115 0.01)
(0.24 0.115 0.01)
(0.246 0.115 0.01)
(0.252 0.115 0.01)
(0.258 0.115 0.01)
(0.264 0.115 0.01)
(0.27 0.115 0.01)
(0.276 0.115 0.01)
(0.282 0.115 0.01)
(0.288 0.115 0.01)
(0.294 0.115 0.01)
(0.3 0.115 0.01)
(0.306 0.115 0.01)
(0.312 0.115 0.01)
(0.318 0.115 0.01)
(0.324 0.115 0.01)
(0.33 0.115 0.01)
(0.336 0.115 0.01)
(0.342 0.115 0.01)
(0.348 0.115 0.01)
(0.354 0.115 0.01)
(0.36 0.115 0.01)
(0 0.12 0.01)
(0.006 0.12 0.01)
(0.012 0.12 0.01)
(0.018 0.12 0.01)
(0.024 0.12 0.01)
(0.03 0.12 0.01)
(0.036 0.12 0.01)
(0.042 0.12 0.01)
(0.048 0.12 0.01)
(0.054 0.12 0.01)
(0.06 0.12 0.01)
(0.066 0.12 0.01)
(0.072 0.12 0.01)
(0.078 0.12 0.01)
(0.084 0.12 0.01)
(0.09 0.12 0.01)
(0.096 0.12 0.01)
(0.102 0.12 0.01)
(0.108 0.12 0.01)
(0.114 0.12 0.01)
(0.12 0.12 0.01)
(0.126 0.12 0.01)
(0.132 0.12 0.01)
(0.138 0.12 0.01)
(0.144 0.12 0.01)
(0.15 0.12 0.01)
(0.156 0.12 0.01)
(0.162 0.12 0.01)
(0.168 0.12 0.01)
(0.174 0.12 0.01)
(0.18 0.12 0.01)
(0.186 0.12 0.01)
(0.192 0.12 0.01)
(0.198 0.12 0.01)
(0.204 0.12 0.01)
(0.21 0.12 0.01)
(0.216 0.12 0.01)
(0.222 0.12 0.01)
(0.228 0.12 0.01)
(0.234 0.12 0.01)
(0.24 0.12 0.01)
(0.246 0.12 0.01)
(0.252 0.12 0.01)
(0.258 0.12 0.01)
(0.264 0.12 0.01)
(0.27 0.12 0.01)
(0.276 0.12 0.01)
(0.282 0.12 0.01)
(0.288 0.12 0.01)
(0.294 0.12 0.01)
(0.3 0.12 0.01)
(0.306 0.12 0.01)
(0.312 0.12 0.01)
(0.318 0.12 0.01)
(0.324 0.12 0.01)
(0.33 0.12 0.01)
(0.336 0.12 0.01)
(0.342 0.12 0.01)
(0.348 0.12 0.01)
(0.354 0.12 0.01)
(0.36 0.12 0.01)
(0 0.125 0.01)
(0.006 0.125 0.01)
(0.012 0.125 0.01)
(0.018 0.125 0.01)
(0.024 0.125 0.01)
(0.03 0.125 0.01)
(0.036 0.125 0.01)
(0.042 0.125 0.01)
(0.048 0.125 0.01)
(0.054 0.125 0.01)
(0.06 0.125 0.01)
(0.066 0.125 0.01)
(0.072 0.125 0.01)
(0.078 0.125 0.01)
(0.084 0.125 0.01)
(0.09 0.125 0.01)
(0.096 0.125 0.01)
(0.102 0.125 0.01)
(0.108 0.125 0.01)
(0.114 0.125 0.01)
(0.12 0.125 0.01)
(0.126 0.125 0.01)
(0.132 0.125 0.01)
(0.138 0.125 0.01)
(0.144 0.125 0.01)
(0.15 0.125 0.01)
(0.156 0.125 0.01)
(0.162 0.125 0.01)
(0.168 0.125 0.01)
(0.174 0.125 0.01)
(0.18 0.125 0.01)
(0.186 0.125 0.01)
(0.192 0.125 0.01)
(0.198 0.125 0.01)
(0.204 0.125 0.01)
(0.21 0.125 0.01)
(0.216 0.125 0.01)
(0.222 0.125 0.01)
(0.228 0.125 0.01)
(0.234 0.125 0.01)
(0.24 0.125 0.01)
(0.246 0.125 0.01)
(0.252 0.125 0.01)
(0.258 0.125 0.01)
(0.264 0.125 0.01)
(0.27 0.125 0.01)
(0.276 0.125 0.01)
(0.282 0.125 0.01)
(0.288 0.125 0.01)
(0.294 0.125 0.01)
(0.3 0.125 0.01)
(0.306 0.125 0.01)
(0.312 0.125 0.01)
(0.318 0.125 0.01)
(0.324 0.125 0.01)
(0.33 0.125 0.01)
(0.336 0.125 0.01)
(0.342 0.125 0.01)
(0.348 0.125 0.01)
(0.354 0.125 0.01)
(0.36 0.125 0.01)
(0 0.13 0.01)
(0.006 0.13 0.01)
(0.012 0.13 0.01)
(0.018 0.13 0.01)
(0.024 0.13 0.01)
(0.03 0.13 0.01)
(0.036 0.13 0.01)
(0.042 0.13 0.01)
(0.048 0.13 0.01)
(0.054 0.13 0.01)
(0.06 0.13 0.01)
(0.066 0.13 0.01)
(0.072 0.13 0.01)
(0.078 0.13 0.01)
(0.084 0.13 0.01)
(0.09 0.13 0.01)
(0.096 0.13 0.01)
(0.102 0.13 0.01)
(0.108 0.13 0.01)
(0.114 0.13 0.01)
(0.12 0.13 0.01)
(0.126 0.13 0.01)
(0.132 0.13 0.01)
(0.138 0.13 0.01)
(0.144 0.13 0.01)
(0.15 0.13 0.01)
(0.156 0.13 0.01)
(0.162 0.13 0.01)
(0.168 0.13 0.01)
(0.174 0.13 0.01)
(0.18 0.13 0.01)
(0.186 0.13 0.01)
(0.192 0.13 0.01)
(0.198 0.13 0.01)
(0.204 0.13 0.01)
(0.21 0.13 0.01)
(0.216 0.13 0.01)
(0.222 0.13 0.01)
(0.228 0.13 0.01)
(0.234 0.13 0.01)
(0.24 0.13 0.01)
(0.246 0.13 0.01)
(0.252 0.13 0.01)
(0.258 0.13 0.01)
(0.264 0.13 0.01)
(0.27 0.13 0.01)
(0.276 0.13 0.01)
(0.282 0.13 0.01)
(0.288 0.13 0.01)
(0.294 0.13 0.01)
(0.3 0.13 0.01)
(0.306 0.13 0.01)
(0.312 0.13 0.01)
(0.318 0.13 0.01)
(0.324 0.13 0.01)
(0.33 0.13 0.01)
(0.336 0.13 0.01)
(0.342 0.13 0.01)
(0.348 0.13 0.01)
(0.354 0.13 0.01)
(0.36 0.13 0.01)
(0 0.135 0.01)
(0.006 0.135 0.01)
(0.012 0.135 0.01)
(0.018 0.135 0.01)
(0.024 0.135 0.01)
(0.03 0.135 0.01)
(0.036 0.135 0.01)
(0.042 0.135 0.01)
(0.048 0.135 0.01)
(0.054 0.135 0.01)
(0.06 0.135 0.01)
(0.066 0.135 0.01)
(0.072 0.135 0.01)
(0.078 0.135 0.01)
(0.084 0.135 0.01)
(0.09 0.135 0.01)
(0.096 0.135 0.01)
(0.102 0.135 0.01)
(0.108 0.135 0.01)
(0.114 0.135 0.01)
(0.12 0.135 0.01)
(0.126 0.135 0.01)
(0.132 0.135 0.01)
(0.138 0.135 0.01)
(0.144 0.135 0.01)
(0.15 0.135 0.01)
(0.156 0.135 0.01)
(0.162 0.135 0.01)
(0.168 0.135 0.01)
(0.174 0.135 0.01)
(0.18 0.135 0.01)
(0.186 0.135 0.01)
(0.192 0.135 0.01)
(0.198 0.135 0.01)
(0.204 0.135 0.01)
(0.21 0.135 0.01)
(0.216 0.135 0.01)
(0.222 0.135 0.01)
(0.228 0.135 0.01)
(0.234 0.135 0.01)
(0.24 0.135 0.01)
(0.246 0.135 0.01)
(0.252 0.135 0.01)
(0.258 0.135 0.01)
(0.264 0.135 0.01)
(0.27 0.135 0.01)
(0.276 0.135 0.01)
(0.282 0.135 0.01)
(0.288 0.135 0.01)
(0.294 0.135 0.01)
(0.3 0.135 0.01)
(0.306 0.135 0.01)
(0.312 0.135 0.01)
(0.318 0.135 0.01)
(0.324 0.135 0.01)
(0.33 0.135 0.01)
(0.336 0.135 0.01)
(0.342 0.135 0.01)
(0.348 0.135 0.01)
(0.354 0.135 0.01)
(0.36 0.135 0.01)
(0 0.14 0.01)
(0.006 0.14 0.01)
(0.012 0.14 0.01)
(0.018 0.14 0.01)
(0.024 0.14 0.01)
(0.03 0.14 0.01)
(0.036 0.14 0.01)
(0.042 0.14 0.01)
(0.048 0.14 0.01)
(0.054 0.14 0.01)
(0.06 0.14 0.01)
(0.066 0.14 0.01)
(0.072 0.14 0.01)
(0.078 0.14 0.01)
(0.084 0.14 0.01)
(0.09 0.14 0.01)
(0.096 0.14 0.01)
(0.102 0.14 0.01)
(0.108 0.14 0.01)
(0.114 0.14 0.01)
(0.12 0.14 0.01)
(0.126 0.14 0.01)
(0.132 0.14 0.01)
(0.138 0.14 0.01)
(0.144 0.14 0.01)
(0.15 0.14 0.01)
(0.156 0.14 0.01)
(0.162 0.14 0.01)
(0.168 0.14 0.01)
(0.174 0.14 0.01)
(0.18 0.14 0.01)
(0.186 0.14 0.01)
(0.192 0.14 0.01)
(0.198 0.14 0.01)
(0.204 0.14 0.01)
(0.21 0.14 0.01)
(0.216 0.14 0.01)
(0.222 0.14 0.01)
(0.228 0.14 0.01)
(0.234 0.14 0.01)
(0.24 0.14 0.01)
(0.246 0.14 0.01)
(0.252 0.14 0.01)
(0.258 0.14 0.01)
(0.264 0.14 0.01)
(0.27 0.14 0.01)
(0.276 0.14 0.01)
(0.282 0.14 0.01)
(0.288 0.14 0.01)
(0.294 0.14 0.01)
(0.3 0.14 0.01)
(0.306 0.14 0.01)
(0.312 0.14 0.01)
(0.318 0.14 0.01)
(0.324 0.14 0.01)
(0.33 0.14 0.01)
(0.336 0.14 0.01)
(0.342 0.14 0.01)
(0.348 0.14 0.01)
(0.354 0.14 0.01)
(0.36 0.14 0.01)
(0 0.145 0.01)
(0.006 0.145 0.01)
(0.012 0.145 0.01)
(0.018 0.145 0.01)
(0.024 0.145 0.01)
(0.03 0.145 0.01)
(0.036 0.145 0.01)
(0.042 0.145 0.01)
(0.048 0.145 0.01)
(0.054 0.145 0.01)
(0.06 0.145 0.01)
(0.066 0.145 0.01)
(0.072 0.145 0.01)
(0.078 0.145 0.01)
(0.084 0.145 0.01)
(0.09 0.145 0.01)
(0.096 0.145 0.01)
(0.102 0.145 0.01)
(0.108 0.145 0.01)
(0.114 0.145 0.01)
(0.12 0.145 0.01)
(0.126 0.145 0.01)
(0.132 0.145 0.01)
(0.138 0.145 0.01)
(0.144 0.145 0.01)
(0.15 0.145 0.01)
(0.156 0.145 0.01)
(0.162 0.145 0.01)
(0.168 0.145 0.01)
(0.174 0.145 0.01)
(0.18 0.145 0.01)
(0.186 0.145 0.01)
(0.192 0.145 0.01)
(0.198 0.145 0.01)
(0.204 0.145 0.01)
(0.21 0.145 0.01)
(0.216 0.145 0.01)
(0.222 0.145 0.01)
(0.228 0.145 0.01)
(0.234 0.145 0.01)
(0.24 0.145 0.01)
(0.246 0.145 0.01)
(0.252 0.145 0.01)
(0.258 0.145 0.01)
(0.264 0.145 0.01)
(0.27 0.145 0.01)
(0.276 0.145 0.01)
(0.282 0.145 0.01)
(0.288 0.145 0.01)
(0.294 0.145 0.01)
(0.3 0.145 0.01)
(0.306 0.145 0.01)
(0.312 0.145 0.01)
(0.318 0.145 0.01)
(0.324 0.145 0.01)
(0.33 0.145 0.01)
(0.336 0.145 0.01)
(0.342 0.145 0.01)
(0.348 0.145 0.01)
(0.354 0.145 0.01)
(0.36 0.145 0.01)
(0 0.15 0.01)
(0.006 0.15 0.01)
(0.012 0.15 0.01)
(0.018 0.15 0.01)
(0.024 0.15 0.01)
(0.03 0.15 0.01)
(0.036 0.15 0.01)
(0.042 0.15 0.01)
(0.048 0.15 0.01)
(0.054 0.15 0.01)
(0.06 0.15 0.01)
(0.066 0.15 0.01)
(0.072 0.15 0.01)
(0.078 0.15 0.01)
(0.084 0.15 0.01)
(0.09 0.15 0.01)
(0.096 0.15 0.01)
(0.102 0.15 0.01)
(0.108 0.15 0.01)
(0.114 0.15 0.01)
(0.12 0.15 0.01)
(0.126 0.15 0.01)
(0.132 0.15 0.01)
(0.138 0.15 0.01)
(0.144 0.15 0.01)
(0.15 0.15 0.01)
(0.156 0.15 0.01)
(0.162 0.15 0.01)
(0.168 0.15 0.01)
(0.174 0.15 0.01)
(0.18 0.15 0.01)
(0.186 0.15 0.01)
(0.192 0.15 0.01)
(0.198 0.15 0.01)
(0.204 0.15 0.01)
(0.21 0.15 0.01)
(0.216 0.15 0.01)
(0.222 0.15 0.01)
(0.228 0.15 0.01)
(0.234 0.15 0.01)
(0.24 0.15 0.01)
(0.246 0.15 0.01)
(0.252 0.15 0.01)
(0.258 0.15 0.01)
(0.264 0.15 0.01)
(0.27 0.15 0.01)
(0.276 0.15 0.01)
(0.282 0.15 0.01)
(0.288 0.15 0.01)
(0.294 0.15 0.01)
(0.3 0.15 0.01)
(0.306 0.15 0.01)
(0.312 0.15 0.01)
(0.318 0.15 0.01)
(0.324 0.15 0.01)
(0.33 0.15 0.01)
(0.336 0.15 0.01)
(0.342 0.15 0.01)
(0.348 0.15 0.01)
(0.354 0.15 0.01)
(0.36 0.15 0.01)
(0 0.155 0.01)
(0.006 0.155 0.01)
(0.012 0.155 0.01)
(0.018 0.155 0.01)
(0.024 0.155 0.01)
(0.03 0.155 0.01)
(0.036 0.155 0.01)
(0.042 0.155 0.01)
(0.048 0.155 0.01)
(0.054 0.155 0.01)
(0.06 0.155 0.01)
(0.066 0.155 0.01)
(0.072 0.155 0.01)
(0.078 0.155 0.01)
(0.084 0.155 0.01)
(0.09 0.155 0.01)
(0.096 0.155 0.01)
(0.102 0.155 0.01)
(0.108 0.155 0.01)
(0.114 0.155 0.01)
(0.12 0.155 0.01)
(0.126 0.155 0.01)
(0.132 0.155 0.01)
(0.138 0.155 0.01)
(0.144 0.155 0.01)
(0.15 0.155 0.01)
(0.156 0.155 0.01)
(0.162 0.155 0.01)
(0.168 0.155 0.01)
(0.174 0.155 0.01)
(0.18 0.155 0.01)
(0.186 0.155 0.01)
(0.192 0.155 0.01)
(0.198 0.155 0.01)
(0.204 0.155 0.01)
(0.21 0.155 0.01)
(0.216 0.155 0.01)
(0.222 0.155 0.01)
(0.228 0.155 0.01)
(0.234 0.155 0.01)
(0.24 0.155 0.01)
(0.246 0.155 0.01)
(0.252 0.155 0.01)
(0.258 0.155 0.01)
(0.264 0.155 0.01)
(0.27 0.155 0.01)
(0.276 0.155 0.01)
(0.282 0.155 0.01)
(0.288 0.155 0.01)
(0.294 0.155 0.01)
(0.3 0.155 0.01)
(0.306 0.155 0.01)
(0.312 0.155 0.01)
(0.318 0.155 0.01)
(0.324 0.155 0.01)
(0.33 0.155 0.01)
(0.336 0.155 0.01)
(0.342 0.155 0.01)
(0.348 0.155 0.01)
(0.354 0.155 0.01)
(0.36 0.155 0.01)
(0 0.16 0.01)
(0.006 0.16 0.01)
(0.012 0.16 0.01)
(0.018 0.16 0.01)
(0.024 0.16 0.01)
(0.03 0.16 0.01)
(0.036 0.16 0.01)
(0.042 0.16 0.01)
(0.048 0.16 0.01)
(0.054 0.16 0.01)
(0.06 0.16 0.01)
(0.066 0.16 0.01)
(0.072 0.16 0.01)
(0.078 0.16 0.01)
(0.084 0.16 0.01)
(0.09 0.16 0.01)
(0.096 0.16 0.01)
(0.102 0.16 0.01)
(0.108 0.16 0.01)
(0.114 0.16 0.01)
(0.12 0.16 0.01)
(0.126 0.16 0.01)
(0.132 0.16 0.01)
(0.138 0.16 0.01)
(0.144 0.16 0.01)
(0.15 0.16 0.01)
(0.156 0.16 0.01)
(0.162 0.16 0.01)
(0.168 0.16 0.01)
(0.174 0.16 0.01)
(0.18 0.16 0.01)
(0.186 0.16 0.01)
(0.192 0.16 0.01)
(0.198 0.16 0.01)
(0.204 0.16 0.01)
(0.21 0.16 0.01)
(0.216 0.16 0.01)
(0.222 0.16 0.01)
(0.228 0.16 0.01)
(0.234 0.16 0.01)
(0.24 0.16 0.01)
(0.246 0.16 0.01)
(0.252 0.16 0.01)
(0.258 0.16 0.01)
(0.264 0.16 0.01)
(0.27 0.16 0.01)
(0.276 0.16 0.01)
(0.282 0.16 0.01)
(0.288 0.16 0.01)
(0.294 0.16 0.01)
(0.3 0.16 0.01)
(0.306 0.16 0.01)
(0.312 0.16 0.01)
(0.318 0.16 0.01)
(0.324 0.16 0.01)
(0.33 0.16 0.01)
(0.336 0.16 0.01)
(0.342 0.16 0.01)
(0.348 0.16 0.01)
(0.354 0.16 0.01)
(0.36 0.16 0.01)
(0 0.165 0.01)
(0.006 0.165 0.01)
(0.012 0.165 0.01)
(0.018 0.165 0.01)
(0.024 0.165 0.01)
(0.03 0.165 0.01)
(0.036 0.165 0.01)
(0.042 0.165 0.01)
(0.048 0.165 0.01)
(0.054 0.165 0.01)
(0.06 0.165 0.01)
(0.066 0.165 0.01)
(0.072 0.165 0.01)
(0.078 0.165 0.01)
(0.084 0.165 0.01)
(0.09 0.165 0.01)
(0.096 0.165 0.01)
(0.102 0.165 0.01)
(0.108 0.165 0.01)
(0.114 0.165 0.01)
(0.12 0.165 0.01)
(0.126 0.165 0.01)
(0.132 0.165 0.01)
(0.138 0.165 0.01)
(0.144 0.165 0.01)
(0.15 0.165 0.01)
(0.156 0.165 0.01)
(0.162 0.165 0.01)
(0.168 0.165 0.01)
(0.174 0.165 0.01)
(0.18 0.165 0.01)
(0.186 0.165 0.01)
(0.192 0.165 0.01)
(0.198 0.165 0.01)
(0.204 0.165 0.01)
(0.21 0.165 0.01)
(0.216 0.165 0.01)
(0.222 0.165 0.01)
(0.228 0.165 0.01)
(0.234 0.165 0.01)
(0.24 0.165 0.01)
(0.246 0.165 0.01)
(0.252 0.165 0.01)
(0.258 0.165 0.01)
(0.264 0.165 0.01)
(0.27 0.165 0.01)
(0.276 0.165 0.01)
(0.282 0.165 0.01)
(0.288 0.165 0.01)
(0.294 0.165 0.01)
(0.3 0.165 0.01)
(0.306 0.165 0.01)
(0.312 0.165 0.01)
(0.318 0.165 0.01)
(0.324 0.165 0.01)
(0.33 0.165 0.01)
(0.336 0.165 0.01)
(0.342 0.165 0.01)
(0.348 0.165 0.01)
(0.354 0.165 0.01)
(0.36 0.165 0.01)
(0 0.17 0.01)
(0.006 0.17 0.01)
(0.012 0.17 0.01)
(0.018 0.17 0.01)
(0.024 0.17 0.01)
(0.03 0.17 0.01)
(0.036 0.17 0.01)
(0.042 0.17 0.01)
(0.048 0.17 0.01)
(0.054 0.17 0.01)
(0.06 0.17 0.01)
(0.066 0.17 0.01)
(0.072 0.17 0.01)
(0.078 0.17 0.01)
(0.084 0.17 0.01)
(0.09 0.17 0.01)
(0.096 0.17 0.01)
(0.102 0.17 0.01)
(0.108 0.17 0.01)
(0.114 0.17 0.01)
(0.12 0.17 0.01)
(0.126 0.17 0.01)
(0.132 0.17 0.01)
(0.138 0.17 0.01)
(0.144 0.17 0.01)
(0.15 0.17 0.01)
(0.156 0.17 0.01)
(0.162 0.17 0.01)
(0.168 0.17 0.01)
(0.174 0.17 0.01)
(0.18 0.17 0.01)
(0.186 0.17 0.01)
(0.192 0.17 0.01)
(0.198 0.17 0.01)
(0.204 0.17 0.01)
(0.21 0.17 0.01)
(0.216 0.17 0.01)
(0.222 0.17 0.01)
(0.228 0.17 0.01)
(0.234 0.17 0.01)
(0.24 0.17 0.01)
(0.246 0.17 0.01)
(0.252 0.17 0.01)
(0.258 0.17 0.01)
(0.264 0.17 0.01)
(0.27 0.17 0.01)
(0.276 0.17 0.01)
(0.282 0.17 0.01)
(0.288 0.17 0.01)
(0.294 0.17 0.01)
(0.3 0.17 0.01)
(0.306 0.17 0.01)
(0.312 0.17 0.01)
(0.318 0.17 0.01)
(0.324 0.17 0.01)
(0.33 0.17 0.01)
(0.336 0.17 0.01)
(0.342 0.17 0.01)
(0.348 0.17 0.01)
(0.354 0.17 0.01)
(0.36 0.17 0.01)
(0 0.175 0.01)
(0.006 0.175 0.01)
(0.012 0.175 0.01)
(0.018 0.175 0.01)
(0.024 0.175 0.01)
(0.03 0.175 0.01)
(0.036 0.175 0.01)
(0.042 0.175 0.01)
(0.048 0.175 0.01)
(0.054 0.175 0.01)
(0.06 0.175 0.01)
(0.066 0.175 0.01)
(0.072 0.175 0.01)
(0.078 0.175 0.01)
(0.084 0.175 0.01)
(0.09 0.175 0.01)
(0.096 0.175 0.01)
(0.102 0.175 0.01)
(0.108 0.175 0.01)
(0.114 0.175 0.01)
(0.12 0.175 0.01)
(0.126 0.175 0.01)
(0.132 0.175 0.01)
(0.138 0.175 0.01)
(0.144 0.175 0.01)
(0.15 0.175 0.01)
(0.156 0.175 0.01)
(0.162 0.175 0.01)
(0.168 0.175 0.01)
(0.174 0.175 0.01)
(0.18 0.175 0.01)
(0.186 0.175 0.01)
(0.192 0.175 0.01)
(0.198 0.175 0.01)
(0.204 0.175 0.01)
(0.21 0.175 0.01)
(0.216 0.175 0.01)
(0.222 0.175 0.01)
(0.228 0.175 0.01)
(0.234 0.175 0.01)
(0.24 0.175 0.01)
(0.246 0.175 0.01)
(0.252 0.175 0.01)
(0.258 0.175 0.01)
(0.264 0.175 0.01)
(0.27 0.175 0.01)
(0.276 0.175 0.01)
(0.282 0.175 0.01)
(0.288 0.175 0.01)
(0.294 0.175 0.01)
(0.3 0.175 0.01)
(0.306 0.175 0.01)
(0.312 0.175 0.01)
(0.318 0.175 0.01)
(0.324 0.175 0.01)
(0.33 0.175 0.01)
(0.336 0.175 0.01)
(0.342 0.175 0.01)
(0.348 0.175 0.01)
(0.354 0.175 0.01)
(0.36 0.175 0.01)
(0 0.18 0.01)
(0.006 0.18 0.01)
(0.012 0.18 0.01)
(0.018 0.18 0.01)
(0.024 0.18 0.01)
(0.03 0.18 0.01)
(0.036 0.18 0.01)
(0.042 0.18 0.01)
(0.048 0.18 0.01)
(0.054 0.18 0.01)
(0.06 0.18 0.01)
(0.066 0.18 0.01)
(0.072 0.18 0.01)
(0.078 0.18 0.01)
(0.084 0.18 0.01)
(0.09 0.18 0.01)
(0.096 0.18 0.01)
(0.102 0.18 0.01)
(0.108 0.18 0.01)
(0.114 0.18 0.01)
(0.12 0.18 0.01)
(0.126 0.18 0.01)
(0.132 0.18 0.01)
(0.138 0.18 0.01)
(0.144 0.18 0.01)
(0.15 0.18 0.01)
(0.156 0.18 0.01)
(0.162 0.18 0.01)
(0.168 0.18 0.01)
(0.174 0.18 0.01)
(0.18 0.18 0.01)
(0.186 0.18 0.01)
(0.192 0.18 0.01)
(0.198 0.18 0.01)
(0.204 0.18 0.01)
(0.21 0.18 0.01)
(0.216 0.18 0.01)
(0.222 0.18 0.01)
(0.228 0.18 0.01)
(0.234 0.18 0.01)
(0.24 0.18 0.01)
(0.246 0.18 0.01)
(0.252 0.18 0.01)
(0.258 0.18 0.01)
(0.264 0.18 0.01)
(0.27 0.18 0.01)
(0.276 0.18 0.01)
(0.282 0.18 0.01)
(0.288 0.18 0.01)
(0.294 0.18 0.01)
(0.3 0.18 0.01)
(0.306 0.18 0.01)
(0.312 0.18 0.01)
(0.318 0.18 0.01)
(0.324 0.18 0.01)
(0.33 0.18 0.01)
(0.336 0.18 0.01)
(0.342 0.18 0.01)
(0.348 0.18 0.01)
(0.354 0.18 0.01)
(0.36 0.18 0.01)
(0 0.185 0.01)
(0.006 0.185 0.01)
(0.012 0.185 0.01)
(0.018 0.185 0.01)
(0.024 0.185 0.01)
(0.03 0.185 0.01)
(0.036 0.185 0.01)
(0.042 0.185 0.01)
(0.048 0.185 0.01)
(0.054 0.185 0.01)
(0.06 0.185 0.01)
(0.066 0.185 0.01)
(0.072 0.185 0.01)
(0.078 0.185 0.01)
(0.084 0.185 0.01)
(0.09 0.185 0.01)
(0.096 0.185 0.01)
(0.102 0.185 0.01)
(0.108 0.185 0.01)
(0.114 0.185 0.01)
(0.12 0.185 0.01)
(0.126 0.185 0.01)
(0.132 0.185 0.01)
(0.138 0.185 0.01)
(0.144 0.185 0.01)
(0.15 0.185 0.01)
(0.156 0.185 0.01)
(0.162 0.185 0.01)
(0.168 0.185 0.01)
(0.174 0.185 0.01)
(0.18 0.185 0.01)
(0.186 0.185 0.01)
(0.192 0.185 0.01)
(0.198 0.185 0.01)
(0.204 0.185 0.01)
(0.21 0.185 0.01)
(0.216 0.185 0.01)
(0.222 0.185 0.01)
(0.228 0.185 0.01)
(0.234 0.185 0.01)
(0.24 0.185 0.01)
(0.246 0.185 0.01)
(0.252 0.185 0.01)
(0.258 0.185 0.01)
(0.264 0.185 0.01)
(0.27 0.185 0.01)
(0.276 0.185 0.01)
(0.282 0.185 0.01)
(0.288 0.185 0.01)
(0.294 0.185 0.01)
(0.3 0.185 0.01)
(0.306 0.185 0.01)
(0.312 0.185 0.01)
(0.318 0.185 0.01)
(0.324 0.185 0.01)
(0.33 0.185 0.01)
(0.336 0.185 0.01)
(0.342 0.185 0.01)
(0.348 0.185 0.01)
(0.354 0.185 0.01)
(0.36 0.185 0.01)
(0 0.19 0.01)
(0.006 0.19 0.01)
(0.012 0.19 0.01)
(0.018 0.19 0.01)
(0.024 0.19 0.01)
(0.03 0.19 0.01)
(0.036 0.19 0.01)
(0.042 0.19 0.01)
(0.048 0.19 0.01)
(0.054 0.19 0.01)
(0.06 0.19 0.01)
(0.066 0.19 0.01)
(0.072 0.19 0.01)
(0.078 0.19 0.01)
(0.084 0.19 0.01)
(0.09 0.19 0.01)
(0.096 0.19 0.01)
(0.102 0.19 0.01)
(0.108 0.19 0.01)
(0.114 0.19 0.01)
(0.12 0.19 0.01)
(0.126 0.19 0.01)
(0.132 0.19 0.01)
(0.138 0.19 0.01)
(0.144 0.19 0.01)
(0.15 0.19 0.01)
(0.156 0.19 0.01)
(0.162 0.19 0.01)
(0.168 0.19 0.01)
(0.174 0.19 0.01)
(0.18 0.19 0.01)
(0.186 0.19 0.01)
(0.192 0.19 0.01)
(0.198 0.19 0.01)
(0.204 0.19 0.01)
(0.21 0.19 0.01)
(0.216 0.19 0.01)
(0.222 0.19 0.01)
(0.228 0.19 0.01)
(0.234 0.19 0.01)
(0.24 0.19 0.01)
(0.246 0.19 0.01)
(0.252 0.19 0.01)
(0.258 0.19 0.01)
(0.264 0.19 0.01)
(0.27 0.19 0.01)
(0.276 0.19 0.01)
(0.282 0.19 0.01)
(0.288 0.19 0.01)
(0.294 0.19 0.01)
(0.3 0.19 0.01)
(0.306 0.19 0.01)
(0.312 0.19 0.01)
(0.318 0.19 0.01)
(0.324 0.19 0.01)
(0.33 0.19 0.01)
(0.336 0.19 0.01)
(0.342 0.19 0.01)
(0.348 0.19 0.01)
(0.354 0.19 0.01)
(0.36 0.19 0.01)
(0 0.195 0.01)
(0.006 0.195 0.01)
(0.012 0.195 0.01)
(0.018 0.195 0.01)
(0.024 0.195 0.01)
(0.03 0.195 0.01)
(0.036 0.195 0.01)
(0.042 0.195 0.01)
(0.048 0.195 0.01)
(0.054 0.195 0.01)
(0.06 0.195 0.01)
(0.066 0.195 0.01)
(0.072 0.195 0.01)
(0.078 0.195 0.01)
(0.084 0.195 0.01)
(0.09 0.195 0.01)
(0.096 0.195 0.01)
(0.102 0.195 0.01)
(0.108 0.195 0.01)
(0.114 0.195 0.01)
(0.12 0.195 0.01)
(0.126 0.195 0.01)
(0.132 0.195 0.01)
(0.138 0.195 0.01)
(0.144 0.195 0.01)
(0.15 0.195 0.01)
(0.156 0.195 0.01)
(0.162 0.195 0.01)
(0.168 0.195 0.01)
(0.174 0.195 0.01)
(0.18 0.195 0.01)
(0.186 0.195 0.01)
(0.192 0.195 0.01)
(0.198 0.195 0.01)
(0.204 0.195 0.01)
(0.21 0.195 0.01)
(0.216 0.195 0.01)
(0.222 0.195 0.01)
(0.228 0.195 0.01)
(0.234 0.195 0.01)
(0.24 0.195 0.01)
(0.246 0.195 0.01)
(0.252 0.195 0.01)
(0.258 0.195 0.01)
(0.264 0.195 0.01)
(0.27 0.195 0.01)
(0.276 0.195 0.01)
(0.282 0.195 0.01)
(0.288 0.195 0.01)
(0.294 0.195 0.01)
(0.3 0.195 0.01)
(0.306 0.195 0.01)
(0.312 0.195 0.01)
(0.318 0.195 0.01)
(0.324 0.195 0.01)
(0.33 0.195 0.01)
(0.336 0.195 0.01)
(0.342 0.195 0.01)
(0.348 0.195 0.01)
(0.354 0.195 0.01)
(0.36 0.195 0.01)
(0 0.2 0.01)
(0.006 0.2 0.01)
(0.012 0.2 0.01)
(0.018 0.2 0.01)
(0.024 0.2 0.01)
(0.03 0.2 0.01)
(0.036 0.2 0.01)
(0.042 0.2 0.01)
(0.048 0.2 0.01)
(0.054 0.2 0.01)
(0.06 0.2 0.01)
(0.066 0.2 0.01)
(0.072 0.2 0.01)
(0.078 0.2 0.01)
(0.084 0.2 0.01)
(0.09 0.2 0.01)
(0.096 0.2 0.01)
(0.102 0.2 0.01)
(0.108 0.2 0.01)
(0.114 0.2 0.01)
(0.12 0.2 0.01)
(0.126 0.2 0.01)
(0.132 0.2 0.01)
(0.138 0.2 0.01)
(0.144 0.2 0.01)
(0.15 0.2 0.01)
(0.156 0.2 0.01)
(0.162 0.2 0.01)
(0.168 0.2 0.01)
(0.174 0.2 0.01)
(0.18 0.2 0.01)
(0.186 0.2 0.01)
(0.192 0.2 0.01)
(0.198 0.2 0.01)
(0.204 0.2 0.01)
(0.21 0.2 0.01)
(0.216 0.2 0.01)
(0.222 0.2 0.01)
(0.228 0.2 0.01)
(0.234 0.2 0.01)
(0.24 0.2 0.01)
(0.246 0.2 0.01)
(0.252 0.2 0.01)
(0.258 0.2 0.01)
(0.264 0.2 0.01)
(0.27 0.2 0.01)
(0.276 0.2 0.01)
(0.282 0.2 0.01)
(0.288 0.2 0.01)
(0.294 0.2 0.01)
(0.3 0.2 0.01)
(0.306 0.2 0.01)
(0.312 0.2 0.01)
(0.318 0.2 0.01)
(0.324 0.2 0.01)
(0.33 0.2 0.01)
(0.336 0.2 0.01)
(0.342 0.2 0.01)
(0.348 0.2 0.01)
(0.354 0.2 0.01)
(0.36 0.2 0.01)
(0 0.205 0.01)
(0.006 0.205 0.01)
(0.012 0.205 0.01)
(0.018 0.205 0.01)
(0.024 0.205 0.01)
(0.03 0.205 0.01)
(0.036 0.205 0.01)
(0.042 0.205 0.01)
(0.048 0.205 0.01)
(0.054 0.205 0.01)
(0.06 0.205 0.01)
(0.066 0.205 0.01)
(0.072 0.205 0.01)
(0.078 0.205 0.01)
(0.084 0.205 0.01)
(0.09 0.205 0.01)
(0.096 0.205 0.01)
(0.102 0.205 0.01)
(0.108 0.205 0.01)
(0.114 0.205 0.01)
(0.12 0.205 0.01)
(0.126 0.205 0.01)
(0.132 0.205 0.01)
(0.138 0.205 0.01)
(0.144 0.205 0.01)
(0.15 0.205 0.01)
(0.156 0.205 0.01)
(0.162 0.205 0.01)
(0.168 0.205 0.01)
(0.174 0.205 0.01)
(0.18 0.205 0.01)
(0.186 0.205 0.01)
(0.192 0.205 0.01)
(0.198 0.205 0.01)
(0.204 0.205 0.01)
(0.21 0.205 0.01)
(0.216 0.205 0.01)
(0.222 0.205 0.01)
(0.228 0.205 0.01)
(0.234 0.205 0.01)
(0.24 0.205 0.01)
(0.246 0.205 0.01)
(0.252 0.205 0.01)
(0.258 0.205 0.01)
(0.264 0.205 0.01)
(0.27 0.205 0.01)
(0.276 0.205 0.01)
(0.282 0.205 0.01)
(0.288 0.205 0.01)
(0.294 0.205 0.01)
(0.3 0.205 0.01)
(0.306 0.205 0.01)
(0.312 0.205 0.01)
(0.318 0.205 0.01)
(0.324 0.205 0.01)
(0.33 0.205 0.01)
(0.336 0.205 0.01)
(0.342 0.205 0.01)
(0.348 0.205 0.01)
(0.354 0.205 0.01)
(0.36 0.205 0.01)
(0 0.21 0.01)
(0.006 0.21 0.01)
(0.012 0.21 0.01)
(0.018 0.21 0.01)
(0.024 0.21 0.01)
(0.03 0.21 0.01)
(0.036 0.21 0.01)
(0.042 0.21 0.01)
(0.048 0.21 0.01)
(0.054 0.21 0.01)
(0.06 0.21 0.01)
(0.066 0.21 0.01)
(0.072 0.21 0.01)
(0.078 0.21 0.01)
(0.084 0.21 0.01)
(0.09 0.21 0.01)
(0.096 0.21 0.01)
(0.102 0.21 0.01)
(0.108 0.21 0.01)
(0.114 0.21 0.01)
(0.12 0.21 0.01)
(0.126 0.21 0.01)
(0.132 0.21 0.01)
(0.138 0.21 0.01)
(0.144 0.21 0.01)
(0.15 0.21 0.01)
(0.156 0.21 0.01)
(0.162 0.21 0.01)
(0.168 0.21 0.01)
(0.174 0.21 0.01)
(0.18 0.21 0.01)
(0.186 0.21 0.01)
(0.192 0.21 0.01)
(0.198 0.21 0.01)
(0.204 0.21 0.01)
(0.21 0.21 0.01)
(0.216 0.21 0.01)
(0.222 0.21 0.01)
(0.228 0.21 0.01)
(0.234 0.21 0.01)
(0.24 0.21 0.01)
(0.246 0.21 0.01)
(0.252 0.21 0.01)
(0.258 0.21 0.01)
(0.264 0.21 0.01)
(0.27 0.21 0.01)
(0.276 0.21 0.01)
(0.282 0.21 0.01)
(0.288 0.21 0.01)
(0.294 0.21 0.01)
(0.3 0.21 0.01)
(0.306 0.21 0.01)
(0.312 0.21 0.01)
(0.318 0.21 0.01)
(0.324 0.21 0.01)
(0.33 0.21 0.01)
(0.336 0.21 0.01)
(0.342 0.21 0.01)
(0.348 0.21 0.01)
(0.354 0.21 0.01)
(0.36 0.21 0.01)
(0 0.215 0.01)
(0.006 0.215 0.01)
(0.012 0.215 0.01)
(0.018 0.215 0.01)
(0.024 0.215 0.01)
(0.03 0.215 0.01)
(0.036 0.215 0.01)
(0.042 0.215 0.01)
(0.048 0.215 0.01)
(0.054 0.215 0.01)
(0.06 0.215 0.01)
(0.066 0.215 0.01)
(0.072 0.215 0.01)
(0.078 0.215 0.01)
(0.084 0.215 0.01)
(0.09 0.215 0.01)
(0.096 0.215 0.01)
(0.102 0.215 0.01)
(0.108 0.215 0.01)
(0.114 0.215 0.01)
(0.12 0.215 0.01)
(0.126 0.215 0.01)
(0.132 0.215 0.01)
(0.138 0.215 0.01)
(0.144 0.215 0.01)
(0.15 0.215 0.01)
(0.156 0.215 0.01)
(0.162 0.215 0.01)
(0.168 0.215 0.01)
(0.174 0.215 0.01)
(0.18 0.215 0.01)
(0.186 0.215 0.01)
(0.192 0.215 0.01)
(0.198 0.215 0.01)
(0.204 0.215 0.01)
(0.21 0.215 0.01)
(0.216 0.215 0.01)
(0.222 0.215 0.01)
(0.228 0.215 0.01)
(0.234 0.215 0.01)
(0.24 0.215 0.01)
(0.246 0.215 0.01)
(0.252 0.215 0.01)
(0.258 0.215 0.01)
(0.264 0.215 0.01)
(0.27 0.215 0.01)
(0.276 0.215 0.01)
(0.282 0.215 0.01)
(0.288 0.215 0.01)
(0.294 0.215 0.01)
(0.3 0.215 0.01)
(0.306 0.215 0.01)
(0.312 0.215 0.01)
(0.318 0.215 0.01)
(0.324 0.215 0.01)
(0.33 0.215 0.01)
(0.336 0.215 0.01)
(0.342 0.215 0.01)
(0.348 0.215 0.01)
(0.354 0.215 0.01)
(0.36 0.215 0.01)
(0 0.22 0.01)
(0.006 0.22 0.01)
(0.012 0.22 0.01)
(0.018 0.22 0.01)
(0.024 0.22 0.01)
(0.03 0.22 0.01)
(0.036 0.22 0.01)
(0.042 0.22 0.01)
(0.048 0.22 0.01)
(0.054 0.22 0.01)
(0.06 0.22 0.01)
(0.066 0.22 0.01)
(0.072 0.22 0.01)
(0.078 0.22 0.01)
(0.084 0.22 0.01)
(0.09 0.22 0.01)
(0.096 0.22 0.01)
(0.102 0.22 0.01)
(0.108 0.22 0.01)
(0.114 0.22 0.01)
(0.12 0.22 0.01)
(0.126 0.22 0.01)
(0.132 0.22 0.01)
(0.138 0.22 0.01)
(0.144 0.22 0.01)
(0.15 0.22 0.01)
(0.156 0.22 0.01)
(0.162 0.22 0.01)
(0.168 0.22 0.01)
(0.174 0.22 0.01)
(0.18 0.22 0.01)
(0.186 0.22 0.01)
(0.192 0.22 0.01)
(0.198 0.22 0.01)
(0.204 0.22 0.01)
(0.21 0.22 0.01)
(0.216 0.22 0.01)
(0.222 0.22 0.01)
(0.228 0.22 0.01)
(0.234 0.22 0.01)
(0.24 0.22 0.01)
(0.246 0.22 0.01)
(0.252 0.22 0.01)
(0.258 0.22 0.01)
(0.264 0.22 0.01)
(0.27 0.22 0.01)
(0.276 0.22 0.01)
(0.282 0.22 0.01)
(0.288 0.22 0.01)
(0.294 0.22 0.01)
(0.3 0.22 0.01)
(0.306 0.22 0.01)
(0.312 0.22 0.01)
(0.318 0.22 0.01)
(0.324 0.22 0.01)
(0.33 0.22 0.01)
(0.336 0.22 0.01)
(0.342 0.22 0.01)
(0.348 0.22 0.01)
(0.354 0.22 0.01)
(0.36 0.22 0.01)
(0 0.225 0.01)
(0.006 0.225 0.01)
(0.012 0.225 0.01)
(0.018 0.225 0.01)
(0.024 0.225 0.01)
(0.03 0.225 0.01)
(0.036 0.225 0.01)
(0.042 0.225 0.01)
(0.048 0.225 0.01)
(0.054 0.225 0.01)
(0.06 0.225 0.01)
(0.066 0.225 0.01)
(0.072 0.225 0.01)
(0.078 0.225 0.01)
(0.084 0.225 0.01)
(0.09 0.225 0.01)
(0.096 0.225 0.01)
(0.102 0.225 0.01)
(0.108 0.225 0.01)
(0.114 0.225 0.01)
(0.12 0.225 0.01)
(0.126 0.225 0.01)
(0.132 0.225 0.01)
(0.138 0.225 0.01)
(0.144 0.225 0.01)
(0.15 0.225 0.01)
(0.156 0.225 0.01)
(0.162 0.225 0.01)
(0.168 0.225 0.01)
(0.174 0.225 0.01)
(0.18 0.225 0.01)
(0.186 0.225 0.01)
(0.192 0.225 0.01)
(0.198 0.225 0.01)
(0.204 0.225 0.01)
(0.21 0.225 0.01)
(0.216 0.225 0.01)
(0.222 0.225 0.01)
(0.228 0.225 0.01)
(0.234 0.225 0.01)
(0.24 0.225 0.01)
(0.246 0.225 0.01)
(0.252 0.225 0.01)
(0.258 0.225 0.01)
(0.264 0.225 0.01)
(0.27 0.225 0.01)
(0.276 0.225 0.01)
(0.282 0.225 0.01)
(0.288 0.225 0.01)
(0.294 0.225 0.01)
(0.3 0.225 0.01)
(0.306 0.225 0.01)
(0.312 0.225 0.01)
(0.318 0.225 0.01)
(0.324 0.225 0.01)
(0.33 0.225 0.01)
(0.336 0.225 0.01)
(0.342 0.225 0.01)
(0.348 0.225 0.01)
(0.354 0.225 0.01)
(0.36 0.225 0.01)
(0 0.23 0.01)
(0.006 0.23 0.01)
(0.012 0.23 0.01)
(0.018 0.23 0.01)
(0.024 0.23 0.01)
(0.03 0.23 0.01)
(0.036 0.23 0.01)
(0.042 0.23 0.01)
(0.048 0.23 0.01)
(0.054 0.23 0.01)
(0.06 0.23 0.01)
(0.066 0.23 0.01)
(0.072 0.23 0.01)
(0.078 0.23 0.01)
(0.084 0.23 0.01)
(0.09 0.23 0.01)
(0.096 0.23 0.01)
(0.102 0.23 0.01)
(0.108 0.23 0.01)
(0.114 0.23 0.01)
(0.12 0.23 0.01)
(0.126 0.23 0.01)
(0.132 0.23 0.01)
(0.138 0.23 0.01)
(0.144 0.23 0.01)
(0.15 0.23 0.01)
(0.156 0.23 0.01)
(0.162 0.23 0.01)
(0.168 0.23 0.01)
(0.174 0.23 0.01)
(0.18 0.23 0.01)
(0.186 0.23 0.01)
(0.192 0.23 0.01)
(0.198 0.23 0.01)
(0.204 0.23 0.01)
(0.21 0.23 0.01)
(0.216 0.23 0.01)
(0.222 0.23 0.01)
(0.228 0.23 0.01)
(0.234 0.23 0.01)
(0.24 0.23 0.01)
(0.246 0.23 0.01)
(0.252 0.23 0.01)
(0.258 0.23 0.01)
(0.264 0.23 0.01)
(0.27 0.23 0.01)
(0.276 0.23 0.01)
(0.282 0.23 0.01)
(0.288 0.23 0.01)
(0.294 0.23 0.01)
(0.3 0.23 0.01)
(0.306 0.23 0.01)
(0.312 0.23 0.01)
(0.318 0.23 0.01)
(0.324 0.23 0.01)
(0.33 0.23 0.01)
(0.336 0.23 0.01)
(0.342 0.23 0.01)
(0.348 0.23 0.01)
(0.354 0.23 0.01)
(0.36 0.23 0.01)
(0 0.235 0.01)
(0.006 0.235 0.01)
(0.012 0.235 0.01)
(0.018 0.235 0.01)
(0.024 0.235 0.01)
(0.03 0.235 0.01)
(0.036 0.235 0.01)
(0.042 0.235 0.01)
(0.048 0.235 0.01)
(0.054 0.235 0.01)
(0.06 0.235 0.01)
(0.066 0.235 0.01)
(0.072 0.235 0.01)
(0.078 0.235 0.01)
(0.084 0.235 0.01)
(0.09 0.235 0.01)
(0.096 0.235 0.01)
(0.102 0.235 0.01)
(0.108 0.235 0.01)
(0.114 0.235 0.01)
(0.12 0.235 0.01)
(0.126 0.235 0.01)
(0.132 0.235 0.01)
(0.138 0.235 0.01)
(0.144 0.235 0.01)
(0.15 0.235 0.01)
(0.156 0.235 0.01)
(0.162 0.235 0.01)
(0.168 0.235 0.01)
(0.174 0.235 0.01)
(0.18 0.235 0.01)
(0.186 0.235 0.01)
(0.192 0.235 0.01)
(0.198 0.235 0.01)
(0.204 0.235 0.01)
(0.21 0.235 0.01)
(0.216 0.235 0.01)
(0.222 0.235 0.01)
(0.228 0.235 0.01)
(0.234 0.235 0.01)
(0.24 0.235 0.01)
(0.246 0.235 0.01)
(0.252 0.235 0.01)
(0.258 0.235 0.01)
(0.264 0.235 0.01)
(0.27 0.235 0.01)
(0.276 0.235 0.01)
(0.282 0.235 0.01)
(0.288 0.235 0.01)
(0.294 0.235 0.01)
(0.3 0.235 0.01)
(0.306 0.235 0.01)
(0.312 0.235 0.01)
(0.318 0.235 0.01)
(0.324 0.235 0.01)
(0.33 0.235 0.01)
(0.336 0.235 0.01)
(0.342 0.235 0.01)
(0.348 0.235 0.01)
(0.354 0.235 0.01)
(0.36 0.235 0.01)
(0 0.24 0.01)
(0.006 0.24 0.01)
(0.012 0.24 0.01)
(0.018 0.24 0.01)
(0.024 0.24 0.01)
(0.03 0.24 0.01)
(0.036 0.24 0.01)
(0.042 0.24 0.01)
(0.048 0.24 0.01)
(0.054 0.24 0.01)
(0.06 0.24 0.01)
(0.066 0.24 0.01)
(0.072 0.24 0.01)
(0.078 0.24 0.01)
(0.084 0.24 0.01)
(0.09 0.24 0.01)
(0.096 0.24 0.01)
(0.102 0.24 0.01)
(0.108 0.24 0.01)
(0.114 0.24 0.01)
(0.12 0.24 0.01)
(0.126 0.24 0.01)
(0.132 0.24 0.01)
(0.138 0.24 0.01)
(0.144 0.24 0.01)
(0.15 0.24 0.01)
(0.156 0.24 0.01)
(0.162 0.24 0.01)
(0.168 0.24 0.01)
(0.174 0.24 0.01)
(0.18 0.24 0.01)
(0.186 0.24 0.01)
(0.192 0.24 0.01)
(0.198 0.24 0.01)
(0.204 0.24 0.01)
(0.21 0.24 0.01)
(0.216 0.24 0.01)
(0.222 0.24 0.01)
(0.228 0.24 0.01)
(0.234 0.24 0.01)
(0.24 0.24 0.01)
(0.246 0.24 0.01)
(0.252 0.24 0.01)
(0.258 0.24 0.01)
(0.264 0.24 0.01)
(0.27 0.24 0.01)
(0.276 0.24 0.01)
(0.282 0.24 0.01)
(0.288 0.24 0.01)
(0.294 0.24 0.01)
(0.3 0.24 0.01)
(0.306 0.24 0.01)
(0.312 0.24 0.01)
(0.318 0.24 0.01)
(0.324 0.24 0.01)
(0.33 0.24 0.01)
(0.336 0.24 0.01)
(0.342 0.24 0.01)
(0.348 0.24 0.01)
(0.354 0.24 0.01)
(0.36 0.24 0.01)
(0 0.245 0.01)
(0.006 0.245 0.01)
(0.012 0.245 0.01)
(0.018 0.245 0.01)
(0.024 0.245 0.01)
(0.03 0.245 0.01)
(0.036 0.245 0.01)
(0.042 0.245 0.01)
(0.048 0.245 0.01)
(0.054 0.245 0.01)
(0.06 0.245 0.01)
(0.066 0.245 0.01)
(0.072 0.245 0.01)
(0.078 0.245 0.01)
(0.084 0.245 0.01)
(0.09 0.245 0.01)
(0.096 0.245 0.01)
(0.102 0.245 0.01)
(0.108 0.245 0.01)
(0.114 0.245 0.01)
(0.12 0.245 0.01)
(0.126 0.245 0.01)
(0.132 0.245 0.01)
(0.138 0.245 0.01)
(0.144 0.245 0.01)
(0.15 0.245 0.01)
(0.156 0.245 0.01)
(0.162 0.245 0.01)
(0.168 0.245 0.01)
(0.174 0.245 0.01)
(0.18 0.245 0.01)
(0.186 0.245 0.01)
(0.192 0.245 0.01)
(0.198 0.245 0.01)
(0.204 0.245 0.01)
(0.21 0.245 0.01)
(0.216 0.245 0.01)
(0.222 0.245 0.01)
(0.228 0.245 0.01)
(0.234 0.245 0.01)
(0.24 0.245 0.01)
(0.246 0.245 0.01)
(0.252 0.245 0.01)
(0.258 0.245 0.01)
(0.264 0.245 0.01)
(0.27 0.245 0.01)
(0.276 0.245 0.01)
(0.282 0.245 0.01)
(0.288 0.245 0.01)
(0.294 0.245 0.01)
(0.3 0.245 0.01)
(0.306 0.245 0.01)
(0.312 0.245 0.01)
(0.318 0.245 0.01)
(0.324 0.245 0.01)
(0.33 0.245 0.01)
(0.336 0.245 0.01)
(0.342 0.245 0.01)
(0.348 0.245 0.01)
(0.354 0.245 0.01)
(0.36 0.245 0.01)
(0 0.25 0.01)
(0.006 0.25 0.01)
(0.012 0.25 0.01)
(0.018 0.25 0.01)
(0.024 0.25 0.01)
(0.03 0.25 0.01)
(0.036 0.25 0.01)
(0.042 0.25 0.01)
(0.048 0.25 0.01)
(0.054 0.25 0.01)
(0.06 0.25 0.01)
(0.066 0.25 0.01)
(0.072 0.25 0.01)
(0.078 0.25 0.01)
(0.084 0.25 0.01)
(0.09 0.25 0.01)
(0.096 0.25 0.01)
(0.102 0.25 0.01)
(0.108 0.25 0.01)
(0.114 0.25 0.01)
(0.12 0.25 0.01)
(0.126 0.25 0.01)
(0.132 0.25 0.01)
(0.138 0.25 0.01)
(0.144 0.25 0.01)
(0.15 0.25 0.01)
(0.156 0.25 0.01)
(0.162 0.25 0.01)
(0.168 0.25 0.01)
(0.174 0.25 0.01)
(0.18 0.25 0.01)
(0.186 0.25 0.01)
(0.192 0.25 0.01)
(0.198 0.25 0.01)
(0.204 0.25 0.01)
(0.21 0.25 0.01)
(0.216 0.25 0.01)
(0.222 0.25 0.01)
(0.228 0.25 0.01)
(0.234 0.25 0.01)
(0.24 0.25 0.01)
(0.246 0.25 0.01)
(0.252 0.25 0.01)
(0.258 0.25 0.01)
(0.264 0.25 0.01)
(0.27 0.25 0.01)
(0.276 0.25 0.01)
(0.282 0.25 0.01)
(0.288 0.25 0.01)
(0.294 0.25 0.01)
(0.3 0.25 0.01)
(0.306 0.25 0.01)
(0.312 0.25 0.01)
(0.318 0.25 0.01)
(0.324 0.25 0.01)
(0.33 0.25 0.01)
(0.336 0.25 0.01)
(0.342 0.25 0.01)
(0.348 0.25 0.01)
(0.354 0.25 0.01)
(0.36 0.25 0.01)
(0 0.255 0.01)
(0.006 0.255 0.01)
(0.012 0.255 0.01)
(0.018 0.255 0.01)
(0.024 0.255 0.01)
(0.03 0.255 0.01)
(0.036 0.255 0.01)
(0.042 0.255 0.01)
(0.048 0.255 0.01)
(0.054 0.255 0.01)
(0.06 0.255 0.01)
(0.066 0.255 0.01)
(0.072 0.255 0.01)
(0.078 0.255 0.01)
(0.084 0.255 0.01)
(0.09 0.255 0.01)
(0.096 0.255 0.01)
(0.102 0.255 0.01)
(0.108 0.255 0.01)
(0.114 0.255 0.01)
(0.12 0.255 0.01)
(0.126 0.255 0.01)
(0.132 0.255 0.01)
(0.138 0.255 0.01)
(0.144 0.255 0.01)
(0.15 0.255 0.01)
(0.156 0.255 0.01)
(0.162 0.255 0.01)
(0.168 0.255 0.01)
(0.174 0.255 0.01)
(0.18 0.255 0.01)
(0.186 0.255 0.01)
(0.192 0.255 0.01)
(0.198 0.255 0.01)
(0.204 0.255 0.01)
(0.21 0.255 0.01)
(0.216 0.255 0.01)
(0.222 0.255 0.01)
(0.228 0.255 0.01)
(0.234 0.255 0.01)
(0.24 0.255 0.01)
(0.246 0.255 0.01)
(0.252 0.255 0.01)
(0.258 0.255 0.01)
(0.264 0.255 0.01)
(0.27 0.255 0.01)
(0.276 0.255 0.01)
(0.282 0.255 0.01)
(0.288 0.255 0.01)
(0.294 0.255 0.01)
(0.3 0.255 0.01)
(0.306 0.255 0.01)
(0.312 0.255 0.01)
(0.318 0.255 0.01)
(0.324 0.255 0.01)
(0.33 0.255 0.01)
(0.336 0.255 0.01)
(0.342 0.255 0.01)
(0.348 0.255 0.01)
(0.354 0.255 0.01)
(0.36 0.255 0.01)
(0 0.26 0.01)
(0.006 0.26 0.01)
(0.012 0.26 0.01)
(0.018 0.26 0.01)
(0.024 0.26 0.01)
(0.03 0.26 0.01)
(0.036 0.26 0.01)
(0.042 0.26 0.01)
(0.048 0.26 0.01)
(0.054 0.26 0.01)
(0.06 0.26 0.01)
(0.066 0.26 0.01)
(0.072 0.26 0.01)
(0.078 0.26 0.01)
(0.084 0.26 0.01)
(0.09 0.26 0.01)
(0.096 0.26 0.01)
(0.102 0.26 0.01)
(0.108 0.26 0.01)
(0.114 0.26 0.01)
(0.12 0.26 0.01)
(0.126 0.26 0.01)
(0.132 0.26 0.01)
(0.138 0.26 0.01)
(0.144 0.26 0.01)
(0.15 0.26 0.01)
(0.156 0.26 0.01)
(0.162 0.26 0.01)
(0.168 0.26 0.01)
(0.174 0.26 0.01)
(0.18 0.26 0.01)
(0.186 0.26 0.01)
(0.192 0.26 0.01)
(0.198 0.26 0.01)
(0.204 0.26 0.01)
(0.21 0.26 0.01)
(0.216 0.26 0.01)
(0.222 0.26 0.01)
(0.228 0.26 0.01)
(0.234 0.26 0.01)
(0.24 0.26 0.01)
(0.246 0.26 0.01)
(0.252 0.26 0.01)
(0.258 0.26 0.01)
(0.264 0.26 0.01)
(0.27 0.26 0.01)
(0.276 0.26 0.01)
(0.282 0.26 0.01)
(0.288 0.26 0.01)
(0.294 0.26 0.01)
(0.3 0.26 0.01)
(0.306 0.26 0.01)
(0.312 0.26 0.01)
(0.318 0.26 0.01)
(0.324 0.26 0.01)
(0.33 0.26 0.01)
(0.336 0.26 0.01)
(0.342 0.26 0.01)
(0.348 0.26 0.01)
(0.354 0.26 0.01)
(0.36 0.26 0.01)
(0 0.265 0.01)
(0.006 0.265 0.01)
(0.012 0.265 0.01)
(0.018 0.265 0.01)
(0.024 0.265 0.01)
(0.03 0.265 0.01)
(0.036 0.265 0.01)
(0.042 0.265 0.01)
(0.048 0.265 0.01)
(0.054 0.265 0.01)
(0.06 0.265 0.01)
(0.066 0.265 0.01)
(0.072 0.265 0.01)
(0.078 0.265 0.01)
(0.084 0.265 0.01)
(0.09 0.265 0.01)
(0.096 0.265 0.01)
(0.102 0.265 0.01)
(0.108 0.265 0.01)
(0.114 0.265 0.01)
(0.12 0.265 0.01)
(0.126 0.265 0.01)
(0.132 0.265 0.01)
(0.138 0.265 0.01)
(0.144 0.265 0.01)
(0.15 0.265 0.01)
(0.156 0.265 0.01)
(0.162 0.265 0.01)
(0.168 0.265 0.01)
(0.174 0.265 0.01)
(0.18 0.265 0.01)
(0.186 0.265 0.01)
(0.192 0.265 0.01)
(0.198 0.265 0.01)
(0.204 0.265 0.01)
(0.21 0.265 0.01)
(0.216 0.265 0.01)
(0.222 0.265 0.01)
(0.228 0.265 0.01)
(0.234 0.265 0.01)
(0.24 0.265 0.01)
(0.246 0.265 0.01)
(0.252 0.265 0.01)
(0.258 0.265 0.01)
(0.264 0.265 0.01)
(0.27 0.265 0.01)
(0.276 0.265 0.01)
(0.282 0.265 0.01)
(0.288 0.265 0.01)
(0.294 0.265 0.01)
(0.3 0.265 0.01)
(0.306 0.265 0.01)
(0.312 0.265 0.01)
(0.318 0.265 0.01)
(0.324 0.265 0.01)
(0.33 0.265 0.01)
(0.336 0.265 0.01)
(0.342 0.265 0.01)
(0.348 0.265 0.01)
(0.354 0.265 0.01)
(0.36 0.265 0.01)
(0 0.27 0.01)
(0.006 0.27 0.01)
(0.012 0.27 0.01)
(0.018 0.27 0.01)
(0.024 0.27 0.01)
(0.03 0.27 0.01)
(0.036 0.27 0.01)
(0.042 0.27 0.01)
(0.048 0.27 0.01)
(0.054 0.27 0.01)
(0.06 0.27 0.01)
(0.066 0.27 0.01)
(0.072 0.27 0.01)
(0.078 0.27 0.01)
(0.084 0.27 0.01)
(0.09 0.27 0.01)
(0.096 0.27 0.01)
(0.102 0.27 0.01)
(0.108 0.27 0.01)
(0.114 0.27 0.01)
(0.12 0.27 0.01)
(0.126 0.27 0.01)
(0.132 0.27 0.01)
(0.138 0.27 0.01)
(0.144 0.27 0.01)
(0.15 0.27 0.01)
(0.156 0.27 0.01)
(0.162 0.27 0.01)
(0.168 0.27 0.01)
(0.174 0.27 0.01)
(0.18 0.27 0.01)
(0.186 0.27 0.01)
(0.192 0.27 0.01)
(0.198 0.27 0.01)
(0.204 0.27 0.01)
(0.21 0.27 0.01)
(0.216 0.27 0.01)
(0.222 0.27 0.01)
(0.228 0.27 0.01)
(0.234 0.27 0.01)
(0.24 0.27 0.01)
(0.246 0.27 0.01)
(0.252 0.27 0.01)
(0.258 0.27 0.01)
(0.264 0.27 0.01)
(0.27 0.27 0.01)
(0.276 0.27 0.01)
(0.282 0.27 0.01)
(0.288 0.27 0.01)
(0.294 0.27 0.01)
(0.3 0.27 0.01)
(0.306 0.27 0.01)
(0.312 0.27 0.01)
(0.318 0.27 0.01)
(0.324 0.27 0.01)
(0.33 0.27 0.01)
(0.336 0.27 0.01)
(0.342 0.27 0.01)
(0.348 0.27 0.01)
(0.354 0.27 0.01)
(0.36 0.27 0.01)
(0 0.275 0.01)
(0.006 0.275 0.01)
(0.012 0.275 0.01)
(0.018 0.275 0.01)
(0.024 0.275 0.01)
(0.03 0.275 0.01)
(0.036 0.275 0.01)
(0.042 0.275 0.01)
(0.048 0.275 0.01)
(0.054 0.275 0.01)
(0.06 0.275 0.01)
(0.066 0.275 0.01)
(0.072 0.275 0.01)
(0.078 0.275 0.01)
(0.084 0.275 0.01)
(0.09 0.275 0.01)
(0.096 0.275 0.01)
(0.102 0.275 0.01)
(0.108 0.275 0.01)
(0.114 0.275 0.01)
(0.12 0.275 0.01)
(0.126 0.275 0.01)
(0.132 0.275 0.01)
(0.138 0.275 0.01)
(0.144 0.275 0.01)
(0.15 0.275 0.01)
(0.156 0.275 0.01)
(0.162 0.275 0.01)
(0.168 0.275 0.01)
(0.174 0.275 0.01)
(0.18 0.275 0.01)
(0.186 0.275 0.01)
(0.192 0.275 0.01)
(0.198 0.275 0.01)
(0.204 0.275 0.01)
(0.21 0.275 0.01)
(0.216 0.275 0.01)
(0.222 0.275 0.01)
(0.228 0.275 0.01)
(0.234 0.275 0.01)
(0.24 0.275 0.01)
(0.246 0.275 0.01)
(0.252 0.275 0.01)
(0.258 0.275 0.01)
(0.264 0.275 0.01)
(0.27 0.275 0.01)
(0.276 0.275 0.01)
(0.282 0.275 0.01)
(0.288 0.275 0.01)
(0.294 0.275 0.01)
(0.3 0.275 0.01)
(0.306 0.275 0.01)
(0.312 0.275 0.01)
(0.318 0.275 0.01)
(0.324 0.275 0.01)
(0.33 0.275 0.01)
(0.336 0.275 0.01)
(0.342 0.275 0.01)
(0.348 0.275 0.01)
(0.354 0.275 0.01)
(0.36 0.275 0.01)
(0 0.28 0.01)
(0.006 0.28 0.01)
(0.012 0.28 0.01)
(0.018 0.28 0.01)
(0.024 0.28 0.01)
(0.03 0.28 0.01)
(0.036 0.28 0.01)
(0.042 0.28 0.01)
(0.048 0.28 0.01)
(0.054 0.28 0.01)
(0.06 0.28 0.01)
(0.066 0.28 0.01)
(0.072 0.28 0.01)
(0.078 0.28 0.01)
(0.084 0.28 0.01)
(0.09 0.28 0.01)
(0.096 0.28 0.01)
(0.102 0.28 0.01)
(0.108 0.28 0.01)
(0.114 0.28 0.01)
(0.12 0.28 0.01)
(0.126 0.28 0.01)
(0.132 0.28 0.01)
(0.138 0.28 0.01)
(0.144 0.28 0.01)
(0.15 0.28 0.01)
(0.156 0.28 0.01)
(0.162 0.28 0.01)
(0.168 0.28 0.01)
(0.174 0.28 0.01)
(0.18 0.28 0.01)
(0.186 0.28 0.01)
(0.192 0.28 0.01)
(0.198 0.28 0.01)
(0.204 0.28 0.01)
(0.21 0.28 0.01)
(0.216 0.28 0.01)
(0.222 0.28 0.01)
(0.228 0.28 0.01)
(0.234 0.28 0.01)
(0.24 0.28 0.01)
(0.246 0.28 0.01)
(0.252 0.28 0.01)
(0.258 0.28 0.01)
(0.264 0.28 0.01)
(0.27 0.28 0.01)
(0.276 0.28 0.01)
(0.282 0.28 0.01)
(0.288 0.28 0.01)
(0.294 0.28 0.01)
(0.3 0.28 0.01)
(0.306 0.28 0.01)
(0.312 0.28 0.01)
(0.318 0.28 0.01)
(0.324 0.28 0.01)
(0.33 0.28 0.01)
(0.336 0.28 0.01)
(0.342 0.28 0.01)
(0.348 0.28 0.01)
(0.354 0.28 0.01)
(0.36 0.28 0.01)
(0 0.285 0.01)
(0.006 0.285 0.01)
(0.012 0.285 0.01)
(0.018 0.285 0.01)
(0.024 0.285 0.01)
(0.03 0.285 0.01)
(0.036 0.285 0.01)
(0.042 0.285 0.01)
(0.048 0.285 0.01)
(0.054 0.285 0.01)
(0.06 0.285 0.01)
(0.066 0.285 0.01)
(0.072 0.285 0.01)
(0.078 0.285 0.01)
(0.084 0.285 0.01)
(0.09 0.285 0.01)
(0.096 0.285 0.01)
(0.102 0.285 0.01)
(0.108 0.285 0.01)
(0.114 0.285 0.01)
(0.12 0.285 0.01)
(0.126 0.285 0.01)
(0.132 0.285 0.01)
(0.138 0.285 0.01)
(0.144 0.285 0.01)
(0.15 0.285 0.01)
(0.156 0.285 0.01)
(0.162 0.285 0.01)
(0.168 0.285 0.01)
(0.174 0.285 0.01)
(0.18 0.285 0.01)
(0.186 0.285 0.01)
(0.192 0.285 0.01)
(0.198 0.285 0.01)
(0.204 0.285 0.01)
(0.21 0.285 0.01)
(0.216 0.285 0.01)
(0.222 0.285 0.01)
(0.228 0.285 0.01)
(0.234 0.285 0.01)
(0.24 0.285 0.01)
(0.246 0.285 0.01)
(0.252 0.285 0.01)
(0.258 0.285 0.01)
(0.264 0.285 0.01)
(0.27 0.285 0.01)
(0.276 0.285 0.01)
(0.282 0.285 0.01)
(0.288 0.285 0.01)
(0.294 0.285 0.01)
(0.3 0.285 0.01)
(0.306 0.285 0.01)
(0.312 0.285 0.01)
(0.318 0.285 0.01)
(0.324 0.285 0.01)
(0.33 0.285 0.01)
(0.336 0.285 0.01)
(0.342 0.285 0.01)
(0.348 0.285 0.01)
(0.354 0.285 0.01)
(0.36 0.285 0.01)
(0 0.29 0.01)
(0.006 0.29 0.01)
(0.012 0.29 0.01)
(0.018 0.29 0.01)
(0.024 0.29 0.01)
(0.03 0.29 0.01)
(0.036 0.29 0.01)
(0.042 0.29 0.01)
(0.048 0.29 0.01)
(0.054 0.29 0.01)
(0.06 0.29 0.01)
(0.066 0.29 0.01)
(0.072 0.29 0.01)
(0.078 0.29 0.01)
(0.084 0.29 0.01)
(0.09 0.29 0.01)
(0.096 0.29 0.01)
(0.102 0.29 0.01)
(0.108 0.29 0.01)
(0.114 0.29 0.01)
(0.12 0.29 0.01)
(0.126 0.29 0.01)
(0.132 0.29 0.01)
(0.138 0.29 0.01)
(0.144 0.29 0.01)
(0.15 0.29 0.01)
(0.156 0.29 0.01)
(0.162 0.29 0.01)
(0.168 0.29 0.01)
(0.174 0.29 0.01)
(0.18 0.29 0.01)
(0.186 0.29 0.01)
(0.192 0.29 0.01)
(0.198 0.29 0.01)
(0.204 0.29 0.01)
(0.21 0.29 0.01)
(0.216 0.29 0.01)
(0.222 0.29 0.01)
(0.228 0.29 0.01)
(0.234 0.29 0.01)
(0.24 0.29 0.01)
(0.246 0.29 0.01)
(0.252 0.29 0.01)
(0.258 0.29 0.01)
(0.264 0.29 0.01)
(0.27 0.29 0.01)
(0.276 0.29 0.01)
(0.282 0.29 0.01)
(0.288 0.29 0.01)
(0.294 0.29 0.01)
(0.3 0.29 0.01)
(0.306 0.29 0.01)
(0.312 0.29 0.01)
(0.318 0.29 0.01)
(0.324 0.29 0.01)
(0.33 0.29 0.01)
(0.336 0.29 0.01)
(0.342 0.29 0.01)
(0.348 0.29 0.01)
(0.354 0.29 0.01)
(0.36 0.29 0.01)
(0 0.295 0.01)
(0.006 0.295 0.01)
(0.012 0.295 0.01)
(0.018 0.295 0.01)
(0.024 0.295 0.01)
(0.03 0.295 0.01)
(0.036 0.295 0.01)
(0.042 0.295 0.01)
(0.048 0.295 0.01)
(0.054 0.295 0.01)
(0.06 0.295 0.01)
(0.066 0.295 0.01)
(0.072 0.295 0.01)
(0.078 0.295 0.01)
(0.084 0.295 0.01)
(0.09 0.295 0.01)
(0.096 0.295 0.01)
(0.102 0.295 0.01)
(0.108 0.295 0.01)
(0.114 0.295 0.01)
(0.12 0.295 0.01)
(0.126 0.295 0.01)
(0.132 0.295 0.01)
(0.138 0.295 0.01)
(0.144 0.295 0.01)
(0.15 0.295 0.01)
(0.156 0.295 0.01)
(0.162 0.295 0.01)
(0.168 0.295 0.01)
(0.174 0.295 0.01)
(0.18 0.295 0.01)
(0.186 0.295 0.01)
(0.192 0.295 0.01)
(0.198 0.295 0.01)
(0.204 0.295 0.01)
(0.21 0.295 0.01)
(0.216 0.295 0.01)
(0.222 0.295 0.01)
(0.228 0.295 0.01)
(0.234 0.295 0.01)
(0.24 0.295 0.01)
(0.246 0.295 0.01)
(0.252 0.295 0.01)
(0.258 0.295 0.01)
(0.264 0.295 0.01)
(0.27 0.295 0.01)
(0.276 0.295 0.01)
(0.282 0.295 0.01)
(0.288 0.295 0.01)
(0.294 0.295 0.01)
(0.3 0.295 0.01)
(0.306 0.295 0.01)
(0.312 0.295 0.01)
(0.318 0.295 0.01)
(0.324 0.295 0.01)
(0.33 0.295 0.01)
(0.336 0.295 0.01)
(0.342 0.295 0.01)
(0.348 0.295 0.01)
(0.354 0.295 0.01)
(0.36 0.295 0.01)
(0 0.3 0.01)
(0.006 0.3 0.01)
(0.012 0.3 0.01)
(0.018 0.3 0.01)
(0.024 0.3 0.01)
(0.03 0.3 0.01)
(0.036 0.3 0.01)
(0.042 0.3 0.01)
(0.048 0.3 0.01)
(0.054 0.3 0.01)
(0.06 0.3 0.01)
(0.066 0.3 0.01)
(0.072 0.3 0.01)
(0.078 0.3 0.01)
(0.084 0.3 0.01)
(0.09 0.3 0.01)
(0.096 0.3 0.01)
(0.102 0.3 0.01)
(0.108 0.3 0.01)
(0.114 0.3 0.01)
(0.12 0.3 0.01)
(0.126 0.3 0.01)
(0.132 0.3 0.01)
(0.138 0.3 0.01)
(0.144 0.3 0.01)
(0.15 0.3 0.01)
(0.156 0.3 0.01)
(0.162 0.3 0.01)
(0.168 0.3 0.01)
(0.174 0.3 0.01)
(0.18 0.3 0.01)
(0.186 0.3 0.01)
(0.192 0.3 0.01)
(0.198 0.3 0.01)
(0.204 0.3 0.01)
(0.21 0.3 0.01)
(0.216 0.3 0.01)
(0.222 0.3 0.01)
(0.228 0.3 0.01)
(0.234 0.3 0.01)
(0.24 0.3 0.01)
(0.246 0.3 0.01)
(0.252 0.3 0.01)
(0.258 0.3 0.01)
(0.264 0.3 0.01)
(0.27 0.3 0.01)
(0.276 0.3 0.01)
(0.282 0.3 0.01)
(0.288 0.3 0.01)
(0.294 0.3 0.01)
(0.3 0.3 0.01)
(0.306 0.3 0.01)
(0.312 0.3 0.01)
(0.318 0.3 0.01)
(0.324 0.3 0.01)
(0.33 0.3 0.01)
(0.336 0.3 0.01)
(0.342 0.3 0.01)
(0.348 0.3 0.01)
(0.354 0.3 0.01)
(0.36 0.3 0.01)
(0 0.305 0.01)
(0.006 0.305 0.01)
(0.012 0.305 0.01)
(0.018 0.305 0.01)
(0.024 0.305 0.01)
(0.03 0.305 0.01)
(0.036 0.305 0.01)
(0.042 0.305 0.01)
(0.048 0.305 0.01)
(0.054 0.305 0.01)
(0.06 0.305 0.01)
(0.066 0.305 0.01)
(0.072 0.305 0.01)
(0.078 0.305 0.01)
(0.084 0.305 0.01)
(0.09 0.305 0.01)
(0.096 0.305 0.01)
(0.102 0.305 0.01)
(0.108 0.305 0.01)
(0.114 0.305 0.01)
(0.12 0.305 0.01)
(0.126 0.305 0.01)
(0.132 0.305 0.01)
(0.138 0.305 0.01)
(0.144 0.305 0.01)
(0.15 0.305 0.01)
(0.156 0.305 0.01)
(0.162 0.305 0.01)
(0.168 0.305 0.01)
(0.174 0.305 0.01)
(0.18 0.305 0.01)
(0.186 0.305 0.01)
(0.192 0.305 0.01)
(0.198 0.305 0.01)
(0.204 0.305 0.01)
(0.21 0.305 0.01)
(0.216 0.305 0.01)
(0.222 0.305 0.01)
(0.228 0.305 0.01)
(0.234 0.305 0.01)
(0.24 0.305 0.01)
(0.246 0.305 0.01)
(0.252 0.305 0.01)
(0.258 0.305 0.01)
(0.264 0.305 0.01)
(0.27 0.305 0.01)
(0.276 0.305 0.01)
(0.282 0.305 0.01)
(0.288 0.305 0.01)
(0.294 0.305 0.01)
(0.3 0.305 0.01)
(0.306 0.305 0.01)
(0.312 0.305 0.01)
(0.318 0.305 0.01)
(0.324 0.305 0.01)
(0.33 0.305 0.01)
(0.336 0.305 0.01)
(0.342 0.305 0.01)
(0.348 0.305 0.01)
(0.354 0.305 0.01)
(0.36 0.305 0.01)
(0 0.31 0.01)
(0.006 0.31 0.01)
(0.012 0.31 0.01)
(0.018 0.31 0.01)
(0.024 0.31 0.01)
(0.03 0.31 0.01)
(0.036 0.31 0.01)
(0.042 0.31 0.01)
(0.048 0.31 0.01)
(0.054 0.31 0.01)
(0.06 0.31 0.01)
(0.066 0.31 0.01)
(0.072 0.31 0.01)
(0.078 0.31 0.01)
(0.084 0.31 0.01)
(0.09 0.31 0.01)
(0.096 0.31 0.01)
(0.102 0.31 0.01)
(0.108 0.31 0.01)
(0.114 0.31 0.01)
(0.12 0.31 0.01)
(0.126 0.31 0.01)
(0.132 0.31 0.01)
(0.138 0.31 0.01)
(0.144 0.31 0.01)
(0.15 0.31 0.01)
(0.156 0.31 0.01)
(0.162 0.31 0.01)
(0.168 0.31 0.01)
(0.174 0.31 0.01)
(0.18 0.31 0.01)
(0.186 0.31 0.01)
(0.192 0.31 0.01)
(0.198 0.31 0.01)
(0.204 0.31 0.01)
(0.21 0.31 0.01)
(0.216 0.31 0.01)
(0.222 0.31 0.01)
(0.228 0.31 0.01)
(0.234 0.31 0.01)
(0.24 0.31 0.01)
(0.246 0.31 0.01)
(0.252 0.31 0.01)
(0.258 0.31 0.01)
(0.264 0.31 0.01)
(0.27 0.31 0.01)
(0.276 0.31 0.01)
(0.282 0.31 0.01)
(0.288 0.31 0.01)
(0.294 0.31 0.01)
(0.3 0.31 0.01)
(0.306 0.31 0.01)
(0.312 0.31 0.01)
(0.318 0.31 0.01)
(0.324 0.31 0.01)
(0.33 0.31 0.01)
(0.336 0.31 0.01)
(0.342 0.31 0.01)
(0.348 0.31 0.01)
(0.354 0.31 0.01)
(0.36 0.31 0.01)
(0 0.315 0.01)
(0.006 0.315 0.01)
(0.012 0.315 0.01)
(0.018 0.315 0.01)
(0.024 0.315 0.01)
(0.03 0.315 0.01)
(0.036 0.315 0.01)
(0.042 0.315 0.01)
(0.048 0.315 0.01)
(0.054 0.315 0.01)
(0.06 0.315 0.01)
(0.066 0.315 0.01)
(0.072 0.315 0.01)
(0.078 0.315 0.01)
(0.084 0.315 0.01)
(0.09 0.315 0.01)
(0.096 0.315 0.01)
(0.102 0.315 0.01)
(0.108 0.315 0.01)
(0.114 0.315 0.01)
(0.12 0.315 0.01)
(0.126 0.315 0.01)
(0.132 0.315 0.01)
(0.138 0.315 0.01)
(0.144 0.315 0.01)
(0.15 0.315 0.01)
(0.156 0.315 0.01)
(0.162 0.315 0.01)
(0.168 0.315 0.01)
(0.174 0.315 0.01)
(0.18 0.315 0.01)
(0.186 0.315 0.01)
(0.192 0.315 0.01)
(0.198 0.315 0.01)
(0.204 0.315 0.01)
(0.21 0.315 0.01)
(0.216 0.315 0.01)
(0.222 0.315 0.01)
(0.228 0.315 0.01)
(0.234 0.315 0.01)
(0.24 0.315 0.01)
(0.246 0.315 0.01)
(0.252 0.315 0.01)
(0.258 0.315 0.01)
(0.264 0.315 0.01)
(0.27 0.315 0.01)
(0.276 0.315 0.01)
(0.282 0.315 0.01)
(0.288 0.315 0.01)
(0.294 0.315 0.01)
(0.3 0.315 0.01)
(0.306 0.315 0.01)
(0.312 0.315 0.01)
(0.318 0.315 0.01)
(0.324 0.315 0.01)
(0.33 0.315 0.01)
(0.336 0.315 0.01)
(0.342 0.315 0.01)
(0.348 0.315 0.01)
(0.354 0.315 0.01)
(0.36 0.315 0.01)
(0 0.32 0.01)
(0.006 0.32 0.01)
(0.012 0.32 0.01)
(0.018 0.32 0.01)
(0.024 0.32 0.01)
(0.03 0.32 0.01)
(0.036 0.32 0.01)
(0.042 0.32 0.01)
(0.048 0.32 0.01)
(0.054 0.32 0.01)
(0.06 0.32 0.01)
(0.066 0.32 0.01)
(0.072 0.32 0.01)
(0.078 0.32 0.01)
(0.084 0.32 0.01)
(0.09 0.32 0.01)
(0.096 0.32 0.01)
(0.102 0.32 0.01)
(0.108 0.32 0.01)
(0.114 0.32 0.01)
(0.12 0.32 0.01)
(0.126 0.32 0.01)
(0.132 0.32 0.01)
(0.138 0.32 0.01)
(0.144 0.32 0.01)
(0.15 0.32 0.01)
(0.156 0.32 0.01)
(0.162 0.32 0.01)
(0.168 0.32 0.01)
(0.174 0.32 0.01)
(0.18 0.32 0.01)
(0.186 0.32 0.01)
(0.192 0.32 0.01)
(0.198 0.32 0.01)
(0.204 0.32 0.01)
(0.21 0.32 0.01)
(0.216 0.32 0.01)
(0.222 0.32 0.01)
(0.228 0.32 0.01)
(0.234 0.32 0.01)
(0.24 0.32 0.01)
(0.246 0.32 0.01)
(0.252 0.32 0.01)
(0.258 0.32 0.01)
(0.264 0.32 0.01)
(0.27 0.32 0.01)
(0.276 0.32 0.01)
(0.282 0.32 0.01)
(0.288 0.32 0.01)
(0.294 0.32 0.01)
(0.3 0.32 0.01)
(0.306 0.32 0.01)
(0.312 0.32 0.01)
(0.318 0.32 0.01)
(0.324 0.32 0.01)
(0.33 0.32 0.01)
(0.336 0.32 0.01)
(0.342 0.32 0.01)
(0.348 0.32 0.01)
(0.354 0.32 0.01)
(0.36 0.32 0.01)
(0 0.325 0.01)
(0.006 0.325 0.01)
(0.012 0.325 0.01)
(0.018 0.325 0.01)
(0.024 0.325 0.01)
(0.03 0.325 0.01)
(0.036 0.325 0.01)
(0.042 0.325 0.01)
(0.048 0.325 0.01)
(0.054 0.325 0.01)
(0.06 0.325 0.01)
(0.066 0.325 0.01)
(0.072 0.325 0.01)
(0.078 0.325 0.01)
(0.084 0.325 0.01)
(0.09 0.325 0.01)
(0.096 0.325 0.01)
(0.102 0.325 0.01)
(0.108 0.325 0.01)
(0.114 0.325 0.01)
(0.12 0.325 0.01)
(0.126 0.325 0.01)
(0.132 0.325 0.01)
(0.138 0.325 0.01)
(0.144 0.325 0.01)
(0.15 0.325 0.01)
(0.156 0.325 0.01)
(0.162 0.325 0.01)
(0.168 0.325 0.01)
(0.174 0.325 0.01)
(0.18 0.325 0.01)
(0.186 0.325 0.01)
(0.192 0.325 0.01)
(0.198 0.325 0.01)
(0.204 0.325 0.01)
(0.21 0.325 0.01)
(0.216 0.325 0.01)
(0.222 0.325 0.01)
(0.228 0.325 0.01)
(0.234 0.325 0.01)
(0.24 0.325 0.01)
(0.246 0.325 0.01)
(0.252 0.325 0.01)
(0.258 0.325 0.01)
(0.264 0.325 0.01)
(0.27 0.325 0.01)
(0.276 0.325 0.01)
(0.282 0.325 0.01)
(0.288 0.325 0.01)
(0.294 0.325 0.01)
(0.3 0.325 0.01)
(0.306 0.325 0.01)
(0.312 0.325 0.01)
(0.318 0.325 0.01)
(0.324 0.325 0.01)
(0.33 0.325 0.01)
(0.336 0.325 0.01)
(0.342 0.325 0.01)
(0.348 0.325 0.01)
(0.354 0.325 0.01)
(0.36 0.325 0.01)
(0 0.33 0.01)
(0.006 0.33 0.01)
(0.012 0.33 0.01)
(0.018 0.33 0.01)
(0.024 0.33 0.01)
(0.03 0.33 0.01)
(0.036 0.33 0.01)
(0.042 0.33 0.01)
(0.048 0.33 0.01)
(0.054 0.33 0.01)
(0.06 0.33 0.01)
(0.066 0.33 0.01)
(0.072 0.33 0.01)
(0.078 0.33 0.01)
(0.084 0.33 0.01)
(0.09 0.33 0.01)
(0.096 0.33 0.01)
(0.102 0.33 0.01)
(0.108 0.33 0.01)
(0.114 0.33 0.01)
(0.12 0.33 0.01)
(0.126 0.33 0.01)
(0.132 0.33 0.01)
(0.138 0.33 0.01)
(0.144 0.33 0.01)
(0.15 0.33 0.01)
(0.156 0.33 0.01)
(0.162 0.33 0.01)
(0.168 0.33 0.01)
(0.174 0.33 0.01)
(0.18 0.33 0.01)
(0.186 0.33 0.01)
(0.192 0.33 0.01)
(0.198 0.33 0.01)
(0.204 0.33 0.01)
(0.21 0.33 0.01)
(0.216 0.33 0.01)
(0.222 0.33 0.01)
(0.228 0.33 0.01)
(0.234 0.33 0.01)
(0.24 0.33 0.01)
(0.246 0.33 0.01)
(0.252 0.33 0.01)
(0.258 0.33 0.01)
(0.264 0.33 0.01)
(0.27 0.33 0.01)
(0.276 0.33 0.01)
(0.282 0.33 0.01)
(0.288 0.33 0.01)
(0.294 0.33 0.01)
(0.3 0.33 0.01)
(0.306 0.33 0.01)
(0.312 0.33 0.01)
(0.318 0.33 0.01)
(0.324 0.33 0.01)
(0.33 0.33 0.01)
(0.336 0.33 0.01)
(0.342 0.33 0.01)
(0.348 0.33 0.01)
(0.354 0.33 0.01)
(0.36 0.33 0.01)
(0 0.335 0.01)
(0.006 0.335 0.01)
(0.012 0.335 0.01)
(0.018 0.335 0.01)
(0.024 0.335 0.01)
(0.03 0.335 0.01)
(0.036 0.335 0.01)
(0.042 0.335 0.01)
(0.048 0.335 0.01)
(0.054 0.335 0.01)
(0.06 0.335 0.01)
(0.066 0.335 0.01)
(0.072 0.335 0.01)
(0.078 0.335 0.01)
(0.084 0.335 0.01)
(0.09 0.335 0.01)
(0.096 0.335 0.01)
(0.102 0.335 0.01)
(0.108 0.335 0.01)
(0.114 0.335 0.01)
(0.12 0.335 0.01)
(0.126 0.335 0.01)
(0.132 0.335 0.01)
(0.138 0.335 0.01)
(0.144 0.335 0.01)
(0.15 0.335 0.01)
(0.156 0.335 0.01)
(0.162 0.335 0.01)
(0.168 0.335 0.01)
(0.174 0.335 0.01)
(0.18 0.335 0.01)
(0.186 0.335 0.01)
(0.192 0.335 0.01)
(0.198 0.335 0.01)
(0.204 0.335 0.01)
(0.21 0.335 0.01)
(0.216 0.335 0.01)
(0.222 0.335 0.01)
(0.228 0.335 0.01)
(0.234 0.335 0.01)
(0.24 0.335 0.01)
(0.246 0.335 0.01)
(0.252 0.335 0.01)
(0.258 0.335 0.01)
(0.264 0.335 0.01)
(0.27 0.335 0.01)
(0.276 0.335 0.01)
(0.282 0.335 0.01)
(0.288 0.335 0.01)
(0.294 0.335 0.01)
(0.3 0.335 0.01)
(0.306 0.335 0.01)
(0.312 0.335 0.01)
(0.318 0.335 0.01)
(0.324 0.335 0.01)
(0.33 0.335 0.01)
(0.336 0.335 0.01)
(0.342 0.335 0.01)
(0.348 0.335 0.01)
(0.354 0.335 0.01)
(0.36 0.335 0.01)
(0 0.34 0.01)
(0.006 0.34 0.01)
(0.012 0.34 0.01)
(0.018 0.34 0.01)
(0.024 0.34 0.01)
(0.03 0.34 0.01)
(0.036 0.34 0.01)
(0.042 0.34 0.01)
(0.048 0.34 0.01)
(0.054 0.34 0.01)
(0.06 0.34 0.01)
(0.066 0.34 0.01)
(0.072 0.34 0.01)
(0.078 0.34 0.01)
(0.084 0.34 0.01)
(0.09 0.34 0.01)
(0.096 0.34 0.01)
(0.102 0.34 0.01)
(0.108 0.34 0.01)
(0.114 0.34 0.01)
(0.12 0.34 0.01)
(0.126 0.34 0.01)
(0.132 0.34 0.01)
(0.138 0.34 0.01)
(0.144 0.34 0.01)
(0.15 0.34 0.01)
(0.156 0.34 0.01)
(0.162 0.34 0.01)
(0.168 0.34 0.01)
(0.174 0.34 0.01)
(0.18 0.34 0.01)
(0.186 0.34 0.01)
(0.192 0.34 0.01)
(0.198 0.34 0.01)
(0.204 0.34 0.01)
(0.21 0.34 0.01)
(0.216 0.34 0.01)
(0.222 0.34 0.01)
(0.228 0.34 0.01)
(0.234 0.34 0.01)
(0.24 0.34 0.01)
(0.246 0.34 0.01)
(0.252 0.34 0.01)
(0.258 0.34 0.01)
(0.264 0.34 0.01)
(0.27 0.34 0.01)
(0.276 0.34 0.01)
(0.282 0.34 0.01)
(0.288 0.34 0.01)
(0.294 0.34 0.01)
(0.3 0.34 0.01)
(0.306 0.34 0.01)
(0.312 0.34 0.01)
(0.318 0.34 0.01)
(0.324 0.34 0.01)
(0.33 0.34 0.01)
(0.336 0.34 0.01)
(0.342 0.34 0.01)
(0.348 0.34 0.01)
(0.354 0.34 0.01)
(0.36 0.34 0.01)
(0 0.345 0.01)
(0.006 0.345 0.01)
(0.012 0.345 0.01)
(0.018 0.345 0.01)
(0.024 0.345 0.01)
(0.03 0.345 0.01)
(0.036 0.345 0.01)
(0.042 0.345 0.01)
(0.048 0.345 0.01)
(0.054 0.345 0.01)
(0.06 0.345 0.01)
(0.066 0.345 0.01)
(0.072 0.345 0.01)
(0.078 0.345 0.01)
(0.084 0.345 0.01)
(0.09 0.345 0.01)
(0.096 0.345 0.01)
(0.102 0.345 0.01)
(0.108 0.345 0.01)
(0.114 0.345 0.01)
(0.12 0.345 0.01)
(0.126 0.345 0.01)
(0.132 0.345 0.01)
(0.138 0.345 0.01)
(0.144 0.345 0.01)
(0.15 0.345 0.01)
(0.156 0.345 0.01)
(0.162 0.345 0.01)
(0.168 0.345 0.01)
(0.174 0.345 0.01)
(0.18 0.345 0.01)
(0.186 0.345 0.01)
(0.192 0.345 0.01)
(0.198 0.345 0.01)
(0.204 0.345 0.01)
(0.21 0.345 0.01)
(0.216 0.345 0.01)
(0.222 0.345 0.01)
(0.228 0.345 0.01)
(0.234 0.345 0.01)
(0.24 0.345 0.01)
(0.246 0.345 0.01)
(0.252 0.345 0.01)
(0.258 0.345 0.01)
(0.264 0.345 0.01)
(0.27 0.345 0.01)
(0.276 0.345 0.01)
(0.282 0.345 0.01)
(0.288 0.345 0.01)
(0.294 0.345 0.01)
(0.3 0.345 0.01)
(0.306 0.345 0.01)
(0.312 0.345 0.01)
(0.318 0.345 0.01)
(0.324 0.345 0.01)
(0.33 0.345 0.01)
(0.336 0.345 0.01)
(0.342 0.345 0.01)
(0.348 0.345 0.01)
(0.354 0.345 0.01)
(0.36 0.345 0.01)
(0 0.35 0.01)
(0.006 0.35 0.01)
(0.012 0.35 0.01)
(0.018 0.35 0.01)
(0.024 0.35 0.01)
(0.03 0.35 0.01)
(0.036 0.35 0.01)
(0.042 0.35 0.01)
(0.048 0.35 0.01)
(0.054 0.35 0.01)
(0.06 0.35 0.01)
(0.066 0.35 0.01)
(0.072 0.35 0.01)
(0.078 0.35 0.01)
(0.084 0.35 0.01)
(0.09 0.35 0.01)
(0.096 0.35 0.01)
(0.102 0.35 0.01)
(0.108 0.35 0.01)
(0.114 0.35 0.01)
(0.12 0.35 0.01)
(0.126 0.35 0.01)
(0.132 0.35 0.01)
(0.138 0.35 0.01)
(0.144 0.35 0.01)
(0.15 0.35 0.01)
(0.156 0.35 0.01)
(0.162 0.35 0.01)
(0.168 0.35 0.01)
(0.174 0.35 0.01)
(0.18 0.35 0.01)
(0.186 0.35 0.01)
(0.192 0.35 0.01)
(0.198 0.35 0.01)
(0.204 0.35 0.01)
(0.21 0.35 0.01)
(0.216 0.35 0.01)
(0.222 0.35 0.01)
(0.228 0.35 0.01)
(0.234 0.35 0.01)
(0.24 0.35 0.01)
(0.246 0.35 0.01)
(0.252 0.35 0.01)
(0.258 0.35 0.01)
(0.264 0.35 0.01)
(0.27 0.35 0.01)
(0.276 0.35 0.01)
(0.282 0.35 0.01)
(0.288 0.35 0.01)
(0.294 0.35 0.01)
(0.3 0.35 0.01)
(0.306 0.35 0.01)
(0.312 0.35 0.01)
(0.318 0.35 0.01)
(0.324 0.35 0.01)
(0.33 0.35 0.01)
(0.336 0.35 0.01)
(0.342 0.35 0.01)
(0.348 0.35 0.01)
(0.354 0.35 0.01)
(0.36 0.35 0.01)
(0 0.355 0.01)
(0.006 0.355 0.01)
(0.012 0.355 0.01)
(0.018 0.355 0.01)
(0.024 0.355 0.01)
(0.03 0.355 0.01)
(0.036 0.355 0.01)
(0.042 0.355 0.01)
(0.048 0.355 0.01)
(0.054 0.355 0.01)
(0.06 0.355 0.01)
(0.066 0.355 0.01)
(0.072 0.355 0.01)
(0.078 0.355 0.01)
(0.084 0.355 0.01)
(0.09 0.355 0.01)
(0.096 0.355 0.01)
(0.102 0.355 0.01)
(0.108 0.355 0.01)
(0.114 0.355 0.01)
(0.12 0.355 0.01)
(0.126 0.355 0.01)
(0.132 0.355 0.01)
(0.138 0.355 0.01)
(0.144 0.355 0.01)
(0.15 0.355 0.01)
(0.156 0.355 0.01)
(0.162 0.355 0.01)
(0.168 0.355 0.01)
(0.174 0.355 0.01)
(0.18 0.355 0.01)
(0.186 0.355 0.01)
(0.192 0.355 0.01)
(0.198 0.355 0.01)
(0.204 0.355 0.01)
(0.21 0.355 0.01)
(0.216 0.355 0.01)
(0.222 0.355 0.01)
(0.228 0.355 0.01)
(0.234 0.355 0.01)
(0.24 0.355 0.01)
(0.246 0.355 0.01)
(0.252 0.355 0.01)
(0.258 0.355 0.01)
(0.264 0.355 0.01)
(0.27 0.355 0.01)
(0.276 0.355 0.01)
(0.282 0.355 0.01)
(0.288 0.355 0.01)
(0.294 0.355 0.01)
(0.3 0.355 0.01)
(0.306 0.355 0.01)
(0.312 0.355 0.01)
(0.318 0.355 0.01)
(0.324 0.355 0.01)
(0.33 0.355 0.01)
(0.336 0.355 0.01)
(0.342 0.355 0.01)
(0.348 0.355 0.01)
(0.354 0.355 0.01)
(0.36 0.355 0.01)
(0 0.36 0.01)
(0.006 0.36 0.01)
(0.012 0.36 0.01)
(0.018 0.36 0.01)
(0.024 0.36 0.01)
(0.03 0.36 0.01)
(0.036 0.36 0.01)
(0.042 0.36 0.01)
(0.048 0.36 0.01)
(0.054 0.36 0.01)
(0.06 0.36 0.01)
(0.066 0.36 0.01)
(0.072 0.36 0.01)
(0.078 0.36 0.01)
(0.084 0.36 0.01)
(0.09 0.36 0.01)
(0.096 0.36 0.01)
(0.102 0.36 0.01)
(0.108 0.36 0.01)
(0.114 0.36 0.01)
(0.12 0.36 0.01)
(0.126 0.36 0.01)
(0.132 0.36 0.01)
(0.138 0.36 0.01)
(0.144 0.36 0.01)
(0.15 0.36 0.01)
(0.156 0.36 0.01)
(0.162 0.36 0.01)
(0.168 0.36 0.01)
(0.174 0.36 0.01)
(0.18 0.36 0.01)
(0.186 0.36 0.01)
(0.192 0.36 0.01)
(0.198 0.36 0.01)
(0.204 0.36 0.01)
(0.21 0.36 0.01)
(0.216 0.36 0.01)
(0.222 0.36 0.01)
(0.228 0.36 0.01)
(0.234 0.36 0.01)
(0.24 0.36 0.01)
(0.246 0.36 0.01)
(0.252 0.36 0.01)
(0.258 0.36 0.01)
(0.264 0.36 0.01)
(0.27 0.36 0.01)
(0.276 0.36 0.01)
(0.282 0.36 0.01)
(0.288 0.36 0.01)
(0.294 0.36 0.01)
(0.3 0.36 0.01)
(0.306 0.36 0.01)
(0.312 0.36 0.01)
(0.318 0.36 0.01)
(0.324 0.36 0.01)
(0.33 0.36 0.01)
(0.336 0.36 0.01)
(0.342 0.36 0.01)
(0.348 0.36 0.01)
(0.354 0.36 0.01)
(0.36 0.36 0.01)
(0 0.365 0.01)
(0.006 0.365 0.01)
(0.012 0.365 0.01)
(0.018 0.365 0.01)
(0.024 0.365 0.01)
(0.03 0.365 0.01)
(0.036 0.365 0.01)
(0.042 0.365 0.01)
(0.048 0.365 0.01)
(0.054 0.365 0.01)
(0.06 0.365 0.01)
(0.066 0.365 0.01)
(0.072 0.365 0.01)
(0.078 0.365 0.01)
(0.084 0.365 0.01)
(0.09 0.365 0.01)
(0.096 0.365 0.01)
(0.102 0.365 0.01)
(0.108 0.365 0.01)
(0.114 0.365 0.01)
(0.12 0.365 0.01)
(0.126 0.365 0.01)
(0.132 0.365 0.01)
(0.138 0.365 0.01)
(0.144 0.365 0.01)
(0.15 0.365 0.01)
(0.156 0.365 0.01)
(0.162 0.365 0.01)
(0.168 0.365 0.01)
(0.174 0.365 0.01)
(0.18 0.365 0.01)
(0.186 0.365 0.01)
(0.192 0.365 0.01)
(0.198 0.365 0.01)
(0.204 0.365 0.01)
(0.21 0.365 0.01)
(0.216 0.365 0.01)
(0.222 0.365 0.01)
(0.228 0.365 0.01)
(0.234 0.365 0.01)
(0.24 0.365 0.01)
(0.246 0.365 0.01)
(0.252 0.365 0.01)
(0.258 0.365 0.01)
(0.264 0.365 0.01)
(0.27 0.365 0.01)
(0.276 0.365 0.01)
(0.282 0.365 0.01)
(0.288 0.365 0.01)
(0.294 0.365 0.01)
(0.3 0.365 0.01)
(0.306 0.365 0.01)
(0.312 0.365 0.01)
(0.318 0.365 0.01)
(0.324 0.365 0.01)
(0.33 0.365 0.01)
(0.336 0.365 0.01)
(0.342 0.365 0.01)
(0.348 0.365 0.01)
(0.354 0.365 0.01)
(0.36 0.365 0.01)
(0 0.37 0.01)
(0.006 0.37 0.01)
(0.012 0.37 0.01)
(0.018 0.37 0.01)
(0.024 0.37 0.01)
(0.03 0.37 0.01)
(0.036 0.37 0.01)
(0.042 0.37 0.01)
(0.048 0.37 0.01)
(0.054 0.37 0.01)
(0.06 0.37 0.01)
(0.066 0.37 0.01)
(0.072 0.37 0.01)
(0.078 0.37 0.01)
(0.084 0.37 0.01)
(0.09 0.37 0.01)
(0.096 0.37 0.01)
(0.102 0.37 0.01)
(0.108 0.37 0.01)
(0.114 0.37 0.01)
(0.12 0.37 0.01)
(0.126 0.37 0.01)
(0.132 0.37 0.01)
(0.138 0.37 0.01)
(0.144 0.37 0.01)
(0.15 0.37 0.01)
(0.156 0.37 0.01)
(0.162 0.37 0.01)
(0.168 0.37 0.01)
(0.174 0.37 0.01)
(0.18 0.37 0.01)
(0.186 0.37 0.01)
(0.192 0.37 0.01)
(0.198 0.37 0.01)
(0.204 0.37 0.01)
(0.21 0.37 0.01)
(0.216 0.37 0.01)
(0.222 0.37 0.01)
(0.228 0.37 0.01)
(0.234 0.37 0.01)
(0.24 0.37 0.01)
(0.246 0.37 0.01)
(0.252 0.37 0.01)
(0.258 0.37 0.01)
(0.264 0.37 0.01)
(0.27 0.37 0.01)
(0.276 0.37 0.01)
(0.282 0.37 0.01)
(0.288 0.37 0.01)
(0.294 0.37 0.01)
(0.3 0.37 0.01)
(0.306 0.37 0.01)
(0.312 0.37 0.01)
(0.318 0.37 0.01)
(0.324 0.37 0.01)
(0.33 0.37 0.01)
(0.336 0.37 0.01)
(0.342 0.37 0.01)
(0.348 0.37 0.01)
(0.354 0.37 0.01)
(0.36 0.37 0.01)
(0 0.375 0.01)
(0.006 0.375 0.01)
(0.012 0.375 0.01)
(0.018 0.375 0.01)
(0.024 0.375 0.01)
(0.03 0.375 0.01)
(0.036 0.375 0.01)
(0.042 0.375 0.01)
(0.048 0.375 0.01)
(0.054 0.375 0.01)
(0.06 0.375 0.01)
(0.066 0.375 0.01)
(0.072 0.375 0.01)
(0.078 0.375 0.01)
(0.084 0.375 0.01)
(0.09 0.375 0.01)
(0.096 0.375 0.01)
(0.102 0.375 0.01)
(0.108 0.375 0.01)
(0.114 0.375 0.01)
(0.12 0.375 0.01)
(0.126 0.375 0.01)
(0.132 0.375 0.01)
(0.138 0.375 0.01)
(0.144 0.375 0.01)
(0.15 0.375 0.01)
(0.156 0.375 0.01)
(0.162 0.375 0.01)
(0.168 0.375 0.01)
(0.174 0.375 0.01)
(0.18 0.375 0.01)
(0.186 0.375 0.01)
(0.192 0.375 0.01)
(0.198 0.375 0.01)
(0.204 0.375 0.01)
(0.21 0.375 0.01)
(0.216 0.375 0.01)
(0.222 0.375 0.01)
(0.228 0.375 0.01)
(0.234 0.375 0.01)
(0.24 0.375 0.01)
(0.246 0.375 0.01)
(0.252 0.375 0.01)
(0.258 0.375 0.01)
(0.264 0.375 0.01)
(0.27 0.375 0.01)
(0.276 0.375 0.01)
(0.282 0.375 0.01)
(0.288 0.375 0.01)
(0.294 0.375 0.01)
(0.3 0.375 0.01)
(0.306 0.375 0.01)
(0.312 0.375 0.01)
(0.318 0.375 0.01)
(0.324 0.375 0.01)
(0.33 0.375 0.01)
(0.336 0.375 0.01)
(0.342 0.375 0.01)
(0.348 0.375 0.01)
(0.354 0.375 0.01)
(0.36 0.375 0.01)
(0 0.38 0.01)
(0.006 0.38 0.01)
(0.012 0.38 0.01)
(0.018 0.38 0.01)
(0.024 0.38 0.01)
(0.03 0.38 0.01)
(0.036 0.38 0.01)
(0.042 0.38 0.01)
(0.048 0.38 0.01)
(0.054 0.38 0.01)
(0.06 0.38 0.01)
(0.066 0.38 0.01)
(0.072 0.38 0.01)
(0.078 0.38 0.01)
(0.084 0.38 0.01)
(0.09 0.38 0.01)
(0.096 0.38 0.01)
(0.102 0.38 0.01)
(0.108 0.38 0.01)
(0.114 0.38 0.01)
(0.12 0.38 0.01)
(0.126 0.38 0.01)
(0.132 0.38 0.01)
(0.138 0.38 0.01)
(0.144 0.38 0.01)
(0.15 0.38 0.01)
(0.156 0.38 0.01)
(0.162 0.38 0.01)
(0.168 0.38 0.01)
(0.174 0.38 0.01)
(0.18 0.38 0.01)
(0.186 0.38 0.01)
(0.192 0.38 0.01)
(0.198 0.38 0.01)
(0.204 0.38 0.01)
(0.21 0.38 0.01)
(0.216 0.38 0.01)
(0.222 0.38 0.01)
(0.228 0.38 0.01)
(0.234 0.38 0.01)
(0.24 0.38 0.01)
(0.246 0.38 0.01)
(0.252 0.38 0.01)
(0.258 0.38 0.01)
(0.264 0.38 0.01)
(0.27 0.38 0.01)
(0.276 0.38 0.01)
(0.282 0.38 0.01)
(0.288 0.38 0.01)
(0.294 0.38 0.01)
(0.3 0.38 0.01)
(0.306 0.38 0.01)
(0.312 0.38 0.01)
(0.318 0.38 0.01)
(0.324 0.38 0.01)
(0.33 0.38 0.01)
(0.336 0.38 0.01)
(0.342 0.38 0.01)
(0.348 0.38 0.01)
(0.354 0.38 0.01)
(0.36 0.38 0.01)
(0 0.385 0.01)
(0.006 0.385 0.01)
(0.012 0.385 0.01)
(0.018 0.385 0.01)
(0.024 0.385 0.01)
(0.03 0.385 0.01)
(0.036 0.385 0.01)
(0.042 0.385 0.01)
(0.048 0.385 0.01)
(0.054 0.385 0.01)
(0.06 0.385 0.01)
(0.066 0.385 0.01)
(0.072 0.385 0.01)
(0.078 0.385 0.01)
(0.084 0.385 0.01)
(0.09 0.385 0.01)
(0.096 0.385 0.01)
(0.102 0.385 0.01)
(0.108 0.385 0.01)
(0.114 0.385 0.01)
(0.12 0.385 0.01)
(0.126 0.385 0.01)
(0.132 0.385 0.01)
(0.138 0.385 0.01)
(0.144 0.385 0.01)
(0.15 0.385 0.01)
(0.156 0.385 0.01)
(0.162 0.385 0.01)
(0.168 0.385 0.01)
(0.174 0.385 0.01)
(0.18 0.385 0.01)
(0.186 0.385 0.01)
(0.192 0.385 0.01)
(0.198 0.385 0.01)
(0.204 0.385 0.01)
(0.21 0.385 0.01)
(0.216 0.385 0.01)
(0.222 0.385 0.01)
(0.228 0.385 0.01)
(0.234 0.385 0.01)
(0.24 0.385 0.01)
(0.246 0.385 0.01)
(0.252 0.385 0.01)
(0.258 0.385 0.01)
(0.264 0.385 0.01)
(0.27 0.385 0.01)
(0.276 0.385 0.01)
(0.282 0.385 0.01)
(0.288 0.385 0.01)
(0.294 0.385 0.01)
(0.3 0.385 0.01)
(0.306 0.385 0.01)
(0.312 0.385 0.01)
(0.318 0.385 0.01)
(0.324 0.385 0.01)
(0.33 0.385 0.01)
(0.336 0.385 0.01)
(0.342 0.385 0.01)
(0.348 0.385 0.01)
(0.354 0.385 0.01)
(0.36 0.385 0.01)
(0 0.39 0.01)
(0.006 0.39 0.01)
(0.012 0.39 0.01)
(0.018 0.39 0.01)
(0.024 0.39 0.01)
(0.03 0.39 0.01)
(0.036 0.39 0.01)
(0.042 0.39 0.01)
(0.048 0.39 0.01)
(0.054 0.39 0.01)
(0.06 0.39 0.01)
(0.066 0.39 0.01)
(0.072 0.39 0.01)
(0.078 0.39 0.01)
(0.084 0.39 0.01)
(0.09 0.39 0.01)
(0.096 0.39 0.01)
(0.102 0.39 0.01)
(0.108 0.39 0.01)
(0.114 0.39 0.01)
(0.12 0.39 0.01)
(0.126 0.39 0.01)
(0.132 0.39 0.01)
(0.138 0.39 0.01)
(0.144 0.39 0.01)
(0.15 0.39 0.01)
(0.156 0.39 0.01)
(0.162 0.39 0.01)
(0.168 0.39 0.01)
(0.174 0.39 0.01)
(0.18 0.39 0.01)
(0.186 0.39 0.01)
(0.192 0.39 0.01)
(0.198 0.39 0.01)
(0.204 0.39 0.01)
(0.21 0.39 0.01)
(0.216 0.39 0.01)
(0.222 0.39 0.01)
(0.228 0.39 0.01)
(0.234 0.39 0.01)
(0.24 0.39 0.01)
(0.246 0.39 0.01)
(0.252 0.39 0.01)
(0.258 0.39 0.01)
(0.264 0.39 0.01)
(0.27 0.39 0.01)
(0.276 0.39 0.01)
(0.282 0.39 0.01)
(0.288 0.39 0.01)
(0.294 0.39 0.01)
(0.3 0.39 0.01)
(0.306 0.39 0.01)
(0.312 0.39 0.01)
(0.318 0.39 0.01)
(0.324 0.39 0.01)
(0.33 0.39 0.01)
(0.336 0.39 0.01)
(0.342 0.39 0.01)
(0.348 0.39 0.01)
(0.354 0.39 0.01)
(0.36 0.39 0.01)
(0 0.395 0.01)
(0.006 0.395 0.01)
(0.012 0.395 0.01)
(0.018 0.395 0.01)
(0.024 0.395 0.01)
(0.03 0.395 0.01)
(0.036 0.395 0.01)
(0.042 0.395 0.01)
(0.048 0.395 0.01)
(0.054 0.395 0.01)
(0.06 0.395 0.01)
(0.066 0.395 0.01)
(0.072 0.395 0.01)
(0.078 0.395 0.01)
(0.084 0.395 0.01)
(0.09 0.395 0.01)
(0.096 0.395 0.01)
(0.102 0.395 0.01)
(0.108 0.395 0.01)
(0.114 0.395 0.01)
(0.12 0.395 0.01)
(0.126 0.395 0.01)
(0.132 0.395 0.01)
(0.138 0.395 0.01)
(0.144 0.395 0.01)
(0.15 0.395 0.01)
(0.156 0.395 0.01)
(0.162 0.395 0.01)
(0.168 0.395 0.01)
(0.174 0.395 0.01)
(0.18 0.395 0.01)
(0.186 0.395 0.01)
(0.192 0.395 0.01)
(0.198 0.395 0.01)
(0.204 0.395 0.01)
(0.21 0.395 0.01)
(0.216 0.395 0.01)
(0.222 0.395 0.01)
(0.228 0.395 0.01)
(0.234 0.395 0.01)
(0.24 0.395 0.01)
(0.246 0.395 0.01)
(0.252 0.395 0.01)
(0.258 0.395 0.01)
(0.264 0.395 0.01)
(0.27 0.395 0.01)
(0.276 0.395 0.01)
(0.282 0.395 0.01)
(0.288 0.395 0.01)
(0.294 0.395 0.01)
(0.3 0.395 0.01)
(0.306 0.395 0.01)
(0.312 0.395 0.01)
(0.318 0.395 0.01)
(0.324 0.395 0.01)
(0.33 0.395 0.01)
(0.336 0.395 0.01)
(0.342 0.395 0.01)
(0.348 0.395 0.01)
(0.354 0.395 0.01)
(0.36 0.395 0.01)
(0 0.4 0.01)
(0.006 0.4 0.01)
(0.012 0.4 0.01)
(0.018 0.4 0.01)
(0.024 0.4 0.01)
(0.03 0.4 0.01)
(0.036 0.4 0.01)
(0.042 0.4 0.01)
(0.048 0.4 0.01)
(0.054 0.4 0.01)
(0.06 0.4 0.01)
(0.066 0.4 0.01)
(0.072 0.4 0.01)
(0.078 0.4 0.01)
(0.084 0.4 0.01)
(0.09 0.4 0.01)
(0.096 0.4 0.01)
(0.102 0.4 0.01)
(0.108 0.4 0.01)
(0.114 0.4 0.01)
(0.12 0.4 0.01)
(0.126 0.4 0.01)
(0.132 0.4 0.01)
(0.138 0.4 0.01)
(0.144 0.4 0.01)
(0.15 0.4 0.01)
(0.156 0.4 0.01)
(0.162 0.4 0.01)
(0.168 0.4 0.01)
(0.174 0.4 0.01)
(0.18 0.4 0.01)
(0.186 0.4 0.01)
(0.192 0.4 0.01)
(0.198 0.4 0.01)
(0.204 0.4 0.01)
(0.21 0.4 0.01)
(0.216 0.4 0.01)
(0.222 0.4 0.01)
(0.228 0.4 0.01)
(0.234 0.4 0.01)
(0.24 0.4 0.01)
(0.246 0.4 0.01)
(0.252 0.4 0.01)
(0.258 0.4 0.01)
(0.264 0.4 0.01)
(0.27 0.4 0.01)
(0.276 0.4 0.01)
(0.282 0.4 0.01)
(0.288 0.4 0.01)
(0.294 0.4 0.01)
(0.3 0.4 0.01)
(0.306 0.4 0.01)
(0.312 0.4 0.01)
(0.318 0.4 0.01)
(0.324 0.4 0.01)
(0.33 0.4 0.01)
(0.336 0.4 0.01)
(0.342 0.4 0.01)
(0.348 0.4 0.01)
(0.354 0.4 0.01)
(0.36 0.4 0.01)
(0 0.405 0.01)
(0.006 0.405 0.01)
(0.012 0.405 0.01)
(0.018 0.405 0.01)
(0.024 0.405 0.01)
(0.03 0.405 0.01)
(0.036 0.405 0.01)
(0.042 0.405 0.01)
(0.048 0.405 0.01)
(0.054 0.405 0.01)
(0.06 0.405 0.01)
(0.066 0.405 0.01)
(0.072 0.405 0.01)
(0.078 0.405 0.01)
(0.084 0.405 0.01)
(0.09 0.405 0.01)
(0.096 0.405 0.01)
(0.102 0.405 0.01)
(0.108 0.405 0.01)
(0.114 0.405 0.01)
(0.12 0.405 0.01)
(0.126 0.405 0.01)
(0.132 0.405 0.01)
(0.138 0.405 0.01)
(0.144 0.405 0.01)
(0.15 0.405 0.01)
(0.156 0.405 0.01)
(0.162 0.405 0.01)
(0.168 0.405 0.01)
(0.174 0.405 0.01)
(0.18 0.405 0.01)
(0.186 0.405 0.01)
(0.192 0.405 0.01)
(0.198 0.405 0.01)
(0.204 0.405 0.01)
(0.21 0.405 0.01)
(0.216 0.405 0.01)
(0.222 0.405 0.01)
(0.228 0.405 0.01)
(0.234 0.405 0.01)
(0.24 0.405 0.01)
(0.246 0.405 0.01)
(0.252 0.405 0.01)
(0.258 0.405 0.01)
(0.264 0.405 0.01)
(0.27 0.405 0.01)
(0.276 0.405 0.01)
(0.282 0.405 0.01)
(0.288 0.405 0.01)
(0.294 0.405 0.01)
(0.3 0.405 0.01)
(0.306 0.405 0.01)
(0.312 0.405 0.01)
(0.318 0.405 0.01)
(0.324 0.405 0.01)
(0.33 0.405 0.01)
(0.336 0.405 0.01)
(0.342 0.405 0.01)
(0.348 0.405 0.01)
(0.354 0.405 0.01)
(0.36 0.405 0.01)
(0 0.41 0.01)
(0.006 0.41 0.01)
(0.012 0.41 0.01)
(0.018 0.41 0.01)
(0.024 0.41 0.01)
(0.03 0.41 0.01)
(0.036 0.41 0.01)
(0.042 0.41 0.01)
(0.048 0.41 0.01)
(0.054 0.41 0.01)
(0.06 0.41 0.01)
(0.066 0.41 0.01)
(0.072 0.41 0.01)
(0.078 0.41 0.01)
(0.084 0.41 0.01)
(0.09 0.41 0.01)
(0.096 0.41 0.01)
(0.102 0.41 0.01)
(0.108 0.41 0.01)
(0.114 0.41 0.01)
(0.12 0.41 0.01)
(0.126 0.41 0.01)
(0.132 0.41 0.01)
(0.138 0.41 0.01)
(0.144 0.41 0.01)
(0.15 0.41 0.01)
(0.156 0.41 0.01)
(0.162 0.41 0.01)
(0.168 0.41 0.01)
(0.174 0.41 0.01)
(0.18 0.41 0.01)
(0.186 0.41 0.01)
(0.192 0.41 0.01)
(0.198 0.41 0.01)
(0.204 0.41 0.01)
(0.21 0.41 0.01)
(0.216 0.41 0.01)
(0.222 0.41 0.01)
(0.228 0.41 0.01)
(0.234 0.41 0.01)
(0.24 0.41 0.01)
(0.246 0.41 0.01)
(0.252 0.41 0.01)
(0.258 0.41 0.01)
(0.264 0.41 0.01)
(0.27 0.41 0.01)
(0.276 0.41 0.01)
(0.282 0.41 0.01)
(0.288 0.41 0.01)
(0.294 0.41 0.01)
(0.3 0.41 0.01)
(0.306 0.41 0.01)
(0.312 0.41 0.01)
(0.318 0.41 0.01)
(0.324 0.41 0.01)
(0.33 0.41 0.01)
(0.336 0.41 0.01)
(0.342 0.41 0.01)
(0.348 0.41 0.01)
(0.354 0.41 0.01)
(0.36 0.41 0.01)
(0 0.415 0.01)
(0.006 0.415 0.01)
(0.012 0.415 0.01)
(0.018 0.415 0.01)
(0.024 0.415 0.01)
(0.03 0.415 0.01)
(0.036 0.415 0.01)
(0.042 0.415 0.01)
(0.048 0.415 0.01)
(0.054 0.415 0.01)
(0.06 0.415 0.01)
(0.066 0.415 0.01)
(0.072 0.415 0.01)
(0.078 0.415 0.01)
(0.084 0.415 0.01)
(0.09 0.415 0.01)
(0.096 0.415 0.01)
(0.102 0.415 0.01)
(0.108 0.415 0.01)
(0.114 0.415 0.01)
(0.12 0.415 0.01)
(0.126 0.415 0.01)
(0.132 0.415 0.01)
(0.138 0.415 0.01)
(0.144 0.415 0.01)
(0.15 0.415 0.01)
(0.156 0.415 0.01)
(0.162 0.415 0.01)
(0.168 0.415 0.01)
(0.174 0.415 0.01)
(0.18 0.415 0.01)
(0.186 0.415 0.01)
(0.192 0.415 0.01)
(0.198 0.415 0.01)
(0.204 0.415 0.01)
(0.21 0.415 0.01)
(0.216 0.415 0.01)
(0.222 0.415 0.01)
(0.228 0.415 0.01)
(0.234 0.415 0.01)
(0.24 0.415 0.01)
(0.246 0.415 0.01)
(0.252 0.415 0.01)
(0.258 0.415 0.01)
(0.264 0.415 0.01)
(0.27 0.415 0.01)
(0.276 0.415 0.01)
(0.282 0.415 0.01)
(0.288 0.415 0.01)
(0.294 0.415 0.01)
(0.3 0.415 0.01)
(0.306 0.415 0.01)
(0.312 0.415 0.01)
(0.318 0.415 0.01)
(0.324 0.415 0.01)
(0.33 0.415 0.01)
(0.336 0.415 0.01)
(0.342 0.415 0.01)
(0.348 0.415 0.01)
(0.354 0.415 0.01)
(0.36 0.415 0.01)
(0 0.42 0.01)
(0.006 0.42 0.01)
(0.012 0.42 0.01)
(0.018 0.42 0.01)
(0.024 0.42 0.01)
(0.03 0.42 0.01)
(0.036 0.42 0.01)
(0.042 0.42 0.01)
(0.048 0.42 0.01)
(0.054 0.42 0.01)
(0.06 0.42 0.01)
(0.066 0.42 0.01)
(0.072 0.42 0.01)
(0.078 0.42 0.01)
(0.084 0.42 0.01)
(0.09 0.42 0.01)
(0.096 0.42 0.01)
(0.102 0.42 0.01)
(0.108 0.42 0.01)
(0.114 0.42 0.01)
(0.12 0.42 0.01)
(0.126 0.42 0.01)
(0.132 0.42 0.01)
(0.138 0.42 0.01)
(0.144 0.42 0.01)
(0.15 0.42 0.01)
(0.156 0.42 0.01)
(0.162 0.42 0.01)
(0.168 0.42 0.01)
(0.174 0.42 0.01)
(0.18 0.42 0.01)
(0.186 0.42 0.01)
(0.192 0.42 0.01)
(0.198 0.42 0.01)
(0.204 0.42 0.01)
(0.21 0.42 0.01)
(0.216 0.42 0.01)
(0.222 0.42 0.01)
(0.228 0.42 0.01)
(0.234 0.42 0.01)
(0.24 0.42 0.01)
(0.246 0.42 0.01)
(0.252 0.42 0.01)
(0.258 0.42 0.01)
(0.264 0.42 0.01)
(0.27 0.42 0.01)
(0.276 0.42 0.01)
(0.282 0.42 0.01)
(0.288 0.42 0.01)
(0.294 0.42 0.01)
(0.3 0.42 0.01)
(0.306 0.42 0.01)
(0.312 0.42 0.01)
(0.318 0.42 0.01)
(0.324 0.42 0.01)
(0.33 0.42 0.01)
(0.336 0.42 0.01)
(0.342 0.42 0.01)
(0.348 0.42 0.01)
(0.354 0.42 0.01)
(0.36 0.42 0.01)
(0 0.425 0.01)
(0.006 0.425 0.01)
(0.012 0.425 0.01)
(0.018 0.425 0.01)
(0.024 0.425 0.01)
(0.03 0.425 0.01)
(0.036 0.425 0.01)
(0.042 0.425 0.01)
(0.048 0.425 0.01)
(0.054 0.425 0.01)
(0.06 0.425 0.01)
(0.066 0.425 0.01)
(0.072 0.425 0.01)
(0.078 0.425 0.01)
(0.084 0.425 0.01)
(0.09 0.425 0.01)
(0.096 0.425 0.01)
(0.102 0.425 0.01)
(0.108 0.425 0.01)
(0.114 0.425 0.01)
(0.12 0.425 0.01)
(0.126 0.425 0.01)
(0.132 0.425 0.01)
(0.138 0.425 0.01)
(0.144 0.425 0.01)
(0.15 0.425 0.01)
(0.156 0.425 0.01)
(0.162 0.425 0.01)
(0.168 0.425 0.01)
(0.174 0.425 0.01)
(0.18 0.425 0.01)
(0.186 0.425 0.01)
(0.192 0.425 0.01)
(0.198 0.425 0.01)
(0.204 0.425 0.01)
(0.21 0.425 0.01)
(0.216 0.425 0.01)
(0.222 0.425 0.01)
(0.228 0.425 0.01)
(0.234 0.425 0.01)
(0.24 0.425 0.01)
(0.246 0.425 0.01)
(0.252 0.425 0.01)
(0.258 0.425 0.01)
(0.264 0.425 0.01)
(0.27 0.425 0.01)
(0.276 0.425 0.01)
(0.282 0.425 0.01)
(0.288 0.425 0.01)
(0.294 0.425 0.01)
(0.3 0.425 0.01)
(0.306 0.425 0.01)
(0.312 0.425 0.01)
(0.318 0.425 0.01)
(0.324 0.425 0.01)
(0.33 0.425 0.01)
(0.336 0.425 0.01)
(0.342 0.425 0.01)
(0.348 0.425 0.01)
(0.354 0.425 0.01)
(0.36 0.425 0.01)
(0 0.43 0.01)
(0.006 0.43 0.01)
(0.012 0.43 0.01)
(0.018 0.43 0.01)
(0.024 0.43 0.01)
(0.03 0.43 0.01)
(0.036 0.43 0.01)
(0.042 0.43 0.01)
(0.048 0.43 0.01)
(0.054 0.43 0.01)
(0.06 0.43 0.01)
(0.066 0.43 0.01)
(0.072 0.43 0.01)
(0.078 0.43 0.01)
(0.084 0.43 0.01)
(0.09 0.43 0.01)
(0.096 0.43 0.01)
(0.102 0.43 0.01)
(0.108 0.43 0.01)
(0.114 0.43 0.01)
(0.12 0.43 0.01)
(0.126 0.43 0.01)
(0.132 0.43 0.01)
(0.138 0.43 0.01)
(0.144 0.43 0.01)
(0.15 0.43 0.01)
(0.156 0.43 0.01)
(0.162 0.43 0.01)
(0.168 0.43 0.01)
(0.174 0.43 0.01)
(0.18 0.43 0.01)
(0.186 0.43 0.01)
(0.192 0.43 0.01)
(0.198 0.43 0.01)
(0.204 0.43 0.01)
(0.21 0.43 0.01)
(0.216 0.43 0.01)
(0.222 0.43 0.01)
(0.228 0.43 0.01)
(0.234 0.43 0.01)
(0.24 0.43 0.01)
(0.246 0.43 0.01)
(0.252 0.43 0.01)
(0.258 0.43 0.01)
(0.264 0.43 0.01)
(0.27 0.43 0.01)
(0.276 0.43 0.01)
(0.282 0.43 0.01)
(0.288 0.43 0.01)
(0.294 0.43 0.01)
(0.3 0.43 0.01)
(0.306 0.43 0.01)
(0.312 0.43 0.01)
(0.318 0.43 0.01)
(0.324 0.43 0.01)
(0.33 0.43 0.01)
(0.336 0.43 0.01)
(0.342 0.43 0.01)
(0.348 0.43 0.01)
(0.354 0.43 0.01)
(0.36 0.43 0.01)
(0 0.435 0.01)
(0.006 0.435 0.01)
(0.012 0.435 0.01)
(0.018 0.435 0.01)
(0.024 0.435 0.01)
(0.03 0.435 0.01)
(0.036 0.435 0.01)
(0.042 0.435 0.01)
(0.048 0.435 0.01)
(0.054 0.435 0.01)
(0.06 0.435 0.01)
(0.066 0.435 0.01)
(0.072 0.435 0.01)
(0.078 0.435 0.01)
(0.084 0.435 0.01)
(0.09 0.435 0.01)
(0.096 0.435 0.01)
(0.102 0.435 0.01)
(0.108 0.435 0.01)
(0.114 0.435 0.01)
(0.12 0.435 0.01)
(0.126 0.435 0.01)
(0.132 0.435 0.01)
(0.138 0.435 0.01)
(0.144 0.435 0.01)
(0.15 0.435 0.01)
(0.156 0.435 0.01)
(0.162 0.435 0.01)
(0.168 0.435 0.01)
(0.174 0.435 0.01)
(0.18 0.435 0.01)
(0.186 0.435 0.01)
(0.192 0.435 0.01)
(0.198 0.435 0.01)
(0.204 0.435 0.01)
(0.21 0.435 0.01)
(0.216 0.435 0.01)
(0.222 0.435 0.01)
(0.228 0.435 0.01)
(0.234 0.435 0.01)
(0.24 0.435 0.01)
(0.246 0.435 0.01)
(0.252 0.435 0.01)
(0.258 0.435 0.01)
(0.264 0.435 0.01)
(0.27 0.435 0.01)
(0.276 0.435 0.01)
(0.282 0.435 0.01)
(0.288 0.435 0.01)
(0.294 0.435 0.01)
(0.3 0.435 0.01)
(0.306 0.435 0.01)
(0.312 0.435 0.01)
(0.318 0.435 0.01)
(0.324 0.435 0.01)
(0.33 0.435 0.01)
(0.336 0.435 0.01)
(0.342 0.435 0.01)
(0.348 0.435 0.01)
(0.354 0.435 0.01)
(0.36 0.435 0.01)
(0 0.44 0.01)
(0.006 0.44 0.01)
(0.012 0.44 0.01)
(0.018 0.44 0.01)
(0.024 0.44 0.01)
(0.03 0.44 0.01)
(0.036 0.44 0.01)
(0.042 0.44 0.01)
(0.048 0.44 0.01)
(0.054 0.44 0.01)
(0.06 0.44 0.01)
(0.066 0.44 0.01)
(0.072 0.44 0.01)
(0.078 0.44 0.01)
(0.084 0.44 0.01)
(0.09 0.44 0.01)
(0.096 0.44 0.01)
(0.102 0.44 0.01)
(0.108 0.44 0.01)
(0.114 0.44 0.01)
(0.12 0.44 0.01)
(0.126 0.44 0.01)
(0.132 0.44 0.01)
(0.138 0.44 0.01)
(0.144 0.44 0.01)
(0.15 0.44 0.01)
(0.156 0.44 0.01)
(0.162 0.44 0.01)
(0.168 0.44 0.01)
(0.174 0.44 0.01)
(0.18 0.44 0.01)
(0.186 0.44 0.01)
(0.192 0.44 0.01)
(0.198 0.44 0.01)
(0.204 0.44 0.01)
(0.21 0.44 0.01)
(0.216 0.44 0.01)
(0.222 0.44 0.01)
(0.228 0.44 0.01)
(0.234 0.44 0.01)
(0.24 0.44 0.01)
(0.246 0.44 0.01)
(0.252 0.44 0.01)
(0.258 0.44 0.01)
(0.264 0.44 0.01)
(0.27 0.44 0.01)
(0.276 0.44 0.01)
(0.282 0.44 0.01)
(0.288 0.44 0.01)
(0.294 0.44 0.01)
(0.3 0.44 0.01)
(0.306 0.44 0.01)
(0.312 0.44 0.01)
(0.318 0.44 0.01)
(0.324 0.44 0.01)
(0.33 0.44 0.01)
(0.336 0.44 0.01)
(0.342 0.44 0.01)
(0.348 0.44 0.01)
(0.354 0.44 0.01)
(0.36 0.44 0.01)
(0 0.445 0.01)
(0.006 0.445 0.01)
(0.012 0.445 0.01)
(0.018 0.445 0.01)
(0.024 0.445 0.01)
(0.03 0.445 0.01)
(0.036 0.445 0.01)
(0.042 0.445 0.01)
(0.048 0.445 0.01)
(0.054 0.445 0.01)
(0.06 0.445 0.01)
(0.066 0.445 0.01)
(0.072 0.445 0.01)
(0.078 0.445 0.01)
(0.084 0.445 0.01)
(0.09 0.445 0.01)
(0.096 0.445 0.01)
(0.102 0.445 0.01)
(0.108 0.445 0.01)
(0.114 0.445 0.01)
(0.12 0.445 0.01)
(0.126 0.445 0.01)
(0.132 0.445 0.01)
(0.138 0.445 0.01)
(0.144 0.445 0.01)
(0.15 0.445 0.01)
(0.156 0.445 0.01)
(0.162 0.445 0.01)
(0.168 0.445 0.01)
(0.174 0.445 0.01)
(0.18 0.445 0.01)
(0.186 0.445 0.01)
(0.192 0.445 0.01)
(0.198 0.445 0.01)
(0.204 0.445 0.01)
(0.21 0.445 0.01)
(0.216 0.445 0.01)
(0.222 0.445 0.01)
(0.228 0.445 0.01)
(0.234 0.445 0.01)
(0.24 0.445 0.01)
(0.246 0.445 0.01)
(0.252 0.445 0.01)
(0.258 0.445 0.01)
(0.264 0.445 0.01)
(0.27 0.445 0.01)
(0.276 0.445 0.01)
(0.282 0.445 0.01)
(0.288 0.445 0.01)
(0.294 0.445 0.01)
(0.3 0.445 0.01)
(0.306 0.445 0.01)
(0.312 0.445 0.01)
(0.318 0.445 0.01)
(0.324 0.445 0.01)
(0.33 0.445 0.01)
(0.336 0.445 0.01)
(0.342 0.445 0.01)
(0.348 0.445 0.01)
(0.354 0.445 0.01)
(0.36 0.445 0.01)
(0 0.45 0.01)
(0.006 0.45 0.01)
(0.012 0.45 0.01)
(0.018 0.45 0.01)
(0.024 0.45 0.01)
(0.03 0.45 0.01)
(0.036 0.45 0.01)
(0.042 0.45 0.01)
(0.048 0.45 0.01)
(0.054 0.45 0.01)
(0.06 0.45 0.01)
(0.066 0.45 0.01)
(0.072 0.45 0.01)
(0.078 0.45 0.01)
(0.084 0.45 0.01)
(0.09 0.45 0.01)
(0.096 0.45 0.01)
(0.102 0.45 0.01)
(0.108 0.45 0.01)
(0.114 0.45 0.01)
(0.12 0.45 0.01)
(0.126 0.45 0.01)
(0.132 0.45 0.01)
(0.138 0.45 0.01)
(0.144 0.45 0.01)
(0.15 0.45 0.01)
(0.156 0.45 0.01)
(0.162 0.45 0.01)
(0.168 0.45 0.01)
(0.174 0.45 0.01)
(0.18 0.45 0.01)
(0.186 0.45 0.01)
(0.192 0.45 0.01)
(0.198 0.45 0.01)
(0.204 0.45 0.01)
(0.21 0.45 0.01)
(0.216 0.45 0.01)
(0.222 0.45 0.01)
(0.228 0.45 0.01)
(0.234 0.45 0.01)
(0.24 0.45 0.01)
(0.246 0.45 0.01)
(0.252 0.45 0.01)
(0.258 0.45 0.01)
(0.264 0.45 0.01)
(0.27 0.45 0.01)
(0.276 0.45 0.01)
(0.282 0.45 0.01)
(0.288 0.45 0.01)
(0.294 0.45 0.01)
(0.3 0.45 0.01)
(0.306 0.45 0.01)
(0.312 0.45 0.01)
(0.318 0.45 0.01)
(0.324 0.45 0.01)
(0.33 0.45 0.01)
(0.336 0.45 0.01)
(0.342 0.45 0.01)
(0.348 0.45 0.01)
(0.354 0.45 0.01)
(0.36 0.45 0.01)
(0 0.455 0.01)
(0.006 0.455 0.01)
(0.012 0.455 0.01)
(0.018 0.455 0.01)
(0.024 0.455 0.01)
(0.03 0.455 0.01)
(0.036 0.455 0.01)
(0.042 0.455 0.01)
(0.048 0.455 0.01)
(0.054 0.455 0.01)
(0.06 0.455 0.01)
(0.066 0.455 0.01)
(0.072 0.455 0.01)
(0.078 0.455 0.01)
(0.084 0.455 0.01)
(0.09 0.455 0.01)
(0.096 0.455 0.01)
(0.102 0.455 0.01)
(0.108 0.455 0.01)
(0.114 0.455 0.01)
(0.12 0.455 0.01)
(0.126 0.455 0.01)
(0.132 0.455 0.01)
(0.138 0.455 0.01)
(0.144 0.455 0.01)
(0.15 0.455 0.01)
(0.156 0.455 0.01)
(0.162 0.455 0.01)
(0.168 0.455 0.01)
(0.174 0.455 0.01)
(0.18 0.455 0.01)
(0.186 0.455 0.01)
(0.192 0.455 0.01)
(0.198 0.455 0.01)
(0.204 0.455 0.01)
(0.21 0.455 0.01)
(0.216 0.455 0.01)
(0.222 0.455 0.01)
(0.228 0.455 0.01)
(0.234 0.455 0.01)
(0.24 0.455 0.01)
(0.246 0.455 0.01)
(0.252 0.455 0.01)
(0.258 0.455 0.01)
(0.264 0.455 0.01)
(0.27 0.455 0.01)
(0.276 0.455 0.01)
(0.282 0.455 0.01)
(0.288 0.455 0.01)
(0.294 0.455 0.01)
(0.3 0.455 0.01)
(0.306 0.455 0.01)
(0.312 0.455 0.01)
(0.318 0.455 0.01)
(0.324 0.455 0.01)
(0.33 0.455 0.01)
(0.336 0.455 0.01)
(0.342 0.455 0.01)
(0.348 0.455 0.01)
(0.354 0.455 0.01)
(0.36 0.455 0.01)
(0 0.46 0.01)
(0.006 0.46 0.01)
(0.012 0.46 0.01)
(0.018 0.46 0.01)
(0.024 0.46 0.01)
(0.03 0.46 0.01)
(0.036 0.46 0.01)
(0.042 0.46 0.01)
(0.048 0.46 0.01)
(0.054 0.46 0.01)
(0.06 0.46 0.01)
(0.066 0.46 0.01)
(0.072 0.46 0.01)
(0.078 0.46 0.01)
(0.084 0.46 0.01)
(0.09 0.46 0.01)
(0.096 0.46 0.01)
(0.102 0.46 0.01)
(0.108 0.46 0.01)
(0.114 0.46 0.01)
(0.12 0.46 0.01)
(0.126 0.46 0.01)
(0.132 0.46 0.01)
(0.138 0.46 0.01)
(0.144 0.46 0.01)
(0.15 0.46 0.01)
(0.156 0.46 0.01)
(0.162 0.46 0.01)
(0.168 0.46 0.01)
(0.174 0.46 0.01)
(0.18 0.46 0.01)
(0.186 0.46 0.01)
(0.192 0.46 0.01)
(0.198 0.46 0.01)
(0.204 0.46 0.01)
(0.21 0.46 0.01)
(0.216 0.46 0.01)
(0.222 0.46 0.01)
(0.228 0.46 0.01)
(0.234 0.46 0.01)
(0.24 0.46 0.01)
(0.246 0.46 0.01)
(0.252 0.46 0.01)
(0.258 0.46 0.01)
(0.264 0.46 0.01)
(0.27 0.46 0.01)
(0.276 0.46 0.01)
(0.282 0.46 0.01)
(0.288 0.46 0.01)
(0.294 0.46 0.01)
(0.3 0.46 0.01)
(0.306 0.46 0.01)
(0.312 0.46 0.01)
(0.318 0.46 0.01)
(0.324 0.46 0.01)
(0.33 0.46 0.01)
(0.336 0.46 0.01)
(0.342 0.46 0.01)
(0.348 0.46 0.01)
(0.354 0.46 0.01)
(0.36 0.46 0.01)
(0 0.465 0.01)
(0.006 0.465 0.01)
(0.012 0.465 0.01)
(0.018 0.465 0.01)
(0.024 0.465 0.01)
(0.03 0.465 0.01)
(0.036 0.465 0.01)
(0.042 0.465 0.01)
(0.048 0.465 0.01)
(0.054 0.465 0.01)
(0.06 0.465 0.01)
(0.066 0.465 0.01)
(0.072 0.465 0.01)
(0.078 0.465 0.01)
(0.084 0.465 0.01)
(0.09 0.465 0.01)
(0.096 0.465 0.01)
(0.102 0.465 0.01)
(0.108 0.465 0.01)
(0.114 0.465 0.01)
(0.12 0.465 0.01)
(0.126 0.465 0.01)
(0.132 0.465 0.01)
(0.138 0.465 0.01)
(0.144 0.465 0.01)
(0.15 0.465 0.01)
(0.156 0.465 0.01)
(0.162 0.465 0.01)
(0.168 0.465 0.01)
(0.174 0.465 0.01)
(0.18 0.465 0.01)
(0.186 0.465 0.01)
(0.192 0.465 0.01)
(0.198 0.465 0.01)
(0.204 0.465 0.01)
(0.21 0.465 0.01)
(0.216 0.465 0.01)
(0.222 0.465 0.01)
(0.228 0.465 0.01)
(0.234 0.465 0.01)
(0.24 0.465 0.01)
(0.246 0.465 0.01)
(0.252 0.465 0.01)
(0.258 0.465 0.01)
(0.264 0.465 0.01)
(0.27 0.465 0.01)
(0.276 0.465 0.01)
(0.282 0.465 0.01)
(0.288 0.465 0.01)
(0.294 0.465 0.01)
(0.3 0.465 0.01)
(0.306 0.465 0.01)
(0.312 0.465 0.01)
(0.318 0.465 0.01)
(0.324 0.465 0.01)
(0.33 0.465 0.01)
(0.336 0.465 0.01)
(0.342 0.465 0.01)
(0.348 0.465 0.01)
(0.354 0.465 0.01)
(0.36 0.465 0.01)
(0 0.47 0.01)
(0.006 0.47 0.01)
(0.012 0.47 0.01)
(0.018 0.47 0.01)
(0.024 0.47 0.01)
(0.03 0.47 0.01)
(0.036 0.47 0.01)
(0.042 0.47 0.01)
(0.048 0.47 0.01)
(0.054 0.47 0.01)
(0.06 0.47 0.01)
(0.066 0.47 0.01)
(0.072 0.47 0.01)
(0.078 0.47 0.01)
(0.084 0.47 0.01)
(0.09 0.47 0.01)
(0.096 0.47 0.01)
(0.102 0.47 0.01)
(0.108 0.47 0.01)
(0.114 0.47 0.01)
(0.12 0.47 0.01)
(0.126 0.47 0.01)
(0.132 0.47 0.01)
(0.138 0.47 0.01)
(0.144 0.47 0.01)
(0.15 0.47 0.01)
(0.156 0.47 0.01)
(0.162 0.47 0.01)
(0.168 0.47 0.01)
(0.174 0.47 0.01)
(0.18 0.47 0.01)
(0.186 0.47 0.01)
(0.192 0.47 0.01)
(0.198 0.47 0.01)
(0.204 0.47 0.01)
(0.21 0.47 0.01)
(0.216 0.47 0.01)
(0.222 0.47 0.01)
(0.228 0.47 0.01)
(0.234 0.47 0.01)
(0.24 0.47 0.01)
(0.246 0.47 0.01)
(0.252 0.47 0.01)
(0.258 0.47 0.01)
(0.264 0.47 0.01)
(0.27 0.47 0.01)
(0.276 0.47 0.01)
(0.282 0.47 0.01)
(0.288 0.47 0.01)
(0.294 0.47 0.01)
(0.3 0.47 0.01)
(0.306 0.47 0.01)
(0.312 0.47 0.01)
(0.318 0.47 0.01)
(0.324 0.47 0.01)
(0.33 0.47 0.01)
(0.336 0.47 0.01)
(0.342 0.47 0.01)
(0.348 0.47 0.01)
(0.354 0.47 0.01)
(0.36 0.47 0.01)
(0 0.475 0.01)
(0.006 0.475 0.01)
(0.012 0.475 0.01)
(0.018 0.475 0.01)
(0.024 0.475 0.01)
(0.03 0.475 0.01)
(0.036 0.475 0.01)
(0.042 0.475 0.01)
(0.048 0.475 0.01)
(0.054 0.475 0.01)
(0.06 0.475 0.01)
(0.066 0.475 0.01)
(0.072 0.475 0.01)
(0.078 0.475 0.01)
(0.084 0.475 0.01)
(0.09 0.475 0.01)
(0.096 0.475 0.01)
(0.102 0.475 0.01)
(0.108 0.475 0.01)
(0.114 0.475 0.01)
(0.12 0.475 0.01)
(0.126 0.475 0.01)
(0.132 0.475 0.01)
(0.138 0.475 0.01)
(0.144 0.475 0.01)
(0.15 0.475 0.01)
(0.156 0.475 0.01)
(0.162 0.475 0.01)
(0.168 0.475 0.01)
(0.174 0.475 0.01)
(0.18 0.475 0.01)
(0.186 0.475 0.01)
(0.192 0.475 0.01)
(0.198 0.475 0.01)
(0.204 0.475 0.01)
(0.21 0.475 0.01)
(0.216 0.475 0.01)
(0.222 0.475 0.01)
(0.228 0.475 0.01)
(0.234 0.475 0.01)
(0.24 0.475 0.01)
(0.246 0.475 0.01)
(0.252 0.475 0.01)
(0.258 0.475 0.01)
(0.264 0.475 0.01)
(0.27 0.475 0.01)
(0.276 0.475 0.01)
(0.282 0.475 0.01)
(0.288 0.475 0.01)
(0.294 0.475 0.01)
(0.3 0.475 0.01)
(0.306 0.475 0.01)
(0.312 0.475 0.01)
(0.318 0.475 0.01)
(0.324 0.475 0.01)
(0.33 0.475 0.01)
(0.336 0.475 0.01)
(0.342 0.475 0.01)
(0.348 0.475 0.01)
(0.354 0.475 0.01)
(0.36 0.475 0.01)
(0 0.48 0.01)
(0.006 0.48 0.01)
(0.012 0.48 0.01)
(0.018 0.48 0.01)
(0.024 0.48 0.01)
(0.03 0.48 0.01)
(0.036 0.48 0.01)
(0.042 0.48 0.01)
(0.048 0.48 0.01)
(0.054 0.48 0.01)
(0.06 0.48 0.01)
(0.066 0.48 0.01)
(0.072 0.48 0.01)
(0.078 0.48 0.01)
(0.084 0.48 0.01)
(0.09 0.48 0.01)
(0.096 0.48 0.01)
(0.102 0.48 0.01)
(0.108 0.48 0.01)
(0.114 0.48 0.01)
(0.12 0.48 0.01)
(0.126 0.48 0.01)
(0.132 0.48 0.01)
(0.138 0.48 0.01)
(0.144 0.48 0.01)
(0.15 0.48 0.01)
(0.156 0.48 0.01)
(0.162 0.48 0.01)
(0.168 0.48 0.01)
(0.174 0.48 0.01)
(0.18 0.48 0.01)
(0.186 0.48 0.01)
(0.192 0.48 0.01)
(0.198 0.48 0.01)
(0.204 0.48 0.01)
(0.21 0.48 0.01)
(0.216 0.48 0.01)
(0.222 0.48 0.01)
(0.228 0.48 0.01)
(0.234 0.48 0.01)
(0.24 0.48 0.01)
(0.246 0.48 0.01)
(0.252 0.48 0.01)
(0.258 0.48 0.01)
(0.264 0.48 0.01)
(0.27 0.48 0.01)
(0.276 0.48 0.01)
(0.282 0.48 0.01)
(0.288 0.48 0.01)
(0.294 0.48 0.01)
(0.3 0.48 0.01)
(0.306 0.48 0.01)
(0.312 0.48 0.01)
(0.318 0.48 0.01)
(0.324 0.48 0.01)
(0.33 0.48 0.01)
(0.336 0.48 0.01)
(0.342 0.48 0.01)
(0.348 0.48 0.01)
(0.354 0.48 0.01)
(0.36 0.48 0.01)
(0 0.485 0.01)
(0.006 0.485 0.01)
(0.012 0.485 0.01)
(0.018 0.485 0.01)
(0.024 0.485 0.01)
(0.03 0.485 0.01)
(0.036 0.485 0.01)
(0.042 0.485 0.01)
(0.048 0.485 0.01)
(0.054 0.485 0.01)
(0.06 0.485 0.01)
(0.066 0.485 0.01)
(0.072 0.485 0.01)
(0.078 0.485 0.01)
(0.084 0.485 0.01)
(0.09 0.485 0.01)
(0.096 0.485 0.01)
(0.102 0.485 0.01)
(0.108 0.485 0.01)
(0.114 0.485 0.01)
(0.12 0.485 0.01)
(0.126 0.485 0.01)
(0.132 0.485 0.01)
(0.138 0.485 0.01)
(0.144 0.485 0.01)
(0.15 0.485 0.01)
(0.156 0.485 0.01)
(0.162 0.485 0.01)
(0.168 0.485 0.01)
(0.174 0.485 0.01)
(0.18 0.485 0.01)
(0.186 0.485 0.01)
(0.192 0.485 0.01)
(0.198 0.485 0.01)
(0.204 0.485 0.01)
(0.21 0.485 0.01)
(0.216 0.485 0.01)
(0.222 0.485 0.01)
(0.228 0.485 0.01)
(0.234 0.485 0.01)
(0.24 0.485 0.01)
(0.246 0.485 0.01)
(0.252 0.485 0.01)
(0.258 0.485 0.01)
(0.264 0.485 0.01)
(0.27 0.485 0.01)
(0.276 0.485 0.01)
(0.282 0.485 0.01)
(0.288 0.485 0.01)
(0.294 0.485 0.01)
(0.3 0.485 0.01)
(0.306 0.485 0.01)
(0.312 0.485 0.01)
(0.318 0.485 0.01)
(0.324 0.485 0.01)
(0.33 0.485 0.01)
(0.336 0.485 0.01)
(0.342 0.485 0.01)
(0.348 0.485 0.01)
(0.354 0.485 0.01)
(0.36 0.485 0.01)
(0 0.49 0.01)
(0.006 0.49 0.01)
(0.012 0.49 0.01)
(0.018 0.49 0.01)
(0.024 0.49 0.01)
(0.03 0.49 0.01)
(0.036 0.49 0.01)
(0.042 0.49 0.01)
(0.048 0.49 0.01)
(0.054 0.49 0.01)
(0.06 0.49 0.01)
(0.066 0.49 0.01)
(0.072 0.49 0.01)
(0.078 0.49 0.01)
(0.084 0.49 0.01)
(0.09 0.49 0.01)
(0.096 0.49 0.01)
(0.102 0.49 0.01)
(0.108 0.49 0.01)
(0.114 0.49 0.01)
(0.12 0.49 0.01)
(0.126 0.49 0.01)
(0.132 0.49 0.01)
(0.138 0.49 0.01)
(0.144 0.49 0.01)
(0.15 0.49 0.01)
(0.156 0.49 0.01)
(0.162 0.49 0.01)
(0.168 0.49 0.01)
(0.174 0.49 0.01)
(0.18 0.49 0.01)
(0.186 0.49 0.01)
(0.192 0.49 0.01)
(0.198 0.49 0.01)
(0.204 0.49 0.01)
(0.21 0.49 0.01)
(0.216 0.49 0.01)
(0.222 0.49 0.01)
(0.228 0.49 0.01)
(0.234 0.49 0.01)
(0.24 0.49 0.01)
(0.246 0.49 0.01)
(0.252 0.49 0.01)
(0.258 0.49 0.01)
(0.264 0.49 0.01)
(0.27 0.49 0.01)
(0.276 0.49 0.01)
(0.282 0.49 0.01)
(0.288 0.49 0.01)
(0.294 0.49 0.01)
(0.3 0.49 0.01)
(0.306 0.49 0.01)
(0.312 0.49 0.01)
(0.318 0.49 0.01)
(0.324 0.49 0.01)
(0.33 0.49 0.01)
(0.336 0.49 0.01)
(0.342 0.49 0.01)
(0.348 0.49 0.01)
(0.354 0.49 0.01)
(0.36 0.49 0.01)
(0 0.495 0.01)
(0.006 0.495 0.01)
(0.012 0.495 0.01)
(0.018 0.495 0.01)
(0.024 0.495 0.01)
(0.03 0.495 0.01)
(0.036 0.495 0.01)
(0.042 0.495 0.01)
(0.048 0.495 0.01)
(0.054 0.495 0.01)
(0.06 0.495 0.01)
(0.066 0.495 0.01)
(0.072 0.495 0.01)
(0.078 0.495 0.01)
(0.084 0.495 0.01)
(0.09 0.495 0.01)
(0.096 0.495 0.01)
(0.102 0.495 0.01)
(0.108 0.495 0.01)
(0.114 0.495 0.01)
(0.12 0.495 0.01)
(0.126 0.495 0.01)
(0.132 0.495 0.01)
(0.138 0.495 0.01)
(0.144 0.495 0.01)
(0.15 0.495 0.01)
(0.156 0.495 0.01)
(0.162 0.495 0.01)
(0.168 0.495 0.01)
(0.174 0.495 0.01)
(0.18 0.495 0.01)
(0.186 0.495 0.01)
(0.192 0.495 0.01)
(0.198 0.495 0.01)
(0.204 0.495 0.01)
(0.21 0.495 0.01)
(0.216 0.495 0.01)
(0.222 0.495 0.01)
(0.228 0.495 0.01)
(0.234 0.495 0.01)
(0.24 0.495 0.01)
(0.246 0.495 0.01)
(0.252 0.495 0.01)
(0.258 0.495 0.01)
(0.264 0.495 0.01)
(0.27 0.495 0.01)
(0.276 0.495 0.01)
(0.282 0.495 0.01)
(0.288 0.495 0.01)
(0.294 0.495 0.01)
(0.3 0.495 0.01)
(0.306 0.495 0.01)
(0.312 0.495 0.01)
(0.318 0.495 0.01)
(0.324 0.495 0.01)
(0.33 0.495 0.01)
(0.336 0.495 0.01)
(0.342 0.495 0.01)
(0.348 0.495 0.01)
(0.354 0.495 0.01)
(0.36 0.495 0.01)
(0 0.5 0.01)
(0.006 0.5 0.01)
(0.012 0.5 0.01)
(0.018 0.5 0.01)
(0.024 0.5 0.01)
(0.03 0.5 0.01)
(0.036 0.5 0.01)
(0.042 0.5 0.01)
(0.048 0.5 0.01)
(0.054 0.5 0.01)
(0.06 0.5 0.01)
(0.066 0.5 0.01)
(0.072 0.5 0.01)
(0.078 0.5 0.01)
(0.084 0.5 0.01)
(0.09 0.5 0.01)
(0.096 0.5 0.01)
(0.102 0.5 0.01)
(0.108 0.5 0.01)
(0.114 0.5 0.01)
(0.12 0.5 0.01)
(0.126 0.5 0.01)
(0.132 0.5 0.01)
(0.138 0.5 0.01)
(0.144 0.5 0.01)
(0.15 0.5 0.01)
(0.156 0.5 0.01)
(0.162 0.5 0.01)
(0.168 0.5 0.01)
(0.174 0.5 0.01)
(0.18 0.5 0.01)
(0.186 0.5 0.01)
(0.192 0.5 0.01)
(0.198 0.5 0.01)
(0.204 0.5 0.01)
(0.21 0.5 0.01)
(0.216 0.5 0.01)
(0.222 0.5 0.01)
(0.228 0.5 0.01)
(0.234 0.5 0.01)
(0.24 0.5 0.01)
(0.246 0.5 0.01)
(0.252 0.5 0.01)
(0.258 0.5 0.01)
(0.264 0.5 0.01)
(0.27 0.5 0.01)
(0.276 0.5 0.01)
(0.282 0.5 0.01)
(0.288 0.5 0.01)
(0.294 0.5 0.01)
(0.3 0.5 0.01)
(0.306 0.5 0.01)
(0.312 0.5 0.01)
(0.318 0.5 0.01)
(0.324 0.5 0.01)
(0.33 0.5 0.01)
(0.336 0.5 0.01)
(0.342 0.5 0.01)
(0.348 0.5 0.01)
(0.354 0.5 0.01)
(0.36 0.5 0.01)
(0 0.505 0.01)
(0.006 0.505 0.01)
(0.012 0.505 0.01)
(0.018 0.505 0.01)
(0.024 0.505 0.01)
(0.03 0.505 0.01)
(0.036 0.505 0.01)
(0.042 0.505 0.01)
(0.048 0.505 0.01)
(0.054 0.505 0.01)
(0.06 0.505 0.01)
(0.066 0.505 0.01)
(0.072 0.505 0.01)
(0.078 0.505 0.01)
(0.084 0.505 0.01)
(0.09 0.505 0.01)
(0.096 0.505 0.01)
(0.102 0.505 0.01)
(0.108 0.505 0.01)
(0.114 0.505 0.01)
(0.12 0.505 0.01)
(0.126 0.505 0.01)
(0.132 0.505 0.01)
(0.138 0.505 0.01)
(0.144 0.505 0.01)
(0.15 0.505 0.01)
(0.156 0.505 0.01)
(0.162 0.505 0.01)
(0.168 0.505 0.01)
(0.174 0.505 0.01)
(0.18 0.505 0.01)
(0.186 0.505 0.01)
(0.192 0.505 0.01)
(0.198 0.505 0.01)
(0.204 0.505 0.01)
(0.21 0.505 0.01)
(0.216 0.505 0.01)
(0.222 0.505 0.01)
(0.228 0.505 0.01)
(0.234 0.505 0.01)
(0.24 0.505 0.01)
(0.246 0.505 0.01)
(0.252 0.505 0.01)
(0.258 0.505 0.01)
(0.264 0.505 0.01)
(0.27 0.505 0.01)
(0.276 0.505 0.01)
(0.282 0.505 0.01)
(0.288 0.505 0.01)
(0.294 0.505 0.01)
(0.3 0.505 0.01)
(0.306 0.505 0.01)
(0.312 0.505 0.01)
(0.318 0.505 0.01)
(0.324 0.505 0.01)
(0.33 0.505 0.01)
(0.336 0.505 0.01)
(0.342 0.505 0.01)
(0.348 0.505 0.01)
(0.354 0.505 0.01)
(0.36 0.505 0.01)
(0 0.51 0.01)
(0.006 0.51 0.01)
(0.012 0.51 0.01)
(0.018 0.51 0.01)
(0.024 0.51 0.01)
(0.03 0.51 0.01)
(0.036 0.51 0.01)
(0.042 0.51 0.01)
(0.048 0.51 0.01)
(0.054 0.51 0.01)
(0.06 0.51 0.01)
(0.066 0.51 0.01)
(0.072 0.51 0.01)
(0.078 0.51 0.01)
(0.084 0.51 0.01)
(0.09 0.51 0.01)
(0.096 0.51 0.01)
(0.102 0.51 0.01)
(0.108 0.51 0.01)
(0.114 0.51 0.01)
(0.12 0.51 0.01)
(0.126 0.51 0.01)
(0.132 0.51 0.01)
(0.138 0.51 0.01)
(0.144 0.51 0.01)
(0.15 0.51 0.01)
(0.156 0.51 0.01)
(0.162 0.51 0.01)
(0.168 0.51 0.01)
(0.174 0.51 0.01)
(0.18 0.51 0.01)
(0.186 0.51 0.01)
(0.192 0.51 0.01)
(0.198 0.51 0.01)
(0.204 0.51 0.01)
(0.21 0.51 0.01)
(0.216 0.51 0.01)
(0.222 0.51 0.01)
(0.228 0.51 0.01)
(0.234 0.51 0.01)
(0.24 0.51 0.01)
(0.246 0.51 0.01)
(0.252 0.51 0.01)
(0.258 0.51 0.01)
(0.264 0.51 0.01)
(0.27 0.51 0.01)
(0.276 0.51 0.01)
(0.282 0.51 0.01)
(0.288 0.51 0.01)
(0.294 0.51 0.01)
(0.3 0.51 0.01)
(0.306 0.51 0.01)
(0.312 0.51 0.01)
(0.318 0.51 0.01)
(0.324 0.51 0.01)
(0.33 0.51 0.01)
(0.336 0.51 0.01)
(0.342 0.51 0.01)
(0.348 0.51 0.01)
(0.354 0.51 0.01)
(0.36 0.51 0.01)
(0 0.515 0.01)
(0.006 0.515 0.01)
(0.012 0.515 0.01)
(0.018 0.515 0.01)
(0.024 0.515 0.01)
(0.03 0.515 0.01)
(0.036 0.515 0.01)
(0.042 0.515 0.01)
(0.048 0.515 0.01)
(0.054 0.515 0.01)
(0.06 0.515 0.01)
(0.066 0.515 0.01)
(0.072 0.515 0.01)
(0.078 0.515 0.01)
(0.084 0.515 0.01)
(0.09 0.515 0.01)
(0.096 0.515 0.01)
(0.102 0.515 0.01)
(0.108 0.515 0.01)
(0.114 0.515 0.01)
(0.12 0.515 0.01)
(0.126 0.515 0.01)
(0.132 0.515 0.01)
(0.138 0.515 0.01)
(0.144 0.515 0.01)
(0.15 0.515 0.01)
(0.156 0.515 0.01)
(0.162 0.515 0.01)
(0.168 0.515 0.01)
(0.174 0.515 0.01)
(0.18 0.515 0.01)
(0.186 0.515 0.01)
(0.192 0.515 0.01)
(0.198 0.515 0.01)
(0.204 0.515 0.01)
(0.21 0.515 0.01)
(0.216 0.515 0.01)
(0.222 0.515 0.01)
(0.228 0.515 0.01)
(0.234 0.515 0.01)
(0.24 0.515 0.01)
(0.246 0.515 0.01)
(0.252 0.515 0.01)
(0.258 0.515 0.01)
(0.264 0.515 0.01)
(0.27 0.515 0.01)
(0.276 0.515 0.01)
(0.282 0.515 0.01)
(0.288 0.515 0.01)
(0.294 0.515 0.01)
(0.3 0.515 0.01)
(0.306 0.515 0.01)
(0.312 0.515 0.01)
(0.318 0.515 0.01)
(0.324 0.515 0.01)
(0.33 0.515 0.01)
(0.336 0.515 0.01)
(0.342 0.515 0.01)
(0.348 0.515 0.01)
(0.354 0.515 0.01)
(0.36 0.515 0.01)
(0 0.52 0.01)
(0.006 0.52 0.01)
(0.012 0.52 0.01)
(0.018 0.52 0.01)
(0.024 0.52 0.01)
(0.03 0.52 0.01)
(0.036 0.52 0.01)
(0.042 0.52 0.01)
(0.048 0.52 0.01)
(0.054 0.52 0.01)
(0.06 0.52 0.01)
(0.066 0.52 0.01)
(0.072 0.52 0.01)
(0.078 0.52 0.01)
(0.084 0.52 0.01)
(0.09 0.52 0.01)
(0.096 0.52 0.01)
(0.102 0.52 0.01)
(0.108 0.52 0.01)
(0.114 0.52 0.01)
(0.12 0.52 0.01)
(0.126 0.52 0.01)
(0.132 0.52 0.01)
(0.138 0.52 0.01)
(0.144 0.52 0.01)
(0.15 0.52 0.01)
(0.156 0.52 0.01)
(0.162 0.52 0.01)
(0.168 0.52 0.01)
(0.174 0.52 0.01)
(0.18 0.52 0.01)
(0.186 0.52 0.01)
(0.192 0.52 0.01)
(0.198 0.52 0.01)
(0.204 0.52 0.01)
(0.21 0.52 0.01)
(0.216 0.52 0.01)
(0.222 0.52 0.01)
(0.228 0.52 0.01)
(0.234 0.52 0.01)
(0.24 0.52 0.01)
(0.246 0.52 0.01)
(0.252 0.52 0.01)
(0.258 0.52 0.01)
(0.264 0.52 0.01)
(0.27 0.52 0.01)
(0.276 0.52 0.01)
(0.282 0.52 0.01)
(0.288 0.52 0.01)
(0.294 0.52 0.01)
(0.3 0.52 0.01)
(0.306 0.52 0.01)
(0.312 0.52 0.01)
(0.318 0.52 0.01)
(0.324 0.52 0.01)
(0.33 0.52 0.01)
(0.336 0.52 0.01)
(0.342 0.52 0.01)
(0.348 0.52 0.01)
(0.354 0.52 0.01)
(0.36 0.52 0.01)
(0 0.525 0.01)
(0.006 0.525 0.01)
(0.012 0.525 0.01)
(0.018 0.525 0.01)
(0.024 0.525 0.01)
(0.03 0.525 0.01)
(0.036 0.525 0.01)
(0.042 0.525 0.01)
(0.048 0.525 0.01)
(0.054 0.525 0.01)
(0.06 0.525 0.01)
(0.066 0.525 0.01)
(0.072 0.525 0.01)
(0.078 0.525 0.01)
(0.084 0.525 0.01)
(0.09 0.525 0.01)
(0.096 0.525 0.01)
(0.102 0.525 0.01)
(0.108 0.525 0.01)
(0.114 0.525 0.01)
(0.12 0.525 0.01)
(0.126 0.525 0.01)
(0.132 0.525 0.01)
(0.138 0.525 0.01)
(0.144 0.525 0.01)
(0.15 0.525 0.01)
(0.156 0.525 0.01)
(0.162 0.525 0.01)
(0.168 0.525 0.01)
(0.174 0.525 0.01)
(0.18 0.525 0.01)
(0.186 0.525 0.01)
(0.192 0.525 0.01)
(0.198 0.525 0.01)
(0.204 0.525 0.01)
(0.21 0.525 0.01)
(0.216 0.525 0.01)
(0.222 0.525 0.01)
(0.228 0.525 0.01)
(0.234 0.525 0.01)
(0.24 0.525 0.01)
(0.246 0.525 0.01)
(0.252 0.525 0.01)
(0.258 0.525 0.01)
(0.264 0.525 0.01)
(0.27 0.525 0.01)
(0.276 0.525 0.01)
(0.282 0.525 0.01)
(0.288 0.525 0.01)
(0.294 0.525 0.01)
(0.3 0.525 0.01)
(0.306 0.525 0.01)
(0.312 0.525 0.01)
(0.318 0.525 0.01)
(0.324 0.525 0.01)
(0.33 0.525 0.01)
(0.336 0.525 0.01)
(0.342 0.525 0.01)
(0.348 0.525 0.01)
(0.354 0.525 0.01)
(0.36 0.525 0.01)
(0 0.53 0.01)
(0.006 0.53 0.01)
(0.012 0.53 0.01)
(0.018 0.53 0.01)
(0.024 0.53 0.01)
(0.03 0.53 0.01)
(0.036 0.53 0.01)
(0.042 0.53 0.01)
(0.048 0.53 0.01)
(0.054 0.53 0.01)
(0.06 0.53 0.01)
(0.066 0.53 0.01)
(0.072 0.53 0.01)
(0.078 0.53 0.01)
(0.084 0.53 0.01)
(0.09 0.53 0.01)
(0.096 0.53 0.01)
(0.102 0.53 0.01)
(0.108 0.53 0.01)
(0.114 0.53 0.01)
(0.12 0.53 0.01)
(0.126 0.53 0.01)
(0.132 0.53 0.01)
(0.138 0.53 0.01)
(0.144 0.53 0.01)
(0.15 0.53 0.01)
(0.156 0.53 0.01)
(0.162 0.53 0.01)
(0.168 0.53 0.01)
(0.174 0.53 0.01)
(0.18 0.53 0.01)
(0.186 0.53 0.01)
(0.192 0.53 0.01)
(0.198 0.53 0.01)
(0.204 0.53 0.01)
(0.21 0.53 0.01)
(0.216 0.53 0.01)
(0.222 0.53 0.01)
(0.228 0.53 0.01)
(0.234 0.53 0.01)
(0.24 0.53 0.01)
(0.246 0.53 0.01)
(0.252 0.53 0.01)
(0.258 0.53 0.01)
(0.264 0.53 0.01)
(0.27 0.53 0.01)
(0.276 0.53 0.01)
(0.282 0.53 0.01)
(0.288 0.53 0.01)
(0.294 0.53 0.01)
(0.3 0.53 0.01)
(0.306 0.53 0.01)
(0.312 0.53 0.01)
(0.318 0.53 0.01)
(0.324 0.53 0.01)
(0.33 0.53 0.01)
(0.336 0.53 0.01)
(0.342 0.53 0.01)
(0.348 0.53 0.01)
(0.354 0.53 0.01)
(0.36 0.53 0.01)
(0 0.535 0.01)
(0.006 0.535 0.01)
(0.012 0.535 0.01)
(0.018 0.535 0.01)
(0.024 0.535 0.01)
(0.03 0.535 0.01)
(0.036 0.535 0.01)
(0.042 0.535 0.01)
(0.048 0.535 0.01)
(0.054 0.535 0.01)
(0.06 0.535 0.01)
(0.066 0.535 0.01)
(0.072 0.535 0.01)
(0.078 0.535 0.01)
(0.084 0.535 0.01)
(0.09 0.535 0.01)
(0.096 0.535 0.01)
(0.102 0.535 0.01)
(0.108 0.535 0.01)
(0.114 0.535 0.01)
(0.12 0.535 0.01)
(0.126 0.535 0.01)
(0.132 0.535 0.01)
(0.138 0.535 0.01)
(0.144 0.535 0.01)
(0.15 0.535 0.01)
(0.156 0.535 0.01)
(0.162 0.535 0.01)
(0.168 0.535 0.01)
(0.174 0.535 0.01)
(0.18 0.535 0.01)
(0.186 0.535 0.01)
(0.192 0.535 0.01)
(0.198 0.535 0.01)
(0.204 0.535 0.01)
(0.21 0.535 0.01)
(0.216 0.535 0.01)
(0.222 0.535 0.01)
(0.228 0.535 0.01)
(0.234 0.535 0.01)
(0.24 0.535 0.01)
(0.246 0.535 0.01)
(0.252 0.535 0.01)
(0.258 0.535 0.01)
(0.264 0.535 0.01)
(0.27 0.535 0.01)
(0.276 0.535 0.01)
(0.282 0.535 0.01)
(0.288 0.535 0.01)
(0.294 0.535 0.01)
(0.3 0.535 0.01)
(0.306 0.535 0.01)
(0.312 0.535 0.01)
(0.318 0.535 0.01)
(0.324 0.535 0.01)
(0.33 0.535 0.01)
(0.336 0.535 0.01)
(0.342 0.535 0.01)
(0.348 0.535 0.01)
(0.354 0.535 0.01)
(0.36 0.535 0.01)
(0 0.54 0.01)
(0.006 0.54 0.01)
(0.012 0.54 0.01)
(0.018 0.54 0.01)
(0.024 0.54 0.01)
(0.03 0.54 0.01)
(0.036 0.54 0.01)
(0.042 0.54 0.01)
(0.048 0.54 0.01)
(0.054 0.54 0.01)
(0.06 0.54 0.01)
(0.066 0.54 0.01)
(0.072 0.54 0.01)
(0.078 0.54 0.01)
(0.084 0.54 0.01)
(0.09 0.54 0.01)
(0.096 0.54 0.01)
(0.102 0.54 0.01)
(0.108 0.54 0.01)
(0.114 0.54 0.01)
(0.12 0.54 0.01)
(0.126 0.54 0.01)
(0.132 0.54 0.01)
(0.138 0.54 0.01)
(0.144 0.54 0.01)
(0.15 0.54 0.01)
(0.156 0.54 0.01)
(0.162 0.54 0.01)
(0.168 0.54 0.01)
(0.174 0.54 0.01)
(0.18 0.54 0.01)
(0.186 0.54 0.01)
(0.192 0.54 0.01)
(0.198 0.54 0.01)
(0.204 0.54 0.01)
(0.21 0.54 0.01)
(0.216 0.54 0.01)
(0.222 0.54 0.01)
(0.228 0.54 0.01)
(0.234 0.54 0.01)
(0.24 0.54 0.01)
(0.246 0.54 0.01)
(0.252 0.54 0.01)
(0.258 0.54 0.01)
(0.264 0.54 0.01)
(0.27 0.54 0.01)
(0.276 0.54 0.01)
(0.282 0.54 0.01)
(0.288 0.54 0.01)
(0.294 0.54 0.01)
(0.3 0.54 0.01)
(0.306 0.54 0.01)
(0.312 0.54 0.01)
(0.318 0.54 0.01)
(0.324 0.54 0.01)
(0.33 0.54 0.01)
(0.336 0.54 0.01)
(0.342 0.54 0.01)
(0.348 0.54 0.01)
(0.354 0.54 0.01)
(0.36 0.54 0.01)
(0 0.545 0.01)
(0.006 0.545 0.01)
(0.012 0.545 0.01)
(0.018 0.545 0.01)
(0.024 0.545 0.01)
(0.03 0.545 0.01)
(0.036 0.545 0.01)
(0.042 0.545 0.01)
(0.048 0.545 0.01)
(0.054 0.545 0.01)
(0.06 0.545 0.01)
(0.066 0.545 0.01)
(0.072 0.545 0.01)
(0.078 0.545 0.01)
(0.084 0.545 0.01)
(0.09 0.545 0.01)
(0.096 0.545 0.01)
(0.102 0.545 0.01)
(0.108 0.545 0.01)
(0.114 0.545 0.01)
(0.12 0.545 0.01)
(0.126 0.545 0.01)
(0.132 0.545 0.01)
(0.138 0.545 0.01)
(0.144 0.545 0.01)
(0.15 0.545 0.01)
(0.156 0.545 0.01)
(0.162 0.545 0.01)
(0.168 0.545 0.01)
(0.174 0.545 0.01)
(0.18 0.545 0.01)
(0.186 0.545 0.01)
(0.192 0.545 0.01)
(0.198 0.545 0.01)
(0.204 0.545 0.01)
(0.21 0.545 0.01)
(0.216 0.545 0.01)
(0.222 0.545 0.01)
(0.228 0.545 0.01)
(0.234 0.545 0.01)
(0.24 0.545 0.01)
(0.246 0.545 0.01)
(0.252 0.545 0.01)
(0.258 0.545 0.01)
(0.264 0.545 0.01)
(0.27 0.545 0.01)
(0.276 0.545 0.01)
(0.282 0.545 0.01)
(0.288 0.545 0.01)
(0.294 0.545 0.01)
(0.3 0.545 0.01)
(0.306 0.545 0.01)
(0.312 0.545 0.01)
(0.318 0.545 0.01)
(0.324 0.545 0.01)
(0.33 0.545 0.01)
(0.336 0.545 0.01)
(0.342 0.545 0.01)
(0.348 0.545 0.01)
(0.354 0.545 0.01)
(0.36 0.545 0.01)
(0 0.55 0.01)
(0.006 0.55 0.01)
(0.012 0.55 0.01)
(0.018 0.55 0.01)
(0.024 0.55 0.01)
(0.03 0.55 0.01)
(0.036 0.55 0.01)
(0.042 0.55 0.01)
(0.048 0.55 0.01)
(0.054 0.55 0.01)
(0.06 0.55 0.01)
(0.066 0.55 0.01)
(0.072 0.55 0.01)
(0.078 0.55 0.01)
(0.084 0.55 0.01)
(0.09 0.55 0.01)
(0.096 0.55 0.01)
(0.102 0.55 0.01)
(0.108 0.55 0.01)
(0.114 0.55 0.01)
(0.12 0.55 0.01)
(0.126 0.55 0.01)
(0.132 0.55 0.01)
(0.138 0.55 0.01)
(0.144 0.55 0.01)
(0.15 0.55 0.01)
(0.156 0.55 0.01)
(0.162 0.55 0.01)
(0.168 0.55 0.01)
(0.174 0.55 0.01)
(0.18 0.55 0.01)
(0.186 0.55 0.01)
(0.192 0.55 0.01)
(0.198 0.55 0.01)
(0.204 0.55 0.01)
(0.21 0.55 0.01)
(0.216 0.55 0.01)
(0.222 0.55 0.01)
(0.228 0.55 0.01)
(0.234 0.55 0.01)
(0.24 0.55 0.01)
(0.246 0.55 0.01)
(0.252 0.55 0.01)
(0.258 0.55 0.01)
(0.264 0.55 0.01)
(0.27 0.55 0.01)
(0.276 0.55 0.01)
(0.282 0.55 0.01)
(0.288 0.55 0.01)
(0.294 0.55 0.01)
(0.3 0.55 0.01)
(0.306 0.55 0.01)
(0.312 0.55 0.01)
(0.318 0.55 0.01)
(0.324 0.55 0.01)
(0.33 0.55 0.01)
(0.336 0.55 0.01)
(0.342 0.55 0.01)
(0.348 0.55 0.01)
(0.354 0.55 0.01)
(0.36 0.55 0.01)
(0 0.555 0.01)
(0.006 0.555 0.01)
(0.012 0.555 0.01)
(0.018 0.555 0.01)
(0.024 0.555 0.01)
(0.03 0.555 0.01)
(0.036 0.555 0.01)
(0.042 0.555 0.01)
(0.048 0.555 0.01)
(0.054 0.555 0.01)
(0.06 0.555 0.01)
(0.066 0.555 0.01)
(0.072 0.555 0.01)
(0.078 0.555 0.01)
(0.084 0.555 0.01)
(0.09 0.555 0.01)
(0.096 0.555 0.01)
(0.102 0.555 0.01)
(0.108 0.555 0.01)
(0.114 0.555 0.01)
(0.12 0.555 0.01)
(0.126 0.555 0.01)
(0.132 0.555 0.01)
(0.138 0.555 0.01)
(0.144 0.555 0.01)
(0.15 0.555 0.01)
(0.156 0.555 0.01)
(0.162 0.555 0.01)
(0.168 0.555 0.01)
(0.174 0.555 0.01)
(0.18 0.555 0.01)
(0.186 0.555 0.01)
(0.192 0.555 0.01)
(0.198 0.555 0.01)
(0.204 0.555 0.01)
(0.21 0.555 0.01)
(0.216 0.555 0.01)
(0.222 0.555 0.01)
(0.228 0.555 0.01)
(0.234 0.555 0.01)
(0.24 0.555 0.01)
(0.246 0.555 0.01)
(0.252 0.555 0.01)
(0.258 0.555 0.01)
(0.264 0.555 0.01)
(0.27 0.555 0.01)
(0.276 0.555 0.01)
(0.282 0.555 0.01)
(0.288 0.555 0.01)
(0.294 0.555 0.01)
(0.3 0.555 0.01)
(0.306 0.555 0.01)
(0.312 0.555 0.01)
(0.318 0.555 0.01)
(0.324 0.555 0.01)
(0.33 0.555 0.01)
(0.336 0.555 0.01)
(0.342 0.555 0.01)
(0.348 0.555 0.01)
(0.354 0.555 0.01)
(0.36 0.555 0.01)
(0 0.56 0.01)
(0.006 0.56 0.01)
(0.012 0.56 0.01)
(0.018 0.56 0.01)
(0.024 0.56 0.01)
(0.03 0.56 0.01)
(0.036 0.56 0.01)
(0.042 0.56 0.01)
(0.048 0.56 0.01)
(0.054 0.56 0.01)
(0.06 0.56 0.01)
(0.066 0.56 0.01)
(0.072 0.56 0.01)
(0.078 0.56 0.01)
(0.084 0.56 0.01)
(0.09 0.56 0.01)
(0.096 0.56 0.01)
(0.102 0.56 0.01)
(0.108 0.56 0.01)
(0.114 0.56 0.01)
(0.12 0.56 0.01)
(0.126 0.56 0.01)
(0.132 0.56 0.01)
(0.138 0.56 0.01)
(0.144 0.56 0.01)
(0.15 0.56 0.01)
(0.156 0.56 0.01)
(0.162 0.56 0.01)
(0.168 0.56 0.01)
(0.174 0.56 0.01)
(0.18 0.56 0.01)
(0.186 0.56 0.01)
(0.192 0.56 0.01)
(0.198 0.56 0.01)
(0.204 0.56 0.01)
(0.21 0.56 0.01)
(0.216 0.56 0.01)
(0.222 0.56 0.01)
(0.228 0.56 0.01)
(0.234 0.56 0.01)
(0.24 0.56 0.01)
(0.246 0.56 0.01)
(0.252 0.56 0.01)
(0.258 0.56 0.01)
(0.264 0.56 0.01)
(0.27 0.56 0.01)
(0.276 0.56 0.01)
(0.282 0.56 0.01)
(0.288 0.56 0.01)
(0.294 0.56 0.01)
(0.3 0.56 0.01)
(0.306 0.56 0.01)
(0.312 0.56 0.01)
(0.318 0.56 0.01)
(0.324 0.56 0.01)
(0.33 0.56 0.01)
(0.336 0.56 0.01)
(0.342 0.56 0.01)
(0.348 0.56 0.01)
(0.354 0.56 0.01)
(0.36 0.56 0.01)
(0 0.565 0.01)
(0.006 0.565 0.01)
(0.012 0.565 0.01)
(0.018 0.565 0.01)
(0.024 0.565 0.01)
(0.03 0.565 0.01)
(0.036 0.565 0.01)
(0.042 0.565 0.01)
(0.048 0.565 0.01)
(0.054 0.565 0.01)
(0.06 0.565 0.01)
(0.066 0.565 0.01)
(0.072 0.565 0.01)
(0.078 0.565 0.01)
(0.084 0.565 0.01)
(0.09 0.565 0.01)
(0.096 0.565 0.01)
(0.102 0.565 0.01)
(0.108 0.565 0.01)
(0.114 0.565 0.01)
(0.12 0.565 0.01)
(0.126 0.565 0.01)
(0.132 0.565 0.01)
(0.138 0.565 0.01)
(0.144 0.565 0.01)
(0.15 0.565 0.01)
(0.156 0.565 0.01)
(0.162 0.565 0.01)
(0.168 0.565 0.01)
(0.174 0.565 0.01)
(0.18 0.565 0.01)
(0.186 0.565 0.01)
(0.192 0.565 0.01)
(0.198 0.565 0.01)
(0.204 0.565 0.01)
(0.21 0.565 0.01)
(0.216 0.565 0.01)
(0.222 0.565 0.01)
(0.228 0.565 0.01)
(0.234 0.565 0.01)
(0.24 0.565 0.01)
(0.246 0.565 0.01)
(0.252 0.565 0.01)
(0.258 0.565 0.01)
(0.264 0.565 0.01)
(0.27 0.565 0.01)
(0.276 0.565 0.01)
(0.282 0.565 0.01)
(0.288 0.565 0.01)
(0.294 0.565 0.01)
(0.3 0.565 0.01)
(0.306 0.565 0.01)
(0.312 0.565 0.01)
(0.318 0.565 0.01)
(0.324 0.565 0.01)
(0.33 0.565 0.01)
(0.336 0.565 0.01)
(0.342 0.565 0.01)
(0.348 0.565 0.01)
(0.354 0.565 0.01)
(0.36 0.565 0.01)
(0 0.57 0.01)
(0.006 0.57 0.01)
(0.012 0.57 0.01)
(0.018 0.57 0.01)
(0.024 0.57 0.01)
(0.03 0.57 0.01)
(0.036 0.57 0.01)
(0.042 0.57 0.01)
(0.048 0.57 0.01)
(0.054 0.57 0.01)
(0.06 0.57 0.01)
(0.066 0.57 0.01)
(0.072 0.57 0.01)
(0.078 0.57 0.01)
(0.084 0.57 0.01)
(0.09 0.57 0.01)
(0.096 0.57 0.01)
(0.102 0.57 0.01)
(0.108 0.57 0.01)
(0.114 0.57 0.01)
(0.12 0.57 0.01)
(0.126 0.57 0.01)
(0.132 0.57 0.01)
(0.138 0.57 0.01)
(0.144 0.57 0.01)
(0.15 0.57 0.01)
(0.156 0.57 0.01)
(0.162 0.57 0.01)
(0.168 0.57 0.01)
(0.174 0.57 0.01)
(0.18 0.57 0.01)
(0.186 0.57 0.01)
(0.192 0.57 0.01)
(0.198 0.57 0.01)
(0.204 0.57 0.01)
(0.21 0.57 0.01)
(0.216 0.57 0.01)
(0.222 0.57 0.01)
(0.228 0.57 0.01)
(0.234 0.57 0.01)
(0.24 0.57 0.01)
(0.246 0.57 0.01)
(0.252 0.57 0.01)
(0.258 0.57 0.01)
(0.264 0.57 0.01)
(0.27 0.57 0.01)
(0.276 0.57 0.01)
(0.282 0.57 0.01)
(0.288 0.57 0.01)
(0.294 0.57 0.01)
(0.3 0.57 0.01)
(0.306 0.57 0.01)
(0.312 0.57 0.01)
(0.318 0.57 0.01)
(0.324 0.57 0.01)
(0.33 0.57 0.01)
(0.336 0.57 0.01)
(0.342 0.57 0.01)
(0.348 0.57 0.01)
(0.354 0.57 0.01)
(0.36 0.57 0.01)
(0 0.575 0.01)
(0.006 0.575 0.01)
(0.012 0.575 0.01)
(0.018 0.575 0.01)
(0.024 0.575 0.01)
(0.03 0.575 0.01)
(0.036 0.575 0.01)
(0.042 0.575 0.01)
(0.048 0.575 0.01)
(0.054 0.575 0.01)
(0.06 0.575 0.01)
(0.066 0.575 0.01)
(0.072 0.575 0.01)
(0.078 0.575 0.01)
(0.084 0.575 0.01)
(0.09 0.575 0.01)
(0.096 0.575 0.01)
(0.102 0.575 0.01)
(0.108 0.575 0.01)
(0.114 0.575 0.01)
(0.12 0.575 0.01)
(0.126 0.575 0.01)
(0.132 0.575 0.01)
(0.138 0.575 0.01)
(0.144 0.575 0.01)
(0.15 0.575 0.01)
(0.156 0.575 0.01)
(0.162 0.575 0.01)
(0.168 0.575 0.01)
(0.174 0.575 0.01)
(0.18 0.575 0.01)
(0.186 0.575 0.01)
(0.192 0.575 0.01)
(0.198 0.575 0.01)
(0.204 0.575 0.01)
(0.21 0.575 0.01)
(0.216 0.575 0.01)
(0.222 0.575 0.01)
(0.228 0.575 0.01)
(0.234 0.575 0.01)
(0.24 0.575 0.01)
(0.246 0.575 0.01)
(0.252 0.575 0.01)
(0.258 0.575 0.01)
(0.264 0.575 0.01)
(0.27 0.575 0.01)
(0.276 0.575 0.01)
(0.282 0.575 0.01)
(0.288 0.575 0.01)
(0.294 0.575 0.01)
(0.3 0.575 0.01)
(0.306 0.575 0.01)
(0.312 0.575 0.01)
(0.318 0.575 0.01)
(0.324 0.575 0.01)
(0.33 0.575 0.01)
(0.336 0.575 0.01)
(0.342 0.575 0.01)
(0.348 0.575 0.01)
(0.354 0.575 0.01)
(0.36 0.575 0.01)
(0 0.58 0.01)
(0.006 0.58 0.01)
(0.012 0.58 0.01)
(0.018 0.58 0.01)
(0.024 0.58 0.01)
(0.03 0.58 0.01)
(0.036 0.58 0.01)
(0.042 0.58 0.01)
(0.048 0.58 0.01)
(0.054 0.58 0.01)
(0.06 0.58 0.01)
(0.066 0.58 0.01)
(0.072 0.58 0.01)
(0.078 0.58 0.01)
(0.084 0.58 0.01)
(0.09 0.58 0.01)
(0.096 0.58 0.01)
(0.102 0.58 0.01)
(0.108 0.58 0.01)
(0.114 0.58 0.01)
(0.12 0.58 0.01)
(0.126 0.58 0.01)
(0.132 0.58 0.01)
(0.138 0.58 0.01)
(0.144 0.58 0.01)
(0.15 0.58 0.01)
(0.156 0.58 0.01)
(0.162 0.58 0.01)
(0.168 0.58 0.01)
(0.174 0.58 0.01)
(0.18 0.58 0.01)
(0.186 0.58 0.01)
(0.192 0.58 0.01)
(0.198 0.58 0.01)
(0.204 0.58 0.01)
(0.21 0.58 0.01)
(0.216 0.58 0.01)
(0.222 0.58 0.01)
(0.228 0.58 0.01)
(0.234 0.58 0.01)
(0.24 0.58 0.01)
(0.246 0.58 0.01)
(0.252 0.58 0.01)
(0.258 0.58 0.01)
(0.264 0.58 0.01)
(0.27 0.58 0.01)
(0.276 0.58 0.01)
(0.282 0.58 0.01)
(0.288 0.58 0.01)
(0.294 0.58 0.01)
(0.3 0.58 0.01)
(0.306 0.58 0.01)
(0.312 0.58 0.01)
(0.318 0.58 0.01)
(0.324 0.58 0.01)
(0.33 0.58 0.01)
(0.336 0.58 0.01)
(0.342 0.58 0.01)
(0.348 0.58 0.01)
(0.354 0.58 0.01)
(0.36 0.58 0.01)
(0 0.585 0.01)
(0.006 0.585 0.01)
(0.012 0.585 0.01)
(0.018 0.585 0.01)
(0.024 0.585 0.01)
(0.03 0.585 0.01)
(0.036 0.585 0.01)
(0.042 0.585 0.01)
(0.048 0.585 0.01)
(0.054 0.585 0.01)
(0.06 0.585 0.01)
(0.066 0.585 0.01)
(0.072 0.585 0.01)
(0.078 0.585 0.01)
(0.084 0.585 0.01)
(0.09 0.585 0.01)
(0.096 0.585 0.01)
(0.102 0.585 0.01)
(0.108 0.585 0.01)
(0.114 0.585 0.01)
(0.12 0.585 0.01)
(0.126 0.585 0.01)
(0.132 0.585 0.01)
(0.138 0.585 0.01)
(0.144 0.585 0.01)
(0.15 0.585 0.01)
(0.156 0.585 0.01)
(0.162 0.585 0.01)
(0.168 0.585 0.01)
(0.174 0.585 0.01)
(0.18 0.585 0.01)
(0.186 0.585 0.01)
(0.192 0.585 0.01)
(0.198 0.585 0.01)
(0.204 0.585 0.01)
(0.21 0.585 0.01)
(0.216 0.585 0.01)
(0.222 0.585 0.01)
(0.228 0.585 0.01)
(0.234 0.585 0.01)
(0.24 0.585 0.01)
(0.246 0.585 0.01)
(0.252 0.585 0.01)
(0.258 0.585 0.01)
(0.264 0.585 0.01)
(0.27 0.585 0.01)
(0.276 0.585 0.01)
(0.282 0.585 0.01)
(0.288 0.585 0.01)
(0.294 0.585 0.01)
(0.3 0.585 0.01)
(0.306 0.585 0.01)
(0.312 0.585 0.01)
(0.318 0.585 0.01)
(0.324 0.585 0.01)
(0.33 0.585 0.01)
(0.336 0.585 0.01)
(0.342 0.585 0.01)
(0.348 0.585 0.01)
(0.354 0.585 0.01)
(0.36 0.585 0.01)
(0 0.59 0.01)
(0.006 0.59 0.01)
(0.012 0.59 0.01)
(0.018 0.59 0.01)
(0.024 0.59 0.01)
(0.03 0.59 0.01)
(0.036 0.59 0.01)
(0.042 0.59 0.01)
(0.048 0.59 0.01)
(0.054 0.59 0.01)
(0.06 0.59 0.01)
(0.066 0.59 0.01)
(0.072 0.59 0.01)
(0.078 0.59 0.01)
(0.084 0.59 0.01)
(0.09 0.59 0.01)
(0.096 0.59 0.01)
(0.102 0.59 0.01)
(0.108 0.59 0.01)
(0.114 0.59 0.01)
(0.12 0.59 0.01)
(0.126 0.59 0.01)
(0.132 0.59 0.01)
(0.138 0.59 0.01)
(0.144 0.59 0.01)
(0.15 0.59 0.01)
(0.156 0.59 0.01)
(0.162 0.59 0.01)
(0.168 0.59 0.01)
(0.174 0.59 0.01)
(0.18 0.59 0.01)
(0.186 0.59 0.01)
(0.192 0.59 0.01)
(0.198 0.59 0.01)
(0.204 0.59 0.01)
(0.21 0.59 0.01)
(0.216 0.59 0.01)
(0.222 0.59 0.01)
(0.228 0.59 0.01)
(0.234 0.59 0.01)
(0.24 0.59 0.01)
(0.246 0.59 0.01)
(0.252 0.59 0.01)
(0.258 0.59 0.01)
(0.264 0.59 0.01)
(0.27 0.59 0.01)
(0.276 0.59 0.01)
(0.282 0.59 0.01)
(0.288 0.59 0.01)
(0.294 0.59 0.01)
(0.3 0.59 0.01)
(0.306 0.59 0.01)
(0.312 0.59 0.01)
(0.318 0.59 0.01)
(0.324 0.59 0.01)
(0.33 0.59 0.01)
(0.336 0.59 0.01)
(0.342 0.59 0.01)
(0.348 0.59 0.01)
(0.354 0.59 0.01)
(0.36 0.59 0.01)
(0 0.595 0.01)
(0.006 0.595 0.01)
(0.012 0.595 0.01)
(0.018 0.595 0.01)
(0.024 0.595 0.01)
(0.03 0.595 0.01)
(0.036 0.595 0.01)
(0.042 0.595 0.01)
(0.048 0.595 0.01)
(0.054 0.595 0.01)
(0.06 0.595 0.01)
(0.066 0.595 0.01)
(0.072 0.595 0.01)
(0.078 0.595 0.01)
(0.084 0.595 0.01)
(0.09 0.595 0.01)
(0.096 0.595 0.01)
(0.102 0.595 0.01)
(0.108 0.595 0.01)
(0.114 0.595 0.01)
(0.12 0.595 0.01)
(0.126 0.595 0.01)
(0.132 0.595 0.01)
(0.138 0.595 0.01)
(0.144 0.595 0.01)
(0.15 0.595 0.01)
(0.156 0.595 0.01)
(0.162 0.595 0.01)
(0.168 0.595 0.01)
(0.174 0.595 0.01)
(0.18 0.595 0.01)
(0.186 0.595 0.01)
(0.192 0.595 0.01)
(0.198 0.595 0.01)
(0.204 0.595 0.01)
(0.21 0.595 0.01)
(0.216 0.595 0.01)
(0.222 0.595 0.01)
(0.228 0.595 0.01)
(0.234 0.595 0.01)
(0.24 0.595 0.01)
(0.246 0.595 0.01)
(0.252 0.595 0.01)
(0.258 0.595 0.01)
(0.264 0.595 0.01)
(0.27 0.595 0.01)
(0.276 0.595 0.01)
(0.282 0.595 0.01)
(0.288 0.595 0.01)
(0.294 0.595 0.01)
(0.3 0.595 0.01)
(0.306 0.595 0.01)
(0.312 0.595 0.01)
(0.318 0.595 0.01)
(0.324 0.595 0.01)
(0.33 0.595 0.01)
(0.336 0.595 0.01)
(0.342 0.595 0.01)
(0.348 0.595 0.01)
(0.354 0.595 0.01)
(0.36 0.595 0.01)
(0 0.6 0.01)
(0.006 0.6 0.01)
(0.012 0.6 0.01)
(0.018 0.6 0.01)
(0.024 0.6 0.01)
(0.03 0.6 0.01)
(0.036 0.6 0.01)
(0.042 0.6 0.01)
(0.048 0.6 0.01)
(0.054 0.6 0.01)
(0.06 0.6 0.01)
(0.066 0.6 0.01)
(0.072 0.6 0.01)
(0.078 0.6 0.01)
(0.084 0.6 0.01)
(0.09 0.6 0.01)
(0.096 0.6 0.01)
(0.102 0.6 0.01)
(0.108 0.6 0.01)
(0.114 0.6 0.01)
(0.12 0.6 0.01)
(0.126 0.6 0.01)
(0.132 0.6 0.01)
(0.138 0.6 0.01)
(0.144 0.6 0.01)
(0.15 0.6 0.01)
(0.156 0.6 0.01)
(0.162 0.6 0.01)
(0.168 0.6 0.01)
(0.174 0.6 0.01)
(0.18 0.6 0.01)
(0.186 0.6 0.01)
(0.192 0.6 0.01)
(0.198 0.6 0.01)
(0.204 0.6 0.01)
(0.21 0.6 0.01)
(0.216 0.6 0.01)
(0.222 0.6 0.01)
(0.228 0.6 0.01)
(0.234 0.6 0.01)
(0.24 0.6 0.01)
(0.246 0.6 0.01)
(0.252 0.6 0.01)
(0.258 0.6 0.01)
(0.264 0.6 0.01)
(0.27 0.6 0.01)
(0.276 0.6 0.01)
(0.282 0.6 0.01)
(0.288 0.6 0.01)
(0.294 0.6 0.01)
(0.3 0.6 0.01)
(0.306 0.6 0.01)
(0.312 0.6 0.01)
(0.318 0.6 0.01)
(0.324 0.6 0.01)
(0.33 0.6 0.01)
(0.336 0.6 0.01)
(0.342 0.6 0.01)
(0.348 0.6 0.01)
(0.354 0.6 0.01)
(0.36 0.6 0.01)
(0 0.605 0.01)
(0.006 0.605 0.01)
(0.012 0.605 0.01)
(0.018 0.605 0.01)
(0.024 0.605 0.01)
(0.03 0.605 0.01)
(0.036 0.605 0.01)
(0.042 0.605 0.01)
(0.048 0.605 0.01)
(0.054 0.605 0.01)
(0.06 0.605 0.01)
(0.066 0.605 0.01)
(0.072 0.605 0.01)
(0.078 0.605 0.01)
(0.084 0.605 0.01)
(0.09 0.605 0.01)
(0.096 0.605 0.01)
(0.102 0.605 0.01)
(0.108 0.605 0.01)
(0.114 0.605 0.01)
(0.12 0.605 0.01)
(0.126 0.605 0.01)
(0.132 0.605 0.01)
(0.138 0.605 0.01)
(0.144 0.605 0.01)
(0.15 0.605 0.01)
(0.156 0.605 0.01)
(0.162 0.605 0.01)
(0.168 0.605 0.01)
(0.174 0.605 0.01)
(0.18 0.605 0.01)
(0.186 0.605 0.01)
(0.192 0.605 0.01)
(0.198 0.605 0.01)
(0.204 0.605 0.01)
(0.21 0.605 0.01)
(0.216 0.605 0.01)
(0.222 0.605 0.01)
(0.228 0.605 0.01)
(0.234 0.605 0.01)
(0.24 0.605 0.01)
(0.246 0.605 0.01)
(0.252 0.605 0.01)
(0.258 0.605 0.01)
(0.264 0.605 0.01)
(0.27 0.605 0.01)
(0.276 0.605 0.01)
(0.282 0.605 0.01)
(0.288 0.605 0.01)
(0.294 0.605 0.01)
(0.3 0.605 0.01)
(0.306 0.605 0.01)
(0.312 0.605 0.01)
(0.318 0.605 0.01)
(0.324 0.605 0.01)
(0.33 0.605 0.01)
(0.336 0.605 0.01)
(0.342 0.605 0.01)
(0.348 0.605 0.01)
(0.354 0.605 0.01)
(0.36 0.605 0.01)
(0 0.61 0.01)
(0.006 0.61 0.01)
(0.012 0.61 0.01)
(0.018 0.61 0.01)
(0.024 0.61 0.01)
(0.03 0.61 0.01)
(0.036 0.61 0.01)
(0.042 0.61 0.01)
(0.048 0.61 0.01)
(0.054 0.61 0.01)
(0.06 0.61 0.01)
(0.066 0.61 0.01)
(0.072 0.61 0.01)
(0.078 0.61 0.01)
(0.084 0.61 0.01)
(0.09 0.61 0.01)
(0.096 0.61 0.01)
(0.102 0.61 0.01)
(0.108 0.61 0.01)
(0.114 0.61 0.01)
(0.12 0.61 0.01)
(0.126 0.61 0.01)
(0.132 0.61 0.01)
(0.138 0.61 0.01)
(0.144 0.61 0.01)
(0.15 0.61 0.01)
(0.156 0.61 0.01)
(0.162 0.61 0.01)
(0.168 0.61 0.01)
(0.174 0.61 0.01)
(0.18 0.61 0.01)
(0.186 0.61 0.01)
(0.192 0.61 0.01)
(0.198 0.61 0.01)
(0.204 0.61 0.01)
(0.21 0.61 0.01)
(0.216 0.61 0.01)
(0.222 0.61 0.01)
(0.228 0.61 0.01)
(0.234 0.61 0.01)
(0.24 0.61 0.01)
(0.246 0.61 0.01)
(0.252 0.61 0.01)
(0.258 0.61 0.01)
(0.264 0.61 0.01)
(0.27 0.61 0.01)
(0.276 0.61 0.01)
(0.282 0.61 0.01)
(0.288 0.61 0.01)
(0.294 0.61 0.01)
(0.3 0.61 0.01)
(0.306 0.61 0.01)
(0.312 0.61 0.01)
(0.318 0.61 0.01)
(0.324 0.61 0.01)
(0.33 0.61 0.01)
(0.336 0.61 0.01)
(0.342 0.61 0.01)
(0.348 0.61 0.01)
(0.354 0.61 0.01)
(0.36 0.61 0.01)
(0 0.615 0.01)
(0.006 0.615 0.01)
(0.012 0.615 0.01)
(0.018 0.615 0.01)
(0.024 0.615 0.01)
(0.03 0.615 0.01)
(0.036 0.615 0.01)
(0.042 0.615 0.01)
(0.048 0.615 0.01)
(0.054 0.615 0.01)
(0.06 0.615 0.01)
(0.066 0.615 0.01)
(0.072 0.615 0.01)
(0.078 0.615 0.01)
(0.084 0.615 0.01)
(0.09 0.615 0.01)
(0.096 0.615 0.01)
(0.102 0.615 0.01)
(0.108 0.615 0.01)
(0.114 0.615 0.01)
(0.12 0.615 0.01)
(0.126 0.615 0.01)
(0.132 0.615 0.01)
(0.138 0.615 0.01)
(0.144 0.615 0.01)
(0.15 0.615 0.01)
(0.156 0.615 0.01)
(0.162 0.615 0.01)
(0.168 0.615 0.01)
(0.174 0.615 0.01)
(0.18 0.615 0.01)
(0.186 0.615 0.01)
(0.192 0.615 0.01)
(0.198 0.615 0.01)
(0.204 0.615 0.01)
(0.21 0.615 0.01)
(0.216 0.615 0.01)
(0.222 0.615 0.01)
(0.228 0.615 0.01)
(0.234 0.615 0.01)
(0.24 0.615 0.01)
(0.246 0.615 0.01)
(0.252 0.615 0.01)
(0.258 0.615 0.01)
(0.264 0.615 0.01)
(0.27 0.615 0.01)
(0.276 0.615 0.01)
(0.282 0.615 0.01)
(0.288 0.615 0.01)
(0.294 0.615 0.01)
(0.3 0.615 0.01)
(0.306 0.615 0.01)
(0.312 0.615 0.01)
(0.318 0.615 0.01)
(0.324 0.615 0.01)
(0.33 0.615 0.01)
(0.336 0.615 0.01)
(0.342 0.615 0.01)
(0.348 0.615 0.01)
(0.354 0.615 0.01)
(0.36 0.615 0.01)
(0 0.62 0.01)
(0.006 0.62 0.01)
(0.012 0.62 0.01)
(0.018 0.62 0.01)
(0.024 0.62 0.01)
(0.03 0.62 0.01)
(0.036 0.62 0.01)
(0.042 0.62 0.01)
(0.048 0.62 0.01)
(0.054 0.62 0.01)
(0.06 0.62 0.01)
(0.066 0.62 0.01)
(0.072 0.62 0.01)
(0.078 0.62 0.01)
(0.084 0.62 0.01)
(0.09 0.62 0.01)
(0.096 0.62 0.01)
(0.102 0.62 0.01)
(0.108 0.62 0.01)
(0.114 0.62 0.01)
(0.12 0.62 0.01)
(0.126 0.62 0.01)
(0.132 0.62 0.01)
(0.138 0.62 0.01)
(0.144 0.62 0.01)
(0.15 0.62 0.01)
(0.156 0.62 0.01)
(0.162 0.62 0.01)
(0.168 0.62 0.01)
(0.174 0.62 0.01)
(0.18 0.62 0.01)
(0.186 0.62 0.01)
(0.192 0.62 0.01)
(0.198 0.62 0.01)
(0.204 0.62 0.01)
(0.21 0.62 0.01)
(0.216 0.62 0.01)
(0.222 0.62 0.01)
(0.228 0.62 0.01)
(0.234 0.62 0.01)
(0.24 0.62 0.01)
(0.246 0.62 0.01)
(0.252 0.62 0.01)
(0.258 0.62 0.01)
(0.264 0.62 0.01)
(0.27 0.62 0.01)
(0.276 0.62 0.01)
(0.282 0.62 0.01)
(0.288 0.62 0.01)
(0.294 0.62 0.01)
(0.3 0.62 0.01)
(0.306 0.62 0.01)
(0.312 0.62 0.01)
(0.318 0.62 0.01)
(0.324 0.62 0.01)
(0.33 0.62 0.01)
(0.336 0.62 0.01)
(0.342 0.62 0.01)
(0.348 0.62 0.01)
(0.354 0.62 0.01)
(0.36 0.62 0.01)
(0 0.625 0.01)
(0.006 0.625 0.01)
(0.012 0.625 0.01)
(0.018 0.625 0.01)
(0.024 0.625 0.01)
(0.03 0.625 0.01)
(0.036 0.625 0.01)
(0.042 0.625 0.01)
(0.048 0.625 0.01)
(0.054 0.625 0.01)
(0.06 0.625 0.01)
(0.066 0.625 0.01)
(0.072 0.625 0.01)
(0.078 0.625 0.01)
(0.084 0.625 0.01)
(0.09 0.625 0.01)
(0.096 0.625 0.01)
(0.102 0.625 0.01)
(0.108 0.625 0.01)
(0.114 0.625 0.01)
(0.12 0.625 0.01)
(0.126 0.625 0.01)
(0.132 0.625 0.01)
(0.138 0.625 0.01)
(0.144 0.625 0.01)
(0.15 0.625 0.01)
(0.156 0.625 0.01)
(0.162 0.625 0.01)
(0.168 0.625 0.01)
(0.174 0.625 0.01)
(0.18 0.625 0.01)
(0.186 0.625 0.01)
(0.192 0.625 0.01)
(0.198 0.625 0.01)
(0.204 0.625 0.01)
(0.21 0.625 0.01)
(0.216 0.625 0.01)
(0.222 0.625 0.01)
(0.228 0.625 0.01)
(0.234 0.625 0.01)
(0.24 0.625 0.01)
(0.246 0.625 0.01)
(0.252 0.625 0.01)
(0.258 0.625 0.01)
(0.264 0.625 0.01)
(0.27 0.625 0.01)
(0.276 0.625 0.01)
(0.282 0.625 0.01)
(0.288 0.625 0.01)
(0.294 0.625 0.01)
(0.3 0.625 0.01)
(0.306 0.625 0.01)
(0.312 0.625 0.01)
(0.318 0.625 0.01)
(0.324 0.625 0.01)
(0.33 0.625 0.01)
(0.336 0.625 0.01)
(0.342 0.625 0.01)
(0.348 0.625 0.01)
(0.354 0.625 0.01)
(0.36 0.625 0.01)
(0 0.63 0.01)
(0.006 0.63 0.01)
(0.012 0.63 0.01)
(0.018 0.63 0.01)
(0.024 0.63 0.01)
(0.03 0.63 0.01)
(0.036 0.63 0.01)
(0.042 0.63 0.01)
(0.048 0.63 0.01)
(0.054 0.63 0.01)
(0.06 0.63 0.01)
(0.066 0.63 0.01)
(0.072 0.63 0.01)
(0.078 0.63 0.01)
(0.084 0.63 0.01)
(0.09 0.63 0.01)
(0.096 0.63 0.01)
(0.102 0.63 0.01)
(0.108 0.63 0.01)
(0.114 0.63 0.01)
(0.12 0.63 0.01)
(0.126 0.63 0.01)
(0.132 0.63 0.01)
(0.138 0.63 0.01)
(0.144 0.63 0.01)
(0.15 0.63 0.01)
(0.156 0.63 0.01)
(0.162 0.63 0.01)
(0.168 0.63 0.01)
(0.174 0.63 0.01)
(0.18 0.63 0.01)
(0.186 0.63 0.01)
(0.192 0.63 0.01)
(0.198 0.63 0.01)
(0.204 0.63 0.01)
(0.21 0.63 0.01)
(0.216 0.63 0.01)
(0.222 0.63 0.01)
(0.228 0.63 0.01)
(0.234 0.63 0.01)
(0.24 0.63 0.01)
(0.246 0.63 0.01)
(0.252 0.63 0.01)
(0.258 0.63 0.01)
(0.264 0.63 0.01)
(0.27 0.63 0.01)
(0.276 0.63 0.01)
(0.282 0.63 0.01)
(0.288 0.63 0.01)
(0.294 0.63 0.01)
(0.3 0.63 0.01)
(0.306 0.63 0.01)
(0.312 0.63 0.01)
(0.318 0.63 0.01)
(0.324 0.63 0.01)
(0.33 0.63 0.01)
(0.336 0.63 0.01)
(0.342 0.63 0.01)
(0.348 0.63 0.01)
(0.354 0.63 0.01)
(0.36 0.63 0.01)
(0 0.635 0.01)
(0.006 0.635 0.01)
(0.012 0.635 0.01)
(0.018 0.635 0.01)
(0.024 0.635 0.01)
(0.03 0.635 0.01)
(0.036 0.635 0.01)
(0.042 0.635 0.01)
(0.048 0.635 0.01)
(0.054 0.635 0.01)
(0.06 0.635 0.01)
(0.066 0.635 0.01)
(0.072 0.635 0.01)
(0.078 0.635 0.01)
(0.084 0.635 0.01)
(0.09 0.635 0.01)
(0.096 0.635 0.01)
(0.102 0.635 0.01)
(0.108 0.635 0.01)
(0.114 0.635 0.01)
(0.12 0.635 0.01)
(0.126 0.635 0.01)
(0.132 0.635 0.01)
(0.138 0.635 0.01)
(0.144 0.635 0.01)
(0.15 0.635 0.01)
(0.156 0.635 0.01)
(0.162 0.635 0.01)
(0.168 0.635 0.01)
(0.174 0.635 0.01)
(0.18 0.635 0.01)
(0.186 0.635 0.01)
(0.192 0.635 0.01)
(0.198 0.635 0.01)
(0.204 0.635 0.01)
(0.21 0.635 0.01)
(0.216 0.635 0.01)
(0.222 0.635 0.01)
(0.228 0.635 0.01)
(0.234 0.635 0.01)
(0.24 0.635 0.01)
(0.246 0.635 0.01)
(0.252 0.635 0.01)
(0.258 0.635 0.01)
(0.264 0.635 0.01)
(0.27 0.635 0.01)
(0.276 0.635 0.01)
(0.282 0.635 0.01)
(0.288 0.635 0.01)
(0.294 0.635 0.01)
(0.3 0.635 0.01)
(0.306 0.635 0.01)
(0.312 0.635 0.01)
(0.318 0.635 0.01)
(0.324 0.635 0.01)
(0.33 0.635 0.01)
(0.336 0.635 0.01)
(0.342 0.635 0.01)
(0.348 0.635 0.01)
(0.354 0.635 0.01)
(0.36 0.635 0.01)
(0 0.64 0.01)
(0.006 0.64 0.01)
(0.012 0.64 0.01)
(0.018 0.64 0.01)
(0.024 0.64 0.01)
(0.03 0.64 0.01)
(0.036 0.64 0.01)
(0.042 0.64 0.01)
(0.048 0.64 0.01)
(0.054 0.64 0.01)
(0.06 0.64 0.01)
(0.066 0.64 0.01)
(0.072 0.64 0.01)
(0.078 0.64 0.01)
(0.084 0.64 0.01)
(0.09 0.64 0.01)
(0.096 0.64 0.01)
(0.102 0.64 0.01)
(0.108 0.64 0.01)
(0.114 0.64 0.01)
(0.12 0.64 0.01)
(0.126 0.64 0.01)
(0.132 0.64 0.01)
(0.138 0.64 0.01)
(0.144 0.64 0.01)
(0.15 0.64 0.01)
(0.156 0.64 0.01)
(0.162 0.64 0.01)
(0.168 0.64 0.01)
(0.174 0.64 0.01)
(0.18 0.64 0.01)
(0.186 0.64 0.01)
(0.192 0.64 0.01)
(0.198 0.64 0.01)
(0.204 0.64 0.01)
(0.21 0.64 0.01)
(0.216 0.64 0.01)
(0.222 0.64 0.01)
(0.228 0.64 0.01)
(0.234 0.64 0.01)
(0.24 0.64 0.01)
(0.246 0.64 0.01)
(0.252 0.64 0.01)
(0.258 0.64 0.01)
(0.264 0.64 0.01)
(0.27 0.64 0.01)
(0.276 0.64 0.01)
(0.282 0.64 0.01)
(0.288 0.64 0.01)
(0.294 0.64 0.01)
(0.3 0.64 0.01)
(0.306 0.64 0.01)
(0.312 0.64 0.01)
(0.318 0.64 0.01)
(0.324 0.64 0.01)
(0.33 0.64 0.01)
(0.336 0.64 0.01)
(0.342 0.64 0.01)
(0.348 0.64 0.01)
(0.354 0.64 0.01)
(0.36 0.64 0.01)
(0 0.645 0.01)
(0.006 0.645 0.01)
(0.012 0.645 0.01)
(0.018 0.645 0.01)
(0.024 0.645 0.01)
(0.03 0.645 0.01)
(0.036 0.645 0.01)
(0.042 0.645 0.01)
(0.048 0.645 0.01)
(0.054 0.645 0.01)
(0.06 0.645 0.01)
(0.066 0.645 0.01)
(0.072 0.645 0.01)
(0.078 0.645 0.01)
(0.084 0.645 0.01)
(0.09 0.645 0.01)
(0.096 0.645 0.01)
(0.102 0.645 0.01)
(0.108 0.645 0.01)
(0.114 0.645 0.01)
(0.12 0.645 0.01)
(0.126 0.645 0.01)
(0.132 0.645 0.01)
(0.138 0.645 0.01)
(0.144 0.645 0.01)
(0.15 0.645 0.01)
(0.156 0.645 0.01)
(0.162 0.645 0.01)
(0.168 0.645 0.01)
(0.174 0.645 0.01)
(0.18 0.645 0.01)
(0.186 0.645 0.01)
(0.192 0.645 0.01)
(0.198 0.645 0.01)
(0.204 0.645 0.01)
(0.21 0.645 0.01)
(0.216 0.645 0.01)
(0.222 0.645 0.01)
(0.228 0.645 0.01)
(0.234 0.645 0.01)
(0.24 0.645 0.01)
(0.246 0.645 0.01)
(0.252 0.645 0.01)
(0.258 0.645 0.01)
(0.264 0.645 0.01)
(0.27 0.645 0.01)
(0.276 0.645 0.01)
(0.282 0.645 0.01)
(0.288 0.645 0.01)
(0.294 0.645 0.01)
(0.3 0.645 0.01)
(0.306 0.645 0.01)
(0.312 0.645 0.01)
(0.318 0.645 0.01)
(0.324 0.645 0.01)
(0.33 0.645 0.01)
(0.336 0.645 0.01)
(0.342 0.645 0.01)
(0.348 0.645 0.01)
(0.354 0.645 0.01)
(0.36 0.645 0.01)
(0 0.65 0.01)
(0.006 0.65 0.01)
(0.012 0.65 0.01)
(0.018 0.65 0.01)
(0.024 0.65 0.01)
(0.03 0.65 0.01)
(0.036 0.65 0.01)
(0.042 0.65 0.01)
(0.048 0.65 0.01)
(0.054 0.65 0.01)
(0.06 0.65 0.01)
(0.066 0.65 0.01)
(0.072 0.65 0.01)
(0.078 0.65 0.01)
(0.084 0.65 0.01)
(0.09 0.65 0.01)
(0.096 0.65 0.01)
(0.102 0.65 0.01)
(0.108 0.65 0.01)
(0.114 0.65 0.01)
(0.12 0.65 0.01)
(0.126 0.65 0.01)
(0.132 0.65 0.01)
(0.138 0.65 0.01)
(0.144 0.65 0.01)
(0.15 0.65 0.01)
(0.156 0.65 0.01)
(0.162 0.65 0.01)
(0.168 0.65 0.01)
(0.174 0.65 0.01)
(0.18 0.65 0.01)
(0.186 0.65 0.01)
(0.192 0.65 0.01)
(0.198 0.65 0.01)
(0.204 0.65 0.01)
(0.21 0.65 0.01)
(0.216 0.65 0.01)
(0.222 0.65 0.01)
(0.228 0.65 0.01)
(0.234 0.65 0.01)
(0.24 0.65 0.01)
(0.246 0.65 0.01)
(0.252 0.65 0.01)
(0.258 0.65 0.01)
(0.264 0.65 0.01)
(0.27 0.65 0.01)
(0.276 0.65 0.01)
(0.282 0.65 0.01)
(0.288 0.65 0.01)
(0.294 0.65 0.01)
(0.3 0.65 0.01)
(0.306 0.65 0.01)
(0.312 0.65 0.01)
(0.318 0.65 0.01)
(0.324 0.65 0.01)
(0.33 0.65 0.01)
(0.336 0.65 0.01)
(0.342 0.65 0.01)
(0.348 0.65 0.01)
(0.354 0.65 0.01)
(0.36 0.65 0.01)
(0 0.655 0.01)
(0.006 0.655 0.01)
(0.012 0.655 0.01)
(0.018 0.655 0.01)
(0.024 0.655 0.01)
(0.03 0.655 0.01)
(0.036 0.655 0.01)
(0.042 0.655 0.01)
(0.048 0.655 0.01)
(0.054 0.655 0.01)
(0.06 0.655 0.01)
(0.066 0.655 0.01)
(0.072 0.655 0.01)
(0.078 0.655 0.01)
(0.084 0.655 0.01)
(0.09 0.655 0.01)
(0.096 0.655 0.01)
(0.102 0.655 0.01)
(0.108 0.655 0.01)
(0.114 0.655 0.01)
(0.12 0.655 0.01)
(0.126 0.655 0.01)
(0.132 0.655 0.01)
(0.138 0.655 0.01)
(0.144 0.655 0.01)
(0.15 0.655 0.01)
(0.156 0.655 0.01)
(0.162 0.655 0.01)
(0.168 0.655 0.01)
(0.174 0.655 0.01)
(0.18 0.655 0.01)
(0.186 0.655 0.01)
(0.192 0.655 0.01)
(0.198 0.655 0.01)
(0.204 0.655 0.01)
(0.21 0.655 0.01)
(0.216 0.655 0.01)
(0.222 0.655 0.01)
(0.228 0.655 0.01)
(0.234 0.655 0.01)
(0.24 0.655 0.01)
(0.246 0.655 0.01)
(0.252 0.655 0.01)
(0.258 0.655 0.01)
(0.264 0.655 0.01)
(0.27 0.655 0.01)
(0.276 0.655 0.01)
(0.282 0.655 0.01)
(0.288 0.655 0.01)
(0.294 0.655 0.01)
(0.3 0.655 0.01)
(0.306 0.655 0.01)
(0.312 0.655 0.01)
(0.318 0.655 0.01)
(0.324 0.655 0.01)
(0.33 0.655 0.01)
(0.336 0.655 0.01)
(0.342 0.655 0.01)
(0.348 0.655 0.01)
(0.354 0.655 0.01)
(0.36 0.655 0.01)
(0 0.66 0.01)
(0.006 0.66 0.01)
(0.012 0.66 0.01)
(0.018 0.66 0.01)
(0.024 0.66 0.01)
(0.03 0.66 0.01)
(0.036 0.66 0.01)
(0.042 0.66 0.01)
(0.048 0.66 0.01)
(0.054 0.66 0.01)
(0.06 0.66 0.01)
(0.066 0.66 0.01)
(0.072 0.66 0.01)
(0.078 0.66 0.01)
(0.084 0.66 0.01)
(0.09 0.66 0.01)
(0.096 0.66 0.01)
(0.102 0.66 0.01)
(0.108 0.66 0.01)
(0.114 0.66 0.01)
(0.12 0.66 0.01)
(0.126 0.66 0.01)
(0.132 0.66 0.01)
(0.138 0.66 0.01)
(0.144 0.66 0.01)
(0.15 0.66 0.01)
(0.156 0.66 0.01)
(0.162 0.66 0.01)
(0.168 0.66 0.01)
(0.174 0.66 0.01)
(0.18 0.66 0.01)
(0.186 0.66 0.01)
(0.192 0.66 0.01)
(0.198 0.66 0.01)
(0.204 0.66 0.01)
(0.21 0.66 0.01)
(0.216 0.66 0.01)
(0.222 0.66 0.01)
(0.228 0.66 0.01)
(0.234 0.66 0.01)
(0.24 0.66 0.01)
(0.246 0.66 0.01)
(0.252 0.66 0.01)
(0.258 0.66 0.01)
(0.264 0.66 0.01)
(0.27 0.66 0.01)
(0.276 0.66 0.01)
(0.282 0.66 0.01)
(0.288 0.66 0.01)
(0.294 0.66 0.01)
(0.3 0.66 0.01)
(0.306 0.66 0.01)
(0.312 0.66 0.01)
(0.318 0.66 0.01)
(0.324 0.66 0.01)
(0.33 0.66 0.01)
(0.336 0.66 0.01)
(0.342 0.66 0.01)
(0.348 0.66 0.01)
(0.354 0.66 0.01)
(0.36 0.66 0.01)
(0 0.665 0.01)
(0.006 0.665 0.01)
(0.012 0.665 0.01)
(0.018 0.665 0.01)
(0.024 0.665 0.01)
(0.03 0.665 0.01)
(0.036 0.665 0.01)
(0.042 0.665 0.01)
(0.048 0.665 0.01)
(0.054 0.665 0.01)
(0.06 0.665 0.01)
(0.066 0.665 0.01)
(0.072 0.665 0.01)
(0.078 0.665 0.01)
(0.084 0.665 0.01)
(0.09 0.665 0.01)
(0.096 0.665 0.01)
(0.102 0.665 0.01)
(0.108 0.665 0.01)
(0.114 0.665 0.01)
(0.12 0.665 0.01)
(0.126 0.665 0.01)
(0.132 0.665 0.01)
(0.138 0.665 0.01)
(0.144 0.665 0.01)
(0.15 0.665 0.01)
(0.156 0.665 0.01)
(0.162 0.665 0.01)
(0.168 0.665 0.01)
(0.174 0.665 0.01)
(0.18 0.665 0.01)
(0.186 0.665 0.01)
(0.192 0.665 0.01)
(0.198 0.665 0.01)
(0.204 0.665 0.01)
(0.21 0.665 0.01)
(0.216 0.665 0.01)
(0.222 0.665 0.01)
(0.228 0.665 0.01)
(0.234 0.665 0.01)
(0.24 0.665 0.01)
(0.246 0.665 0.01)
(0.252 0.665 0.01)
(0.258 0.665 0.01)
(0.264 0.665 0.01)
(0.27 0.665 0.01)
(0.276 0.665 0.01)
(0.282 0.665 0.01)
(0.288 0.665 0.01)
(0.294 0.665 0.01)
(0.3 0.665 0.01)
(0.306 0.665 0.01)
(0.312 0.665 0.01)
(0.318 0.665 0.01)
(0.324 0.665 0.01)
(0.33 0.665 0.01)
(0.336 0.665 0.01)
(0.342 0.665 0.01)
(0.348 0.665 0.01)
(0.354 0.665 0.01)
(0.36 0.665 0.01)
(0 0.67 0.01)
(0.006 0.67 0.01)
(0.012 0.67 0.01)
(0.018 0.67 0.01)
(0.024 0.67 0.01)
(0.03 0.67 0.01)
(0.036 0.67 0.01)
(0.042 0.67 0.01)
(0.048 0.67 0.01)
(0.054 0.67 0.01)
(0.06 0.67 0.01)
(0.066 0.67 0.01)
(0.072 0.67 0.01)
(0.078 0.67 0.01)
(0.084 0.67 0.01)
(0.09 0.67 0.01)
(0.096 0.67 0.01)
(0.102 0.67 0.01)
(0.108 0.67 0.01)
(0.114 0.67 0.01)
(0.12 0.67 0.01)
(0.126 0.67 0.01)
(0.132 0.67 0.01)
(0.138 0.67 0.01)
(0.144 0.67 0.01)
(0.15 0.67 0.01)
(0.156 0.67 0.01)
(0.162 0.67 0.01)
(0.168 0.67 0.01)
(0.174 0.67 0.01)
(0.18 0.67 0.01)
(0.186 0.67 0.01)
(0.192 0.67 0.01)
(0.198 0.67 0.01)
(0.204 0.67 0.01)
(0.21 0.67 0.01)
(0.216 0.67 0.01)
(0.222 0.67 0.01)
(0.228 0.67 0.01)
(0.234 0.67 0.01)
(0.24 0.67 0.01)
(0.246 0.67 0.01)
(0.252 0.67 0.01)
(0.258 0.67 0.01)
(0.264 0.67 0.01)
(0.27 0.67 0.01)
(0.276 0.67 0.01)
(0.282 0.67 0.01)
(0.288 0.67 0.01)
(0.294 0.67 0.01)
(0.3 0.67 0.01)
(0.306 0.67 0.01)
(0.312 0.67 0.01)
(0.318 0.67 0.01)
(0.324 0.67 0.01)
(0.33 0.67 0.01)
(0.336 0.67 0.01)
(0.342 0.67 0.01)
(0.348 0.67 0.01)
(0.354 0.67 0.01)
(0.36 0.67 0.01)
(0 0.675 0.01)
(0.006 0.675 0.01)
(0.012 0.675 0.01)
(0.018 0.675 0.01)
(0.024 0.675 0.01)
(0.03 0.675 0.01)
(0.036 0.675 0.01)
(0.042 0.675 0.01)
(0.048 0.675 0.01)
(0.054 0.675 0.01)
(0.06 0.675 0.01)
(0.066 0.675 0.01)
(0.072 0.675 0.01)
(0.078 0.675 0.01)
(0.084 0.675 0.01)
(0.09 0.675 0.01)
(0.096 0.675 0.01)
(0.102 0.675 0.01)
(0.108 0.675 0.01)
(0.114 0.675 0.01)
(0.12 0.675 0.01)
(0.126 0.675 0.01)
(0.132 0.675 0.01)
(0.138 0.675 0.01)
(0.144 0.675 0.01)
(0.15 0.675 0.01)
(0.156 0.675 0.01)
(0.162 0.675 0.01)
(0.168 0.675 0.01)
(0.174 0.675 0.01)
(0.18 0.675 0.01)
(0.186 0.675 0.01)
(0.192 0.675 0.01)
(0.198 0.675 0.01)
(0.204 0.675 0.01)
(0.21 0.675 0.01)
(0.216 0.675 0.01)
(0.222 0.675 0.01)
(0.228 0.675 0.01)
(0.234 0.675 0.01)
(0.24 0.675 0.01)
(0.246 0.675 0.01)
(0.252 0.675 0.01)
(0.258 0.675 0.01)
(0.264 0.675 0.01)
(0.27 0.675 0.01)
(0.276 0.675 0.01)
(0.282 0.675 0.01)
(0.288 0.675 0.01)
(0.294 0.675 0.01)
(0.3 0.675 0.01)
(0.306 0.675 0.01)
(0.312 0.675 0.01)
(0.318 0.675 0.01)
(0.324 0.675 0.01)
(0.33 0.675 0.01)
(0.336 0.675 0.01)
(0.342 0.675 0.01)
(0.348 0.675 0.01)
(0.354 0.675 0.01)
(0.36 0.675 0.01)
(0 0.68 0.01)
(0.006 0.68 0.01)
(0.012 0.68 0.01)
(0.018 0.68 0.01)
(0.024 0.68 0.01)
(0.03 0.68 0.01)
(0.036 0.68 0.01)
(0.042 0.68 0.01)
(0.048 0.68 0.01)
(0.054 0.68 0.01)
(0.06 0.68 0.01)
(0.066 0.68 0.01)
(0.072 0.68 0.01)
(0.078 0.68 0.01)
(0.084 0.68 0.01)
(0.09 0.68 0.01)
(0.096 0.68 0.01)
(0.102 0.68 0.01)
(0.108 0.68 0.01)
(0.114 0.68 0.01)
(0.12 0.68 0.01)
(0.126 0.68 0.01)
(0.132 0.68 0.01)
(0.138 0.68 0.01)
(0.144 0.68 0.01)
(0.15 0.68 0.01)
(0.156 0.68 0.01)
(0.162 0.68 0.01)
(0.168 0.68 0.01)
(0.174 0.68 0.01)
(0.18 0.68 0.01)
(0.186 0.68 0.01)
(0.192 0.68 0.01)
(0.198 0.68 0.01)
(0.204 0.68 0.01)
(0.21 0.68 0.01)
(0.216 0.68 0.01)
(0.222 0.68 0.01)
(0.228 0.68 0.01)
(0.234 0.68 0.01)
(0.24 0.68 0.01)
(0.246 0.68 0.01)
(0.252 0.68 0.01)
(0.258 0.68 0.01)
(0.264 0.68 0.01)
(0.27 0.68 0.01)
(0.276 0.68 0.01)
(0.282 0.68 0.01)
(0.288 0.68 0.01)
(0.294 0.68 0.01)
(0.3 0.68 0.01)
(0.306 0.68 0.01)
(0.312 0.68 0.01)
(0.318 0.68 0.01)
(0.324 0.68 0.01)
(0.33 0.68 0.01)
(0.336 0.68 0.01)
(0.342 0.68 0.01)
(0.348 0.68 0.01)
(0.354 0.68 0.01)
(0.36 0.68 0.01)
(0 0.685 0.01)
(0.006 0.685 0.01)
(0.012 0.685 0.01)
(0.018 0.685 0.01)
(0.024 0.685 0.01)
(0.03 0.685 0.01)
(0.036 0.685 0.01)
(0.042 0.685 0.01)
(0.048 0.685 0.01)
(0.054 0.685 0.01)
(0.06 0.685 0.01)
(0.066 0.685 0.01)
(0.072 0.685 0.01)
(0.078 0.685 0.01)
(0.084 0.685 0.01)
(0.09 0.685 0.01)
(0.096 0.685 0.01)
(0.102 0.685 0.01)
(0.108 0.685 0.01)
(0.114 0.685 0.01)
(0.12 0.685 0.01)
(0.126 0.685 0.01)
(0.132 0.685 0.01)
(0.138 0.685 0.01)
(0.144 0.685 0.01)
(0.15 0.685 0.01)
(0.156 0.685 0.01)
(0.162 0.685 0.01)
(0.168 0.685 0.01)
(0.174 0.685 0.01)
(0.18 0.685 0.01)
(0.186 0.685 0.01)
(0.192 0.685 0.01)
(0.198 0.685 0.01)
(0.204 0.685 0.01)
(0.21 0.685 0.01)
(0.216 0.685 0.01)
(0.222 0.685 0.01)
(0.228 0.685 0.01)
(0.234 0.685 0.01)
(0.24 0.685 0.01)
(0.246 0.685 0.01)
(0.252 0.685 0.01)
(0.258 0.685 0.01)
(0.264 0.685 0.01)
(0.27 0.685 0.01)
(0.276 0.685 0.01)
(0.282 0.685 0.01)
(0.288 0.685 0.01)
(0.294 0.685 0.01)
(0.3 0.685 0.01)
(0.306 0.685 0.01)
(0.312 0.685 0.01)
(0.318 0.685 0.01)
(0.324 0.685 0.01)
(0.33 0.685 0.01)
(0.336 0.685 0.01)
(0.342 0.685 0.01)
(0.348 0.685 0.01)
(0.354 0.685 0.01)
(0.36 0.685 0.01)
(0 0.69 0.01)
(0.006 0.69 0.01)
(0.012 0.69 0.01)
(0.018 0.69 0.01)
(0.024 0.69 0.01)
(0.03 0.69 0.01)
(0.036 0.69 0.01)
(0.042 0.69 0.01)
(0.048 0.69 0.01)
(0.054 0.69 0.01)
(0.06 0.69 0.01)
(0.066 0.69 0.01)
(0.072 0.69 0.01)
(0.078 0.69 0.01)
(0.084 0.69 0.01)
(0.09 0.69 0.01)
(0.096 0.69 0.01)
(0.102 0.69 0.01)
(0.108 0.69 0.01)
(0.114 0.69 0.01)
(0.12 0.69 0.01)
(0.126 0.69 0.01)
(0.132 0.69 0.01)
(0.138 0.69 0.01)
(0.144 0.69 0.01)
(0.15 0.69 0.01)
(0.156 0.69 0.01)
(0.162 0.69 0.01)
(0.168 0.69 0.01)
(0.174 0.69 0.01)
(0.18 0.69 0.01)
(0.186 0.69 0.01)
(0.192 0.69 0.01)
(0.198 0.69 0.01)
(0.204 0.69 0.01)
(0.21 0.69 0.01)
(0.216 0.69 0.01)
(0.222 0.69 0.01)
(0.228 0.69 0.01)
(0.234 0.69 0.01)
(0.24 0.69 0.01)
(0.246 0.69 0.01)
(0.252 0.69 0.01)
(0.258 0.69 0.01)
(0.264 0.69 0.01)
(0.27 0.69 0.01)
(0.276 0.69 0.01)
(0.282 0.69 0.01)
(0.288 0.69 0.01)
(0.294 0.69 0.01)
(0.3 0.69 0.01)
(0.306 0.69 0.01)
(0.312 0.69 0.01)
(0.318 0.69 0.01)
(0.324 0.69 0.01)
(0.33 0.69 0.01)
(0.336 0.69 0.01)
(0.342 0.69 0.01)
(0.348 0.69 0.01)
(0.354 0.69 0.01)
(0.36 0.69 0.01)
(0 0.695 0.01)
(0.006 0.695 0.01)
(0.012 0.695 0.01)
(0.018 0.695 0.01)
(0.024 0.695 0.01)
(0.03 0.695 0.01)
(0.036 0.695 0.01)
(0.042 0.695 0.01)
(0.048 0.695 0.01)
(0.054 0.695 0.01)
(0.06 0.695 0.01)
(0.066 0.695 0.01)
(0.072 0.695 0.01)
(0.078 0.695 0.01)
(0.084 0.695 0.01)
(0.09 0.695 0.01)
(0.096 0.695 0.01)
(0.102 0.695 0.01)
(0.108 0.695 0.01)
(0.114 0.695 0.01)
(0.12 0.695 0.01)
(0.126 0.695 0.01)
(0.132 0.695 0.01)
(0.138 0.695 0.01)
(0.144 0.695 0.01)
(0.15 0.695 0.01)
(0.156 0.695 0.01)
(0.162 0.695 0.01)
(0.168 0.695 0.01)
(0.174 0.695 0.01)
(0.18 0.695 0.01)
(0.186 0.695 0.01)
(0.192 0.695 0.01)
(0.198 0.695 0.01)
(0.204 0.695 0.01)
(0.21 0.695 0.01)
(0.216 0.695 0.01)
(0.222 0.695 0.01)
(0.228 0.695 0.01)
(0.234 0.695 0.01)
(0.24 0.695 0.01)
(0.246 0.695 0.01)
(0.252 0.695 0.01)
(0.258 0.695 0.01)
(0.264 0.695 0.01)
(0.27 0.695 0.01)
(0.276 0.695 0.01)
(0.282 0.695 0.01)
(0.288 0.695 0.01)
(0.294 0.695 0.01)
(0.3 0.695 0.01)
(0.306 0.695 0.01)
(0.312 0.695 0.01)
(0.318 0.695 0.01)
(0.324 0.695 0.01)
(0.33 0.695 0.01)
(0.336 0.695 0.01)
(0.342 0.695 0.01)
(0.348 0.695 0.01)
(0.354 0.695 0.01)
(0.36 0.695 0.01)
(0 0.7 0.01)
(0.006 0.7 0.01)
(0.012 0.7 0.01)
(0.018 0.7 0.01)
(0.024 0.7 0.01)
(0.03 0.7 0.01)
(0.036 0.7 0.01)
(0.042 0.7 0.01)
(0.048 0.7 0.01)
(0.054 0.7 0.01)
(0.06 0.7 0.01)
(0.066 0.7 0.01)
(0.072 0.7 0.01)
(0.078 0.7 0.01)
(0.084 0.7 0.01)
(0.09 0.7 0.01)
(0.096 0.7 0.01)
(0.102 0.7 0.01)
(0.108 0.7 0.01)
(0.114 0.7 0.01)
(0.12 0.7 0.01)
(0.126 0.7 0.01)
(0.132 0.7 0.01)
(0.138 0.7 0.01)
(0.144 0.7 0.01)
(0.15 0.7 0.01)
(0.156 0.7 0.01)
(0.162 0.7 0.01)
(0.168 0.7 0.01)
(0.174 0.7 0.01)
(0.18 0.7 0.01)
(0.186 0.7 0.01)
(0.192 0.7 0.01)
(0.198 0.7 0.01)
(0.204 0.7 0.01)
(0.21 0.7 0.01)
(0.216 0.7 0.01)
(0.222 0.7 0.01)
(0.228 0.7 0.01)
(0.234 0.7 0.01)
(0.24 0.7 0.01)
(0.246 0.7 0.01)
(0.252 0.7 0.01)
(0.258 0.7 0.01)
(0.264 0.7 0.01)
(0.27 0.7 0.01)
(0.276 0.7 0.01)
(0.282 0.7 0.01)
(0.288 0.7 0.01)
(0.294 0.7 0.01)
(0.3 0.7 0.01)
(0.306 0.7 0.01)
(0.312 0.7 0.01)
(0.318 0.7 0.01)
(0.324 0.7 0.01)
(0.33 0.7 0.01)
(0.336 0.7 0.01)
(0.342 0.7 0.01)
(0.348 0.7 0.01)
(0.354 0.7 0.01)
(0.36 0.7 0.01)
)


// ************************************************************************* //
