/*--------------------------------*- C++ -*----------------------------------*\
  =========                 |
  \\      /  F ield         | OpenFOAM: The Open Source CFD Toolbox
   \\    /   O peration     | Website:  https://openfoam.org
    \\  /    A nd           | Version:  12
     \\/     M anipulation  |
\*---------------------------------------------------------------------------*/
FoamFile
{
    format      ascii;
    class       labelList;
    note        "nPoints: 22143 nCells: 14400 nFaces: 50760 nInternalFaces: 35640";
    location    "constant/polyMesh";
    object      neighbour;
}
// * * * * * * * * * * * * * * * * * * * * * * * * * * * * * * * * * * * * * //


35640
(
1
60
120
2
61
121
3
62
122
4
63
123
5
64
124
6
65
125
7
66
126
8
67
127
9
68
128
10
69
129
11
70
130
12
71
131
13
72
132
14
73
133
15
74
134
16
75
135
17
76
136
18
77
137
19
78
138
20
79
139
21
80
140
22
81
141
23
82
142
24
83
143
25
84
144
26
85
145
27
86
146
28
87
147
29
88
148
30
89
149
31
90
150
32
91
151
33
92
152
34
93
153
35
94
154
36
95
155
37
96
156
38
97
157
39
98
158
40
99
159
41
100
160
42
101
161
43
102
162
44
103
163
45
104
164
46
105
165
47
106
166
48
107
167
49
108
168
50
109
169
51
110
170
52
111
171
53
112
172
54
113
173
55
114
174
56
115
175
57
116
176
58
117
177
59
118
178
119
179
61
180
62
181
63
182
64
183
65
184
66
185
67
186
68
187
69
188
70
189
71
190
72
191
73
192
74
193
75
194
76
195
77
196
78
197
79
198
80
199
81
200
82
201
83
202
84
203
85
204
86
205
87
206
88
207
89
208
90
209
91
210
92
211
93
212
94
213
95
214
96
215
97
216
98
217
99
218
100
219
101
220
102
221
103
222
104
223
105
224
106
225
107
226
108
227
109
228
110
229
111
230
112
231
113
232
114
233
115
234
116
235
117
236
118
237
119
238
239
121
180
240
122
181
241
123
182
242
124
183
243
125
184
244
126
185
245
127
186
246
128
187
247
129
188
248
130
189
249
131
190
250
132
191
251
133
192
252
134
193
253
135
194
254
136
195
255
137
196
256
138
197
257
139
198
258
140
199
259
141
200
260
142
201
261
143
202
262
144
203
263
145
204
264
146
205
265
147
206
266
148
207
267
149
208
268
150
209
269
151
210
270
152
211
271
153
212
272
154
213
273
155
214
274
156
215
275
157
216
276
158
217
277
159
218
278
160
219
279
161
220
280
162
221
281
163
222
282
164
223
283
165
224
284
166
225
285
167
226
286
168
227
287
169
228
288
170
229
289
171
230
290
172
231
291
173
232
292
174
233
293
175
234
294
176
235
295
177
236
296
178
237
297
179
238
298
239
299
181
300
182
301
183
302
184
303
185
304
186
305
187
306
188
307
189
308
190
309
191
310
192
311
193
312
194
313
195
314
196
315
197
316
198
317
199
318
200
319
201
320
202
321
203
322
204
323
205
324
206
325
207
326
208
327
209
328
210
329
211
330
212
331
213
332
214
333
215
334
216
335
217
336
218
337
219
338
220
339
221
340
222
341
223
342
224
343
225
344
226
345
227
346
228
347
229
348
230
349
231
350
232
351
233
352
234
353
235
354
236
355
237
356
238
357
239
358
359
241
300
360
242
301
361
243
302
362
244
303
363
245
304
364
246
305
365
247
306
366
248
307
367
249
308
368
250
309
369
251
310
370
252
311
371
253
312
372
254
313
373
255
314
374
256
315
375
257
316
376
258
317
377
259
318
378
260
319
379
261
320
380
262
321
381
263
322
382
264
323
383
265
324
384
266
325
385
267
326
386
268
327
387
269
328
388
270
329
389
271
330
390
272
331
391
273
332
392
274
333
393
275
334
394
276
335
395
277
336
396
278
337
397
279
338
398
280
339
399
281
340
400
282
341
401
283
342
402
284
343
403
285
344
404
286
345
405
287
346
406
288
347
407
289
348
408
290
349
409
291
350
410
292
351
411
293
352
412
294
353
413
295
354
414
296
355
415
297
356
416
298
357
417
299
358
418
359
419
301
420
302
421
303
422
304
423
305
424
306
425
307
426
308
427
309
428
310
429
311
430
312
431
313
432
314
433
315
434
316
435
317
436
318
437
319
438
320
439
321
440
322
441
323
442
324
443
325
444
326
445
327
446
328
447
329
448
330
449
331
450
332
451
333
452
334
453
335
454
336
455
337
456
338
457
339
458
340
459
341
460
342
461
343
462
344
463
345
464
346
465
347
466
348
467
349
468
350
469
351
470
352
471
353
472
354
473
355
474
356
475
357
476
358
477
359
478
479
361
420
480
362
421
481
363
422
482
364
423
483
365
424
484
366
425
485
367
426
486
368
427
487
369
428
488
370
429
489
371
430
490
372
431
491
373
432
492
374
433
493
375
434
494
376
435
495
377
436
496
378
437
497
379
438
498
380
439
499
381
440
500
382
441
501
383
442
502
384
443
503
385
444
504
386
445
505
387
446
506
388
447
507
389
448
508
390
449
509
391
450
510
392
451
511
393
452
512
394
453
513
395
454
514
396
455
515
397
456
516
398
457
517
399
458
518
400
459
519
401
460
520
402
461
521
403
462
522
404
463
523
405
464
524
406
465
525
407
466
526
408
467
527
409
468
528
410
469
529
411
470
530
412
471
531
413
472
532
414
473
533
415
474
534
416
475
535
417
476
536
418
477
537
419
478
538
479
539
421
540
422
541
423
542
424
543
425
544
426
545
427
546
428
547
429
548
430
549
431
550
432
551
433
552
434
553
435
554
436
555
437
556
438
557
439
558
440
559
441
560
442
561
443
562
444
563
445
564
446
565
447
566
448
567
449
568
450
569
451
570
452
571
453
572
454
573
455
574
456
575
457
576
458
577
459
578
460
579
461
580
462
581
463
582
464
583
465
584
466
585
467
586
468
587
469
588
470
589
471
590
472
591
473
592
474
593
475
594
476
595
477
596
478
597
479
598
599
481
540
600
482
541
601
483
542
602
484
543
603
485
544
604
486
545
605
487
546
606
488
547
607
489
548
608
490
549
609
491
550
610
492
551
611
493
552
612
494
553
613
495
554
614
496
555
615
497
556
616
498
557
617
499
558
618
500
559
619
501
560
620
502
561
621
503
562
622
504
563
623
505
564
624
506
565
625
507
566
626
508
567
627
509
568
628
510
569
629
511
570
630
512
571
631
513
572
632
514
573
633
515
574
634
516
575
635
517
576
636
518
577
637
519
578
638
520
579
639
521
580
640
522
581
641
523
582
642
524
583
643
525
584
644
526
585
645
527
586
646
528
587
647
529
588
648
530
589
649
531
590
650
532
591
651
533
592
652
534
593
653
535
594
654
536
595
655
537
596
656
538
597
657
539
598
658
599
659
541
660
542
661
543
662
544
663
545
664
546
665
547
666
548
667
549
668
550
669
551
670
552
671
553
672
554
673
555
674
556
675
557
676
558
677
559
678
560
679
561
680
562
681
563
682
564
683
565
684
566
685
567
686
568
687
569
688
570
689
571
690
572
691
573
692
574
693
575
694
576
695
577
696
578
697
579
698
580
699
581
700
582
701
583
702
584
703
585
704
586
705
587
706
588
707
589
708
590
709
591
710
592
711
593
712
594
713
595
714
596
715
597
716
598
717
599
718
719
601
660
720
602
661
721
603
662
722
604
663
723
605
664
724
606
665
725
607
666
726
608
667
727
609
668
728
610
669
729
611
670
730
612
671
731
613
672
732
614
673
733
615
674
734
616
675
735
617
676
736
618
677
737
619
678
738
620
679
739
621
680
740
622
681
741
623
682
742
624
683
743
625
684
744
626
685
745
627
686
746
628
687
747
629
688
748
630
689
749
631
690
750
632
691
751
633
692
752
634
693
753
635
694
754
636
695
755
637
696
756
638
697
757
639
698
758
640
699
759
641
700
760
642
701
761
643
702
762
644
703
763
645
704
764
646
705
765
647
706
766
648
707
767
649
708
768
650
709
769
651
710
770
652
711
771
653
712
772
654
713
773
655
714
774
656
715
775
657
716
776
658
717
777
659
718
778
719
779
661
780
662
781
663
782
664
783
665
784
666
785
667
786
668
787
669
788
670
789
671
790
672
791
673
792
674
793
675
794
676
795
677
796
678
797
679
798
680
799
681
800
682
801
683
802
684
803
685
804
686
805
687
806
688
807
689
808
690
809
691
810
692
811
693
812
694
813
695
814
696
815
697
816
698
817
699
818
700
819
701
820
702
821
703
822
704
823
705
824
706
825
707
826
708
827
709
828
710
829
711
830
712
831
713
832
714
833
715
834
716
835
717
836
718
837
719
838
839
721
780
840
722
781
841
723
782
842
724
783
843
725
784
844
726
785
845
727
786
846
728
787
847
729
788
848
730
789
849
731
790
850
732
791
851
733
792
852
734
793
853
735
794
854
736
795
855
737
796
856
738
797
857
739
798
858
740
799
859
741
800
860
742
801
861
743
802
862
744
803
863
745
804
864
746
805
865
747
806
866
748
807
867
749
808
868
750
809
869
751
810
870
752
811
871
753
812
872
754
813
873
755
814
874
756
815
875
757
816
876
758
817
877
759
818
878
760
819
879
761
820
880
762
821
881
763
822
882
764
823
883
765
824
884
766
825
885
767
826
886
768
827
887
769
828
888
770
829
889
771
830
890
772
831
891
773
832
892
774
833
893
775
834
894
776
835
895
777
836
896
778
837
897
779
838
898
839
899
781
900
782
901
783
902
784
903
785
904
786
905
787
906
788
907
789
908
790
909
791
910
792
911
793
912
794
913
795
914
796
915
797
916
798
917
799
918
800
919
801
920
802
921
803
922
804
923
805
924
806
925
807
926
808
927
809
928
810
929
811
930
812
931
813
932
814
933
815
934
816
935
817
936
818
937
819
938
820
939
821
940
822
941
823
942
824
943
825
944
826
945
827
946
828
947
829
948
830
949
831
950
832
951
833
952
834
953
835
954
836
955
837
956
838
957
839
958
959
841
900
960
842
901
961
843
902
962
844
903
963
845
904
964
846
905
965
847
906
966
848
907
967
849
908
968
850
909
969
851
910
970
852
911
971
853
912
972
854
913
973
855
914
974
856
915
975
857
916
976
858
917
977
859
918
978
860
919
979
861
920
980
862
921
981
863
922
982
864
923
983
865
924
984
866
925
985
867
926
986
868
927
987
869
928
988
870
929
989
871
930
990
872
931
991
873
932
992
874
933
993
875
934
994
876
935
995
877
936
996
878
937
997
879
938
998
880
939
999
881
940
1000
882
941
1001
883
942
1002
884
943
1003
885
944
1004
886
945
1005
887
946
1006
888
947
1007
889
948
1008
890
949
1009
891
950
1010
892
951
1011
893
952
1012
894
953
1013
895
954
1014
896
955
1015
897
956
1016
898
957
1017
899
958
1018
959
1019
901
1020
902
1021
903
1022
904
1023
905
1024
906
1025
907
1026
908
1027
909
1028
910
1029
911
1030
912
1031
913
1032
914
1033
915
1034
916
1035
917
1036
918
1037
919
1038
920
1039
921
1040
922
1041
923
1042
924
1043
925
1044
926
1045
927
1046
928
1047
929
1048
930
1049
931
1050
932
1051
933
1052
934
1053
935
1054
936
1055
937
1056
938
1057
939
1058
940
1059
941
1060
942
1061
943
1062
944
1063
945
1064
946
1065
947
1066
948
1067
949
1068
950
1069
951
1070
952
1071
953
1072
954
1073
955
1074
956
1075
957
1076
958
1077
959
1078
1079
961
1020
1080
962
1021
1081
963
1022
1082
964
1023
1083
965
1024
1084
966
1025
1085
967
1026
1086
968
1027
1087
969
1028
1088
970
1029
1089
971
1030
1090
972
1031
1091
973
1032
1092
974
1033
1093
975
1034
1094
976
1035
1095
977
1036
1096
978
1037
1097
979
1038
1098
980
1039
1099
981
1040
1100
982
1041
1101
983
1042
1102
984
1043
1103
985
1044
1104
986
1045
1105
987
1046
1106
988
1047
1107
989
1048
1108
990
1049
1109
991
1050
1110
992
1051
1111
993
1052
1112
994
1053
1113
995
1054
1114
996
1055
1115
997
1056
1116
998
1057
1117
999
1058
1118
1000
1059
1119
1001
1060
1120
1002
1061
1121
1003
1062
1122
1004
1063
1123
1005
1064
1124
1006
1065
1125
1007
1066
1126
1008
1067
1127
1009
1068
1128
1010
1069
1129
1011
1070
1130
1012
1071
1131
1013
1072
1132
1014
1073
1133
1015
1074
1134
1016
1075
1135
1017
1076
1136
1018
1077
1137
1019
1078
1138
1079
1139
1021
1140
1022
1141
1023
1142
1024
1143
1025
1144
1026
1145
1027
1146
1028
1147
1029
1148
1030
1149
1031
1150
1032
1151
1033
1152
1034
1153
1035
1154
1036
1155
1037
1156
1038
1157
1039
1158
1040
1159
1041
1160
1042
1161
1043
1162
1044
1163
1045
1164
1046
1165
1047
1166
1048
1167
1049
1168
1050
1169
1051
1170
1052
1171
1053
1172
1054
1173
1055
1174
1056
1175
1057
1176
1058
1177
1059
1178
1060
1179
1061
1180
1062
1181
1063
1182
1064
1183
1065
1184
1066
1185
1067
1186
1068
1187
1069
1188
1070
1189
1071
1190
1072
1191
1073
1192
1074
1193
1075
1194
1076
1195
1077
1196
1078
1197
1079
1198
1199
1081
1140
1200
1082
1141
1201
1083
1142
1202
1084
1143
1203
1085
1144
1204
1086
1145
1205
1087
1146
1206
1088
1147
1207
1089
1148
1208
1090
1149
1209
1091
1150
1210
1092
1151
1211
1093
1152
1212
1094
1153
1213
1095
1154
1214
1096
1155
1215
1097
1156
1216
1098
1157
1217
1099
1158
1218
1100
1159
1219
1101
1160
1220
1102
1161
1221
1103
1162
1222
1104
1163
1223
1105
1164
1224
1106
1165
1225
1107
1166
1226
1108
1167
1227
1109
1168
1228
1110
1169
1229
1111
1170
1230
1112
1171
1231
1113
1172
1232
1114
1173
1233
1115
1174
1234
1116
1175
1235
1117
1176
1236
1118
1177
1237
1119
1178
1238
1120
1179
1239
1121
1180
1240
1122
1181
1241
1123
1182
1242
1124
1183
1243
1125
1184
1244
1126
1185
1245
1127
1186
1246
1128
1187
1247
1129
1188
1248
1130
1189
1249
1131
1190
1250
1132
1191
1251
1133
1192
1252
1134
1193
1253
1135
1194
1254
1136
1195
1255
1137
1196
1256
1138
1197
1257
1139
1198
1258
1199
1259
1141
1260
1142
1261
1143
1262
1144
1263
1145
1264
1146
1265
1147
1266
1148
1267
1149
1268
1150
1269
1151
1270
1152
1271
1153
1272
1154
1273
1155
1274
1156
1275
1157
1276
1158
1277
1159
1278
1160
1279
1161
1280
1162
1281
1163
1282
1164
1283
1165
1284
1166
1285
1167
1286
1168
1287
1169
1288
1170
1289
1171
1290
1172
1291
1173
1292
1174
1293
1175
1294
1176
1295
1177
1296
1178
1297
1179
1298
1180
1299
1181
1300
1182
1301
1183
1302
1184
1303
1185
1304
1186
1305
1187
1306
1188
1307
1189
1308
1190
1309
1191
1310
1192
1311
1193
1312
1194
1313
1195
1314
1196
1315
1197
1316
1198
1317
1199
1318
1319
1201
1260
1320
1202
1261
1321
1203
1262
1322
1204
1263
1323
1205
1264
1324
1206
1265
1325
1207
1266
1326
1208
1267
1327
1209
1268
1328
1210
1269
1329
1211
1270
1330
1212
1271
1331
1213
1272
1332
1214
1273
1333
1215
1274
1334
1216
1275
1335
1217
1276
1336
1218
1277
1337
1219
1278
1338
1220
1279
1339
1221
1280
1340
1222
1281
1341
1223
1282
1342
1224
1283
1343
1225
1284
1344
1226
1285
1345
1227
1286
1346
1228
1287
1347
1229
1288
1348
1230
1289
1349
1231
1290
1350
1232
1291
1351
1233
1292
1352
1234
1293
1353
1235
1294
1354
1236
1295
1355
1237
1296
1356
1238
1297
1357
1239
1298
1358
1240
1299
1359
1241
1300
1360
1242
1301
1361
1243
1302
1362
1244
1303
1363
1245
1304
1364
1246
1305
1365
1247
1306
1366
1248
1307
1367
1249
1308
1368
1250
1309
1369
1251
1310
1370
1252
1311
1371
1253
1312
1372
1254
1313
1373
1255
1314
1374
1256
1315
1375
1257
1316
1376
1258
1317
1377
1259
1318
1378
1319
1379
1261
1380
1262
1381
1263
1382
1264
1383
1265
1384
1266
1385
1267
1386
1268
1387
1269
1388
1270
1389
1271
1390
1272
1391
1273
1392
1274
1393
1275
1394
1276
1395
1277
1396
1278
1397
1279
1398
1280
1399
1281
1400
1282
1401
1283
1402
1284
1403
1285
1404
1286
1405
1287
1406
1288
1407
1289
1408
1290
1409
1291
1410
1292
1411
1293
1412
1294
1413
1295
1414
1296
1415
1297
1416
1298
1417
1299
1418
1300
1419
1301
1420
1302
1421
1303
1422
1304
1423
1305
1424
1306
1425
1307
1426
1308
1427
1309
1428
1310
1429
1311
1430
1312
1431
1313
1432
1314
1433
1315
1434
1316
1435
1317
1436
1318
1437
1319
1438
1439
1321
1380
1440
1322
1381
1441
1323
1382
1442
1324
1383
1443
1325
1384
1444
1326
1385
1445
1327
1386
1446
1328
1387
1447
1329
1388
1448
1330
1389
1449
1331
1390
1450
1332
1391
1451
1333
1392
1452
1334
1393
1453
1335
1394
1454
1336
1395
1455
1337
1396
1456
1338
1397
1457
1339
1398
1458
1340
1399
1459
1341
1400
1460
1342
1401
1461
1343
1402
1462
1344
1403
1463
1345
1404
1464
1346
1405
1465
1347
1406
1466
1348
1407
1467
1349
1408
1468
1350
1409
1469
1351
1410
1470
1352
1411
1471
1353
1412
1472
1354
1413
1473
1355
1414
1474
1356
1415
1475
1357
1416
1476
1358
1417
1477
1359
1418
1478
1360
1419
1479
1361
1420
1480
1362
1421
1481
1363
1422
1482
1364
1423
1483
1365
1424
1484
1366
1425
1485
1367
1426
1486
1368
1427
1487
1369
1428
1488
1370
1429
1489
1371
1430
1490
1372
1431
1491
1373
1432
1492
1374
1433
1493
1375
1434
1494
1376
1435
1495
1377
1436
1496
1378
1437
1497
1379
1438
1498
1439
1499
1381
1500
1382
1501
1383
1502
1384
1503
1385
1504
1386
1505
1387
1506
1388
1507
1389
1508
1390
1509
1391
1510
1392
1511
1393
1512
1394
1513
1395
1514
1396
1515
1397
1516
1398
1517
1399
1518
1400
1519
1401
1520
1402
1521
1403
1522
1404
1523
1405
1524
1406
1525
1407
1526
1408
1527
1409
1528
1410
1529
1411
1530
1412
1531
1413
1532
1414
1533
1415
1534
1416
1535
1417
1536
1418
1537
1419
1538
1420
1539
1421
1540
1422
1541
1423
1542
1424
1543
1425
1544
1426
1545
1427
1546
1428
1547
1429
1548
1430
1549
1431
1550
1432
1551
1433
1552
1434
1553
1435
1554
1436
1555
1437
1556
1438
1557
1439
1558
1559
1441
1500
1560
1442
1501
1561
1443
1502
1562
1444
1503
1563
1445
1504
1564
1446
1505
1565
1447
1506
1566
1448
1507
1567
1449
1508
1568
1450
1509
1569
1451
1510
1570
1452
1511
1571
1453
1512
1572
1454
1513
1573
1455
1514
1574
1456
1515
1575
1457
1516
1576
1458
1517
1577
1459
1518
1578
1460
1519
1579
1461
1520
1580
1462
1521
1581
1463
1522
1582
1464
1523
1583
1465
1524
1584
1466
1525
1585
1467
1526
1586
1468
1527
1587
1469
1528
1588
1470
1529
1589
1471
1530
1590
1472
1531
1591
1473
1532
1592
1474
1533
1593
1475
1534
1594
1476
1535
1595
1477
1536
1596
1478
1537
1597
1479
1538
1598
1480
1539
1599
1481
1540
1600
1482
1541
1601
1483
1542
1602
1484
1543
1603
1485
1544
1604
1486
1545
1605
1487
1546
1606
1488
1547
1607
1489
1548
1608
1490
1549
1609
1491
1550
1610
1492
1551
1611
1493
1552
1612
1494
1553
1613
1495
1554
1614
1496
1555
1615
1497
1556
1616
1498
1557
1617
1499
1558
1618
1559
1619
1501
1620
1502
1621
1503
1622
1504
1623
1505
1624
1506
1625
1507
1626
1508
1627
1509
1628
1510
1629
1511
1630
1512
1631
1513
1632
1514
1633
1515
1634
1516
1635
1517
1636
1518
1637
1519
1638
1520
1639
1521
1640
1522
1641
1523
1642
1524
1643
1525
1644
1526
1645
1527
1646
1528
1647
1529
1648
1530
1649
1531
1650
1532
1651
1533
1652
1534
1653
1535
1654
1536
1655
1537
1656
1538
1657
1539
1658
1540
1659
1541
1660
1542
1661
1543
1662
1544
1663
1545
1664
1546
1665
1547
1666
1548
1667
1549
1668
1550
1669
1551
1670
1552
1671
1553
1672
1554
1673
1555
1674
1556
1675
1557
1676
1558
1677
1559
1678
1679
1561
1620
1680
1562
1621
1681
1563
1622
1682
1564
1623
1683
1565
1624
1684
1566
1625
1685
1567
1626
1686
1568
1627
1687
1569
1628
1688
1570
1629
1689
1571
1630
1690
1572
1631
1691
1573
1632
1692
1574
1633
1693
1575
1634
1694
1576
1635
1695
1577
1636
1696
1578
1637
1697
1579
1638
1698
1580
1639
1699
1581
1640
1700
1582
1641
1701
1583
1642
1702
1584
1643
1703
1585
1644
1704
1586
1645
1705
1587
1646
1706
1588
1647
1707
1589
1648
1708
1590
1649
1709
1591
1650
1710
1592
1651
1711
1593
1652
1712
1594
1653
1713
1595
1654
1714
1596
1655
1715
1597
1656
1716
1598
1657
1717
1599
1658
1718
1600
1659
1719
1601
1660
1720
1602
1661
1721
1603
1662
1722
1604
1663
1723
1605
1664
1724
1606
1665
1725
1607
1666
1726
1608
1667
1727
1609
1668
1728
1610
1669
1729
1611
1670
1730
1612
1671
1731
1613
1672
1732
1614
1673
1733
1615
1674
1734
1616
1675
1735
1617
1676
1736
1618
1677
1737
1619
1678
1738
1679
1739
1621
1740
1622
1741
1623
1742
1624
1743
1625
1744
1626
1745
1627
1746
1628
1747
1629
1748
1630
1749
1631
1750
1632
1751
1633
1752
1634
1753
1635
1754
1636
1755
1637
1756
1638
1757
1639
1758
1640
1759
1641
1760
1642
1761
1643
1762
1644
1763
1645
1764
1646
1765
1647
1766
1648
1767
1649
1768
1650
1769
1651
1770
1652
1771
1653
1772
1654
1773
1655
1774
1656
1775
1657
1776
1658
1777
1659
1778
1660
1779
1661
1780
1662
1781
1663
1782
1664
1783
1665
1784
1666
1785
1667
1786
1668
1787
1669
1788
1670
1789
1671
1790
1672
1791
1673
1792
1674
1793
1675
1794
1676
1795
1677
1796
1678
1797
1679
1798
1799
1681
1740
1800
1682
1741
1801
1683
1742
1802
1684
1743
1803
1685
1744
1804
1686
1745
1805
1687
1746
1806
1688
1747
1807
1689
1748
1808
1690
1749
1809
1691
1750
1810
1692
1751
1811
1693
1752
1812
1694
1753
1813
1695
1754
1814
1696
1755
1815
1697
1756
1816
1698
1757
1817
1699
1758
1818
1700
1759
1819
1701
1760
1820
1702
1761
1821
1703
1762
1822
1704
1763
1823
1705
1764
1824
1706
1765
1825
1707
1766
1826
1708
1767
1827
1709
1768
1828
1710
1769
1829
1711
1770
1830
1712
1771
1831
1713
1772
1832
1714
1773
1833
1715
1774
1834
1716
1775
1835
1717
1776
1836
1718
1777
1837
1719
1778
1838
1720
1779
1839
1721
1780
1840
1722
1781
1841
1723
1782
1842
1724
1783
1843
1725
1784
1844
1726
1785
1845
1727
1786
1846
1728
1787
1847
1729
1788
1848
1730
1789
1849
1731
1790
1850
1732
1791
1851
1733
1792
1852
1734
1793
1853
1735
1794
1854
1736
1795
1855
1737
1796
1856
1738
1797
1857
1739
1798
1858
1799
1859
1741
1860
1742
1861
1743
1862
1744
1863
1745
1864
1746
1865
1747
1866
1748
1867
1749
1868
1750
1869
1751
1870
1752
1871
1753
1872
1754
1873
1755
1874
1756
1875
1757
1876
1758
1877
1759
1878
1760
1879
1761
1880
1762
1881
1763
1882
1764
1883
1765
1884
1766
1885
1767
1886
1768
1887
1769
1888
1770
1889
1771
1890
1772
1891
1773
1892
1774
1893
1775
1894
1776
1895
1777
1896
1778
1897
1779
1898
1780
1899
1781
1900
1782
1901
1783
1902
1784
1903
1785
1904
1786
1905
1787
1906
1788
1907
1789
1908
1790
1909
1791
1910
1792
1911
1793
1912
1794
1913
1795
1914
1796
1915
1797
1916
1798
1917
1799
1918
1919
1801
1860
1920
1802
1861
1921
1803
1862
1922
1804
1863
1923
1805
1864
1924
1806
1865
1925
1807
1866
1926
1808
1867
1927
1809
1868
1928
1810
1869
1929
1811
1870
1930
1812
1871
1931
1813
1872
1932
1814
1873
1933
1815
1874
1934
1816
1875
1935
1817
1876
1936
1818
1877
1937
1819
1878
1938
1820
1879
1939
1821
1880
1940
1822
1881
1941
1823
1882
1942
1824
1883
1943
1825
1884
1944
1826
1885
1945
1827
1886
1946
1828
1887
1947
1829
1888
1948
1830
1889
1949
1831
1890
1950
1832
1891
1951
1833
1892
1952
1834
1893
1953
1835
1894
1954
1836
1895
1955
1837
1896
1956
1838
1897
1957
1839
1898
1958
1840
1899
1959
1841
1900
1960
1842
1901
1961
1843
1902
1962
1844
1903
1963
1845
1904
1964
1846
1905
1965
1847
1906
1966
1848
1907
1967
1849
1908
1968
1850
1909
1969
1851
1910
1970
1852
1911
1971
1853
1912
1972
1854
1913
1973
1855
1914
1974
1856
1915
1975
1857
1916
1976
1858
1917
1977
1859
1918
1978
1919
1979
1861
1980
1862
1981
1863
1982
1864
1983
1865
1984
1866
1985
1867
1986
1868
1987
1869
1988
1870
1989
1871
1990
1872
1991
1873
1992
1874
1993
1875
1994
1876
1995
1877
1996
1878
1997
1879
1998
1880
1999
1881
2000
1882
2001
1883
2002
1884
2003
1885
2004
1886
2005
1887
2006
1888
2007
1889
2008
1890
2009
1891
2010
1892
2011
1893
2012
1894
2013
1895
2014
1896
2015
1897
2016
1898
2017
1899
2018
1900
2019
1901
2020
1902
2021
1903
2022
1904
2023
1905
2024
1906
2025
1907
2026
1908
2027
1909
2028
1910
2029
1911
2030
1912
2031
1913
2032
1914
2033
1915
2034
1916
2035
1917
2036
1918
2037
1919
2038
2039
1921
1980
2040
1922
1981
2041
1923
1982
2042
1924
1983
2043
1925
1984
2044
1926
1985
2045
1927
1986
2046
1928
1987
2047
1929
1988
2048
1930
1989
2049
1931
1990
2050
1932
1991
2051
1933
1992
2052
1934
1993
2053
1935
1994
2054
1936
1995
2055
1937
1996
2056
1938
1997
2057
1939
1998
2058
1940
1999
2059
1941
2000
2060
1942
2001
2061
1943
2002
2062
1944
2003
2063
1945
2004
2064
1946
2005
2065
1947
2006
2066
1948
2007
2067
1949
2008
2068
1950
2009
2069
1951
2010
2070
1952
2011
2071
1953
2012
2072
1954
2013
2073
1955
2014
2074
1956
2015
2075
1957
2016
2076
1958
2017
2077
1959
2018
2078
1960
2019
2079
1961
2020
2080
1962
2021
2081
1963
2022
2082
1964
2023
2083
1965
2024
2084
1966
2025
2085
1967
2026
2086
1968
2027
2087
1969
2028
2088
1970
2029
2089
1971
2030
2090
1972
2031
2091
1973
2032
2092
1974
2033
2093
1975
2034
2094
1976
2035
2095
1977
2036
2096
1978
2037
2097
1979
2038
2098
2039
2099
1981
2100
1982
2101
1983
2102
1984
2103
1985
2104
1986
2105
1987
2106
1988
2107
1989
2108
1990
2109
1991
2110
1992
2111
1993
2112
1994
2113
1995
2114
1996
2115
1997
2116
1998
2117
1999
2118
2000
2119
2001
2120
2002
2121
2003
2122
2004
2123
2005
2124
2006
2125
2007
2126
2008
2127
2009
2128
2010
2129
2011
2130
2012
2131
2013
2132
2014
2133
2015
2134
2016
2135
2017
2136
2018
2137
2019
2138
2020
2139
2021
2140
2022
2141
2023
2142
2024
2143
2025
2144
2026
2145
2027
2146
2028
2147
2029
2148
2030
2149
2031
2150
2032
2151
2033
2152
2034
2153
2035
2154
2036
2155
2037
2156
2038
2157
2039
2158
2159
2041
2100
2160
2042
2101
2161
2043
2102
2162
2044
2103
2163
2045
2104
2164
2046
2105
2165
2047
2106
2166
2048
2107
2167
2049
2108
2168
2050
2109
2169
2051
2110
2170
2052
2111
2171
2053
2112
2172
2054
2113
2173
2055
2114
2174
2056
2115
2175
2057
2116
2176
2058
2117
2177
2059
2118
2178
2060
2119
2179
2061
2120
2180
2062
2121
2181
2063
2122
2182
2064
2123
2183
2065
2124
2184
2066
2125
2185
2067
2126
2186
2068
2127
2187
2069
2128
2188
2070
2129
2189
2071
2130
2190
2072
2131
2191
2073
2132
2192
2074
2133
2193
2075
2134
2194
2076
2135
2195
2077
2136
2196
2078
2137
2197
2079
2138
2198
2080
2139
2199
2081
2140
2200
2082
2141
2201
2083
2142
2202
2084
2143
2203
2085
2144
2204
2086
2145
2205
2087
2146
2206
2088
2147
2207
2089
2148
2208
2090
2149
2209
2091
2150
2210
2092
2151
2211
2093
2152
2212
2094
2153
2213
2095
2154
2214
2096
2155
2215
2097
2156
2216
2098
2157
2217
2099
2158
2218
2159
2219
2101
2220
2102
2221
2103
2222
2104
2223
2105
2224
2106
2225
2107
2226
2108
2227
2109
2228
2110
2229
2111
2230
2112
2231
2113
2232
2114
2233
2115
2234
2116
2235
2117
2236
2118
2237
2119
2238
2120
2239
2121
2240
2122
2241
2123
2242
2124
2243
2125
2244
2126
2245
2127
2246
2128
2247
2129
2248
2130
2249
2131
2250
2132
2251
2133
2252
2134
2253
2135
2254
2136
2255
2137
2256
2138
2257
2139
2258
2140
2259
2141
2260
2142
2261
2143
2262
2144
2263
2145
2264
2146
2265
2147
2266
2148
2267
2149
2268
2150
2269
2151
2270
2152
2271
2153
2272
2154
2273
2155
2274
2156
2275
2157
2276
2158
2277
2159
2278
2279
2161
2220
2280
2162
2221
2281
2163
2222
2282
2164
2223
2283
2165
2224
2284
2166
2225
2285
2167
2226
2286
2168
2227
2287
2169
2228
2288
2170
2229
2289
2171
2230
2290
2172
2231
2291
2173
2232
2292
2174
2233
2293
2175
2234
2294
2176
2235
2295
2177
2236
2296
2178
2237
2297
2179
2238
2298
2180
2239
2299
2181
2240
2300
2182
2241
2301
2183
2242
2302
2184
2243
2303
2185
2244
2304
2186
2245
2305
2187
2246
2306
2188
2247
2307
2189
2248
2308
2190
2249
2309
2191
2250
2310
2192
2251
2311
2193
2252
2312
2194
2253
2313
2195
2254
2314
2196
2255
2315
2197
2256
2316
2198
2257
2317
2199
2258
2318
2200
2259
2319
2201
2260
2320
2202
2261
2321
2203
2262
2322
2204
2263
2323
2205
2264
2324
2206
2265
2325
2207
2266
2326
2208
2267
2327
2209
2268
2328
2210
2269
2329
2211
2270
2330
2212
2271
2331
2213
2272
2332
2214
2273
2333
2215
2274
2334
2216
2275
2335
2217
2276
2336
2218
2277
2337
2219
2278
2338
2279
2339
2221
2340
2222
2341
2223
2342
2224
2343
2225
2344
2226
2345
2227
2346
2228
2347
2229
2348
2230
2349
2231
2350
2232
2351
2233
2352
2234
2353
2235
2354
2236
2355
2237
2356
2238
2357
2239
2358
2240
2359
2241
2360
2242
2361
2243
2362
2244
2363
2245
2364
2246
2365
2247
2366
2248
2367
2249
2368
2250
2369
2251
2370
2252
2371
2253
2372
2254
2373
2255
2374
2256
2375
2257
2376
2258
2377
2259
2378
2260
2379
2261
2380
2262
2381
2263
2382
2264
2383
2265
2384
2266
2385
2267
2386
2268
2387
2269
2388
2270
2389
2271
2390
2272
2391
2273
2392
2274
2393
2275
2394
2276
2395
2277
2396
2278
2397
2279
2398
2399
2281
2340
2400
2282
2341
2401
2283
2342
2402
2284
2343
2403
2285
2344
2404
2286
2345
2405
2287
2346
2406
2288
2347
2407
2289
2348
2408
2290
2349
2409
2291
2350
2410
2292
2351
2411
2293
2352
2412
2294
2353
2413
2295
2354
2414
2296
2355
2415
2297
2356
2416
2298
2357
2417
2299
2358
2418
2300
2359
2419
2301
2360
2420
2302
2361
2421
2303
2362
2422
2304
2363
2423
2305
2364
2424
2306
2365
2425
2307
2366
2426
2308
2367
2427
2309
2368
2428
2310
2369
2429
2311
2370
2430
2312
2371
2431
2313
2372
2432
2314
2373
2433
2315
2374
2434
2316
2375
2435
2317
2376
2436
2318
2377
2437
2319
2378
2438
2320
2379
2439
2321
2380
2440
2322
2381
2441
2323
2382
2442
2324
2383
2443
2325
2384
2444
2326
2385
2445
2327
2386
2446
2328
2387
2447
2329
2388
2448
2330
2389
2449
2331
2390
2450
2332
2391
2451
2333
2392
2452
2334
2393
2453
2335
2394
2454
2336
2395
2455
2337
2396
2456
2338
2397
2457
2339
2398
2458
2399
2459
2341
2460
2342
2461
2343
2462
2344
2463
2345
2464
2346
2465
2347
2466
2348
2467
2349
2468
2350
2469
2351
2470
2352
2471
2353
2472
2354
2473
2355
2474
2356
2475
2357
2476
2358
2477
2359
2478
2360
2479
2361
2480
2362
2481
2363
2482
2364
2483
2365
2484
2366
2485
2367
2486
2368
2487
2369
2488
2370
2489
2371
2490
2372
2491
2373
2492
2374
2493
2375
2494
2376
2495
2377
2496
2378
2497
2379
2498
2380
2499
2381
2500
2382
2501
2383
2502
2384
2503
2385
2504
2386
2505
2387
2506
2388
2507
2389
2508
2390
2509
2391
2510
2392
2511
2393
2512
2394
2513
2395
2514
2396
2515
2397
2516
2398
2517
2399
2518
2519
2401
2460
2520
2402
2461
2521
2403
2462
2522
2404
2463
2523
2405
2464
2524
2406
2465
2525
2407
2466
2526
2408
2467
2527
2409
2468
2528
2410
2469
2529
2411
2470
2530
2412
2471
2531
2413
2472
2532
2414
2473
2533
2415
2474
2534
2416
2475
2535
2417
2476
2536
2418
2477
2537
2419
2478
2538
2420
2479
2539
2421
2480
2540
2422
2481
2541
2423
2482
2542
2424
2483
2543
2425
2484
2544
2426
2485
2545
2427
2486
2546
2428
2487
2547
2429
2488
2548
2430
2489
2549
2431
2490
2550
2432
2491
2551
2433
2492
2552
2434
2493
2553
2435
2494
2554
2436
2495
2555
2437
2496
2556
2438
2497
2557
2439
2498
2558
2440
2499
2559
2441
2500
2560
2442
2501
2561
2443
2502
2562
2444
2503
2563
2445
2504
2564
2446
2505
2565
2447
2506
2566
2448
2507
2567
2449
2508
2568
2450
2509
2569
2451
2510
2570
2452
2511
2571
2453
2512
2572
2454
2513
2573
2455
2514
2574
2456
2515
2575
2457
2516
2576
2458
2517
2577
2459
2518
2578
2519
2579
2461
2580
2462
2581
2463
2582
2464
2583
2465
2584
2466
2585
2467
2586
2468
2587
2469
2588
2470
2589
2471
2590
2472
2591
2473
2592
2474
2593
2475
2594
2476
2595
2477
2596
2478
2597
2479
2598
2480
2599
2481
2600
2482
2601
2483
2602
2484
2603
2485
2604
2486
2605
2487
2606
2488
2607
2489
2608
2490
2609
2491
2610
2492
2611
2493
2612
2494
2613
2495
2614
2496
2615
2497
2616
2498
2617
2499
2618
2500
2619
2501
2620
2502
2621
2503
2622
2504
2623
2505
2624
2506
2625
2507
2626
2508
2627
2509
2628
2510
2629
2511
2630
2512
2631
2513
2632
2514
2633
2515
2634
2516
2635
2517
2636
2518
2637
2519
2638
2639
2521
2580
2640
2522
2581
2641
2523
2582
2642
2524
2583
2643
2525
2584
2644
2526
2585
2645
2527
2586
2646
2528
2587
2647
2529
2588
2648
2530
2589
2649
2531
2590
2650
2532
2591
2651
2533
2592
2652
2534
2593
2653
2535
2594
2654
2536
2595
2655
2537
2596
2656
2538
2597
2657
2539
2598
2658
2540
2599
2659
2541
2600
2660
2542
2601
2661
2543
2602
2662
2544
2603
2663
2545
2604
2664
2546
2605
2665
2547
2606
2666
2548
2607
2667
2549
2608
2668
2550
2609
2669
2551
2610
2670
2552
2611
2671
2553
2612
2672
2554
2613
2673
2555
2614
2674
2556
2615
2675
2557
2616
2676
2558
2617
2677
2559
2618
2678
2560
2619
2679
2561
2620
2680
2562
2621
2681
2563
2622
2682
2564
2623
2683
2565
2624
2684
2566
2625
2685
2567
2626
2686
2568
2627
2687
2569
2628
2688
2570
2629
2689
2571
2630
2690
2572
2631
2691
2573
2632
2692
2574
2633
2693
2575
2634
2694
2576
2635
2695
2577
2636
2696
2578
2637
2697
2579
2638
2698
2639
2699
2581
2700
2582
2701
2583
2702
2584
2703
2585
2704
2586
2705
2587
2706
2588
2707
2589
2708
2590
2709
2591
2710
2592
2711
2593
2712
2594
2713
2595
2714
2596
2715
2597
2716
2598
2717
2599
2718
2600
2719
2601
2720
2602
2721
2603
2722
2604
2723
2605
2724
2606
2725
2607
2726
2608
2727
2609
2728
2610
2729
2611
2730
2612
2731
2613
2732
2614
2733
2615
2734
2616
2735
2617
2736
2618
2737
2619
2738
2620
2739
2621
2740
2622
2741
2623
2742
2624
2743
2625
2744
2626
2745
2627
2746
2628
2747
2629
2748
2630
2749
2631
2750
2632
2751
2633
2752
2634
2753
2635
2754
2636
2755
2637
2756
2638
2757
2639
2758
2759
2641
2700
2760
2642
2701
2761
2643
2702
2762
2644
2703
2763
2645
2704
2764
2646
2705
2765
2647
2706
2766
2648
2707
2767
2649
2708
2768
2650
2709
2769
2651
2710
2770
2652
2711
2771
2653
2712
2772
2654
2713
2773
2655
2714
2774
2656
2715
2775
2657
2716
2776
2658
2717
2777
2659
2718
2778
2660
2719
2779
2661
2720
2780
2662
2721
2781
2663
2722
2782
2664
2723
2783
2665
2724
2784
2666
2725
2785
2667
2726
2786
2668
2727
2787
2669
2728
2788
2670
2729
2789
2671
2730
2790
2672
2731
2791
2673
2732
2792
2674
2733
2793
2675
2734
2794
2676
2735
2795
2677
2736
2796
2678
2737
2797
2679
2738
2798
2680
2739
2799
2681
2740
2800
2682
2741
2801
2683
2742
2802
2684
2743
2803
2685
2744
2804
2686
2745
2805
2687
2746
2806
2688
2747
2807
2689
2748
2808
2690
2749
2809
2691
2750
2810
2692
2751
2811
2693
2752
2812
2694
2753
2813
2695
2754
2814
2696
2755
2815
2697
2756
2816
2698
2757
2817
2699
2758
2818
2759
2819
2701
2820
2702
2821
2703
2822
2704
2823
2705
2824
2706
2825
2707
2826
2708
2827
2709
2828
2710
2829
2711
2830
2712
2831
2713
2832
2714
2833
2715
2834
2716
2835
2717
2836
2718
2837
2719
2838
2720
2839
2721
2840
2722
2841
2723
2842
2724
2843
2725
2844
2726
2845
2727
2846
2728
2847
2729
2848
2730
2849
2731
2850
2732
2851
2733
2852
2734
2853
2735
2854
2736
2855
2737
2856
2738
2857
2739
2858
2740
2859
2741
2860
2742
2861
2743
2862
2744
2863
2745
2864
2746
2865
2747
2866
2748
2867
2749
2868
2750
2869
2751
2870
2752
2871
2753
2872
2754
2873
2755
2874
2756
2875
2757
2876
2758
2877
2759
2878
2879
2761
2820
2880
2762
2821
2881
2763
2822
2882
2764
2823
2883
2765
2824
2884
2766
2825
2885
2767
2826
2886
2768
2827
2887
2769
2828
2888
2770
2829
2889
2771
2830
2890
2772
2831
2891
2773
2832
2892
2774
2833
2893
2775
2834
2894
2776
2835
2895
2777
2836
2896
2778
2837
2897
2779
2838
2898
2780
2839
2899
2781
2840
2900
2782
2841
2901
2783
2842
2902
2784
2843
2903
2785
2844
2904
2786
2845
2905
2787
2846
2906
2788
2847
2907
2789
2848
2908
2790
2849
2909
2791
2850
2910
2792
2851
2911
2793
2852
2912
2794
2853
2913
2795
2854
2914
2796
2855
2915
2797
2856
2916
2798
2857
2917
2799
2858
2918
2800
2859
2919
2801
2860
2920
2802
2861
2921
2803
2862
2922
2804
2863
2923
2805
2864
2924
2806
2865
2925
2807
2866
2926
2808
2867
2927
2809
2868
2928
2810
2869
2929
2811
2870
2930
2812
2871
2931
2813
2872
2932
2814
2873
2933
2815
2874
2934
2816
2875
2935
2817
2876
2936
2818
2877
2937
2819
2878
2938
2879
2939
2821
2940
2822
2941
2823
2942
2824
2943
2825
2944
2826
2945
2827
2946
2828
2947
2829
2948
2830
2949
2831
2950
2832
2951
2833
2952
2834
2953
2835
2954
2836
2955
2837
2956
2838
2957
2839
2958
2840
2959
2841
2960
2842
2961
2843
2962
2844
2963
2845
2964
2846
2965
2847
2966
2848
2967
2849
2968
2850
2969
2851
2970
2852
2971
2853
2972
2854
2973
2855
2974
2856
2975
2857
2976
2858
2977
2859
2978
2860
2979
2861
2980
2862
2981
2863
2982
2864
2983
2865
2984
2866
2985
2867
2986
2868
2987
2869
2988
2870
2989
2871
2990
2872
2991
2873
2992
2874
2993
2875
2994
2876
2995
2877
2996
2878
2997
2879
2998
2999
2881
2940
3000
2882
2941
3001
2883
2942
3002
2884
2943
3003
2885
2944
3004
2886
2945
3005
2887
2946
3006
2888
2947
3007
2889
2948
3008
2890
2949
3009
2891
2950
3010
2892
2951
3011
2893
2952
3012
2894
2953
3013
2895
2954
3014
2896
2955
3015
2897
2956
3016
2898
2957
3017
2899
2958
3018
2900
2959
3019
2901
2960
3020
2902
2961
3021
2903
2962
3022
2904
2963
3023
2905
2964
3024
2906
2965
3025
2907
2966
3026
2908
2967
3027
2909
2968
3028
2910
2969
3029
2911
2970
3030
2912
2971
3031
2913
2972
3032
2914
2973
3033
2915
2974
3034
2916
2975
3035
2917
2976
3036
2918
2977
3037
2919
2978
3038
2920
2979
3039
2921
2980
3040
2922
2981
3041
2923
2982
3042
2924
2983
3043
2925
2984
3044
2926
2985
3045
2927
2986
3046
2928
2987
3047
2929
2988
3048
2930
2989
3049
2931
2990
3050
2932
2991
3051
2933
2992
3052
2934
2993
3053
2935
2994
3054
2936
2995
3055
2937
2996
3056
2938
2997
3057
2939
2998
3058
2999
3059
2941
3060
2942
3061
2943
3062
2944
3063
2945
3064
2946
3065
2947
3066
2948
3067
2949
3068
2950
3069
2951
3070
2952
3071
2953
3072
2954
3073
2955
3074
2956
3075
2957
3076
2958
3077
2959
3078
2960
3079
2961
3080
2962
3081
2963
3082
2964
3083
2965
3084
2966
3085
2967
3086
2968
3087
2969
3088
2970
3089
2971
3090
2972
3091
2973
3092
2974
3093
2975
3094
2976
3095
2977
3096
2978
3097
2979
3098
2980
3099
2981
3100
2982
3101
2983
3102
2984
3103
2985
3104
2986
3105
2987
3106
2988
3107
2989
3108
2990
3109
2991
3110
2992
3111
2993
3112
2994
3113
2995
3114
2996
3115
2997
3116
2998
3117
2999
3118
3119
3001
3060
3120
3002
3061
3121
3003
3062
3122
3004
3063
3123
3005
3064
3124
3006
3065
3125
3007
3066
3126
3008
3067
3127
3009
3068
3128
3010
3069
3129
3011
3070
3130
3012
3071
3131
3013
3072
3132
3014
3073
3133
3015
3074
3134
3016
3075
3135
3017
3076
3136
3018
3077
3137
3019
3078
3138
3020
3079
3139
3021
3080
3140
3022
3081
3141
3023
3082
3142
3024
3083
3143
3025
3084
3144
3026
3085
3145
3027
3086
3146
3028
3087
3147
3029
3088
3148
3030
3089
3149
3031
3090
3150
3032
3091
3151
3033
3092
3152
3034
3093
3153
3035
3094
3154
3036
3095
3155
3037
3096
3156
3038
3097
3157
3039
3098
3158
3040
3099
3159
3041
3100
3160
3042
3101
3161
3043
3102
3162
3044
3103
3163
3045
3104
3164
3046
3105
3165
3047
3106
3166
3048
3107
3167
3049
3108
3168
3050
3109
3169
3051
3110
3170
3052
3111
3171
3053
3112
3172
3054
3113
3173
3055
3114
3174
3056
3115
3175
3057
3116
3176
3058
3117
3177
3059
3118
3178
3119
3179
3061
3180
3062
3181
3063
3182
3064
3183
3065
3184
3066
3185
3067
3186
3068
3187
3069
3188
3070
3189
3071
3190
3072
3191
3073
3192
3074
3193
3075
3194
3076
3195
3077
3196
3078
3197
3079
3198
3080
3199
3081
3200
3082
3201
3083
3202
3084
3203
3085
3204
3086
3205
3087
3206
3088
3207
3089
3208
3090
3209
3091
3210
3092
3211
3093
3212
3094
3213
3095
3214
3096
3215
3097
3216
3098
3217
3099
3218
3100
3219
3101
3220
3102
3221
3103
3222
3104
3223
3105
3224
3106
3225
3107
3226
3108
3227
3109
3228
3110
3229
3111
3230
3112
3231
3113
3232
3114
3233
3115
3234
3116
3235
3117
3236
3118
3237
3119
3238
3239
3121
3180
3240
3122
3181
3241
3123
3182
3242
3124
3183
3243
3125
3184
3244
3126
3185
3245
3127
3186
3246
3128
3187
3247
3129
3188
3248
3130
3189
3249
3131
3190
3250
3132
3191
3251
3133
3192
3252
3134
3193
3253
3135
3194
3254
3136
3195
3255
3137
3196
3256
3138
3197
3257
3139
3198
3258
3140
3199
3259
3141
3200
3260
3142
3201
3261
3143
3202
3262
3144
3203
3263
3145
3204
3264
3146
3205
3265
3147
3206
3266
3148
3207
3267
3149
3208
3268
3150
3209
3269
3151
3210
3270
3152
3211
3271
3153
3212
3272
3154
3213
3273
3155
3214
3274
3156
3215
3275
3157
3216
3276
3158
3217
3277
3159
3218
3278
3160
3219
3279
3161
3220
3280
3162
3221
3281
3163
3222
3282
3164
3223
3283
3165
3224
3284
3166
3225
3285
3167
3226
3286
3168
3227
3287
3169
3228
3288
3170
3229
3289
3171
3230
3290
3172
3231
3291
3173
3232
3292
3174
3233
3293
3175
3234
3294
3176
3235
3295
3177
3236
3296
3178
3237
3297
3179
3238
3298
3239
3299
3181
3300
3182
3301
3183
3302
3184
3303
3185
3304
3186
3305
3187
3306
3188
3307
3189
3308
3190
3309
3191
3310
3192
3311
3193
3312
3194
3313
3195
3314
3196
3315
3197
3316
3198
3317
3199
3318
3200
3319
3201
3320
3202
3321
3203
3322
3204
3323
3205
3324
3206
3325
3207
3326
3208
3327
3209
3328
3210
3329
3211
3330
3212
3331
3213
3332
3214
3333
3215
3334
3216
3335
3217
3336
3218
3337
3219
3338
3220
3339
3221
3340
3222
3341
3223
3342
3224
3343
3225
3344
3226
3345
3227
3346
3228
3347
3229
3348
3230
3349
3231
3350
3232
3351
3233
3352
3234
3353
3235
3354
3236
3355
3237
3356
3238
3357
3239
3358
3359
3241
3300
3360
3242
3301
3361
3243
3302
3362
3244
3303
3363
3245
3304
3364
3246
3305
3365
3247
3306
3366
3248
3307
3367
3249
3308
3368
3250
3309
3369
3251
3310
3370
3252
3311
3371
3253
3312
3372
3254
3313
3373
3255
3314
3374
3256
3315
3375
3257
3316
3376
3258
3317
3377
3259
3318
3378
3260
3319
3379
3261
3320
3380
3262
3321
3381
3263
3322
3382
3264
3323
3383
3265
3324
3384
3266
3325
3385
3267
3326
3386
3268
3327
3387
3269
3328
3388
3270
3329
3389
3271
3330
3390
3272
3331
3391
3273
3332
3392
3274
3333
3393
3275
3334
3394
3276
3335
3395
3277
3336
3396
3278
3337
3397
3279
3338
3398
3280
3339
3399
3281
3340
3400
3282
3341
3401
3283
3342
3402
3284
3343
3403
3285
3344
3404
3286
3345
3405
3287
3346
3406
3288
3347
3407
3289
3348
3408
3290
3349
3409
3291
3350
3410
3292
3351
3411
3293
3352
3412
3294
3353
3413
3295
3354
3414
3296
3355
3415
3297
3356
3416
3298
3357
3417
3299
3358
3418
3359
3419
3301
3420
3302
3421
3303
3422
3304
3423
3305
3424
3306
3425
3307
3426
3308
3427
3309
3428
3310
3429
3311
3430
3312
3431
3313
3432
3314
3433
3315
3434
3316
3435
3317
3436
3318
3437
3319
3438
3320
3439
3321
3440
3322
3441
3323
3442
3324
3443
3325
3444
3326
3445
3327
3446
3328
3447
3329
3448
3330
3449
3331
3450
3332
3451
3333
3452
3334
3453
3335
3454
3336
3455
3337
3456
3338
3457
3339
3458
3340
3459
3341
3460
3342
3461
3343
3462
3344
3463
3345
3464
3346
3465
3347
3466
3348
3467
3349
3468
3350
3469
3351
3470
3352
3471
3353
3472
3354
3473
3355
3474
3356
3475
3357
3476
3358
3477
3359
3478
3479
3361
3420
3480
3362
3421
3481
3363
3422
3482
3364
3423
3483
3365
3424
3484
3366
3425
3485
3367
3426
3486
3368
3427
3487
3369
3428
3488
3370
3429
3489
3371
3430
3490
3372
3431
3491
3373
3432
3492
3374
3433
3493
3375
3434
3494
3376
3435
3495
3377
3436
3496
3378
3437
3497
3379
3438
3498
3380
3439
3499
3381
3440
3500
3382
3441
3501
3383
3442
3502
3384
3443
3503
3385
3444
3504
3386
3445
3505
3387
3446
3506
3388
3447
3507
3389
3448
3508
3390
3449
3509
3391
3450
3510
3392
3451
3511
3393
3452
3512
3394
3453
3513
3395
3454
3514
3396
3455
3515
3397
3456
3516
3398
3457
3517
3399
3458
3518
3400
3459
3519
3401
3460
3520
3402
3461
3521
3403
3462
3522
3404
3463
3523
3405
3464
3524
3406
3465
3525
3407
3466
3526
3408
3467
3527
3409
3468
3528
3410
3469
3529
3411
3470
3530
3412
3471
3531
3413
3472
3532
3414
3473
3533
3415
3474
3534
3416
3475
3535
3417
3476
3536
3418
3477
3537
3419
3478
3538
3479
3539
3421
3540
3422
3541
3423
3542
3424
3543
3425
3544
3426
3545
3427
3546
3428
3547
3429
3548
3430
3549
3431
3550
3432
3551
3433
3552
3434
3553
3435
3554
3436
3555
3437
3556
3438
3557
3439
3558
3440
3559
3441
3560
3442
3561
3443
3562
3444
3563
3445
3564
3446
3565
3447
3566
3448
3567
3449
3568
3450
3569
3451
3570
3452
3571
3453
3572
3454
3573
3455
3574
3456
3575
3457
3576
3458
3577
3459
3578
3460
3579
3461
3580
3462
3581
3463
3582
3464
3583
3465
3584
3466
3585
3467
3586
3468
3587
3469
3588
3470
3589
3471
3590
3472
3591
3473
3592
3474
3593
3475
3594
3476
3595
3477
3596
3478
3597
3479
3598
3599
3481
3540
3600
3482
3541
3601
3483
3542
3602
3484
3543
3603
3485
3544
3604
3486
3545
3605
3487
3546
3606
3488
3547
3607
3489
3548
3608
3490
3549
3609
3491
3550
3610
3492
3551
3611
3493
3552
3612
3494
3553
3613
3495
3554
3614
3496
3555
3615
3497
3556
3616
3498
3557
3617
3499
3558
3618
3500
3559
3619
3501
3560
3620
3502
3561
3621
3503
3562
3622
3504
3563
3623
3505
3564
3624
3506
3565
3625
3507
3566
3626
3508
3567
3627
3509
3568
3628
3510
3569
3629
3511
3570
3630
3512
3571
3631
3513
3572
3632
3514
3573
3633
3515
3574
3634
3516
3575
3635
3517
3576
3636
3518
3577
3637
3519
3578
3638
3520
3579
3639
3521
3580
3640
3522
3581
3641
3523
3582
3642
3524
3583
3643
3525
3584
3644
3526
3585
3645
3527
3586
3646
3528
3587
3647
3529
3588
3648
3530
3589
3649
3531
3590
3650
3532
3591
3651
3533
3592
3652
3534
3593
3653
3535
3594
3654
3536
3595
3655
3537
3596
3656
3538
3597
3657
3539
3598
3658
3599
3659
3541
3660
3542
3661
3543
3662
3544
3663
3545
3664
3546
3665
3547
3666
3548
3667
3549
3668
3550
3669
3551
3670
3552
3671
3553
3672
3554
3673
3555
3674
3556
3675
3557
3676
3558
3677
3559
3678
3560
3679
3561
3680
3562
3681
3563
3682
3564
3683
3565
3684
3566
3685
3567
3686
3568
3687
3569
3688
3570
3689
3571
3690
3572
3691
3573
3692
3574
3693
3575
3694
3576
3695
3577
3696
3578
3697
3579
3698
3580
3699
3581
3700
3582
3701
3583
3702
3584
3703
3585
3704
3586
3705
3587
3706
3588
3707
3589
3708
3590
3709
3591
3710
3592
3711
3593
3712
3594
3713
3595
3714
3596
3715
3597
3716
3598
3717
3599
3718
3719
3601
3660
3720
3602
3661
3721
3603
3662
3722
3604
3663
3723
3605
3664
3724
3606
3665
3725
3607
3666
3726
3608
3667
3727
3609
3668
3728
3610
3669
3729
3611
3670
3730
3612
3671
3731
3613
3672
3732
3614
3673
3733
3615
3674
3734
3616
3675
3735
3617
3676
3736
3618
3677
3737
3619
3678
3738
3620
3679
3739
3621
3680
3740
3622
3681
3741
3623
3682
3742
3624
3683
3743
3625
3684
3744
3626
3685
3745
3627
3686
3746
3628
3687
3747
3629
3688
3748
3630
3689
3749
3631
3690
3750
3632
3691
3751
3633
3692
3752
3634
3693
3753
3635
3694
3754
3636
3695
3755
3637
3696
3756
3638
3697
3757
3639
3698
3758
3640
3699
3759
3641
3700
3760
3642
3701
3761
3643
3702
3762
3644
3703
3763
3645
3704
3764
3646
3705
3765
3647
3706
3766
3648
3707
3767
3649
3708
3768
3650
3709
3769
3651
3710
3770
3652
3711
3771
3653
3712
3772
3654
3713
3773
3655
3714
3774
3656
3715
3775
3657
3716
3776
3658
3717
3777
3659
3718
3778
3719
3779
3661
3780
3662
3781
3663
3782
3664
3783
3665
3784
3666
3785
3667
3786
3668
3787
3669
3788
3670
3789
3671
3790
3672
3791
3673
3792
3674
3793
3675
3794
3676
3795
3677
3796
3678
3797
3679
3798
3680
3799
3681
3800
3682
3801
3683
3802
3684
3803
3685
3804
3686
3805
3687
3806
3688
3807
3689
3808
3690
3809
3691
3810
3692
3811
3693
3812
3694
3813
3695
3814
3696
3815
3697
3816
3698
3817
3699
3818
3700
3819
3701
3820
3702
3821
3703
3822
3704
3823
3705
3824
3706
3825
3707
3826
3708
3827
3709
3828
3710
3829
3711
3830
3712
3831
3713
3832
3714
3833
3715
3834
3716
3835
3717
3836
3718
3837
3719
3838
3839
3721
3780
3840
3722
3781
3841
3723
3782
3842
3724
3783
3843
3725
3784
3844
3726
3785
3845
3727
3786
3846
3728
3787
3847
3729
3788
3848
3730
3789
3849
3731
3790
3850
3732
3791
3851
3733
3792
3852
3734
3793
3853
3735
3794
3854
3736
3795
3855
3737
3796
3856
3738
3797
3857
3739
3798
3858
3740
3799
3859
3741
3800
3860
3742
3801
3861
3743
3802
3862
3744
3803
3863
3745
3804
3864
3746
3805
3865
3747
3806
3866
3748
3807
3867
3749
3808
3868
3750
3809
3869
3751
3810
3870
3752
3811
3871
3753
3812
3872
3754
3813
3873
3755
3814
3874
3756
3815
3875
3757
3816
3876
3758
3817
3877
3759
3818
3878
3760
3819
3879
3761
3820
3880
3762
3821
3881
3763
3822
3882
3764
3823
3883
3765
3824
3884
3766
3825
3885
3767
3826
3886
3768
3827
3887
3769
3828
3888
3770
3829
3889
3771
3830
3890
3772
3831
3891
3773
3832
3892
3774
3833
3893
3775
3834
3894
3776
3835
3895
3777
3836
3896
3778
3837
3897
3779
3838
3898
3839
3899
3781
3900
3782
3901
3783
3902
3784
3903
3785
3904
3786
3905
3787
3906
3788
3907
3789
3908
3790
3909
3791
3910
3792
3911
3793
3912
3794
3913
3795
3914
3796
3915
3797
3916
3798
3917
3799
3918
3800
3919
3801
3920
3802
3921
3803
3922
3804
3923
3805
3924
3806
3925
3807
3926
3808
3927
3809
3928
3810
3929
3811
3930
3812
3931
3813
3932
3814
3933
3815
3934
3816
3935
3817
3936
3818
3937
3819
3938
3820
3939
3821
3940
3822
3941
3823
3942
3824
3943
3825
3944
3826
3945
3827
3946
3828
3947
3829
3948
3830
3949
3831
3950
3832
3951
3833
3952
3834
3953
3835
3954
3836
3955
3837
3956
3838
3957
3839
3958
3959
3841
3900
3960
3842
3901
3961
3843
3902
3962
3844
3903
3963
3845
3904
3964
3846
3905
3965
3847
3906
3966
3848
3907
3967
3849
3908
3968
3850
3909
3969
3851
3910
3970
3852
3911
3971
3853
3912
3972
3854
3913
3973
3855
3914
3974
3856
3915
3975
3857
3916
3976
3858
3917
3977
3859
3918
3978
3860
3919
3979
3861
3920
3980
3862
3921
3981
3863
3922
3982
3864
3923
3983
3865
3924
3984
3866
3925
3985
3867
3926
3986
3868
3927
3987
3869
3928
3988
3870
3929
3989
3871
3930
3990
3872
3931
3991
3873
3932
3992
3874
3933
3993
3875
3934
3994
3876
3935
3995
3877
3936
3996
3878
3937
3997
3879
3938
3998
3880
3939
3999
3881
3940
4000
3882
3941
4001
3883
3942
4002
3884
3943
4003
3885
3944
4004
3886
3945
4005
3887
3946
4006
3888
3947
4007
3889
3948
4008
3890
3949
4009
3891
3950
4010
3892
3951
4011
3893
3952
4012
3894
3953
4013
3895
3954
4014
3896
3955
4015
3897
3956
4016
3898
3957
4017
3899
3958
4018
3959
4019
3901
4020
3902
4021
3903
4022
3904
4023
3905
4024
3906
4025
3907
4026
3908
4027
3909
4028
3910
4029
3911
4030
3912
4031
3913
4032
3914
4033
3915
4034
3916
4035
3917
4036
3918
4037
3919
4038
3920
4039
3921
4040
3922
4041
3923
4042
3924
4043
3925
4044
3926
4045
3927
4046
3928
4047
3929
4048
3930
4049
3931
4050
3932
4051
3933
4052
3934
4053
3935
4054
3936
4055
3937
4056
3938
4057
3939
4058
3940
4059
3941
4060
3942
4061
3943
4062
3944
4063
3945
4064
3946
4065
3947
4066
3948
4067
3949
4068
3950
4069
3951
4070
3952
4071
3953
4072
3954
4073
3955
4074
3956
4075
3957
4076
3958
4077
3959
4078
4079
3961
4020
4080
3962
4021
4081
3963
4022
4082
3964
4023
4083
3965
4024
4084
3966
4025
4085
3967
4026
4086
3968
4027
4087
3969
4028
4088
3970
4029
4089
3971
4030
4090
3972
4031
4091
3973
4032
4092
3974
4033
4093
3975
4034
4094
3976
4035
4095
3977
4036
4096
3978
4037
4097
3979
4038
4098
3980
4039
4099
3981
4040
4100
3982
4041
4101
3983
4042
4102
3984
4043
4103
3985
4044
4104
3986
4045
4105
3987
4046
4106
3988
4047
4107
3989
4048
4108
3990
4049
4109
3991
4050
4110
3992
4051
4111
3993
4052
4112
3994
4053
4113
3995
4054
4114
3996
4055
4115
3997
4056
4116
3998
4057
4117
3999
4058
4118
4000
4059
4119
4001
4060
4120
4002
4061
4121
4003
4062
4122
4004
4063
4123
4005
4064
4124
4006
4065
4125
4007
4066
4126
4008
4067
4127
4009
4068
4128
4010
4069
4129
4011
4070
4130
4012
4071
4131
4013
4072
4132
4014
4073
4133
4015
4074
4134
4016
4075
4135
4017
4076
4136
4018
4077
4137
4019
4078
4138
4079
4139
4021
4140
4022
4141
4023
4142
4024
4143
4025
4144
4026
4145
4027
4146
4028
4147
4029
4148
4030
4149
4031
4150
4032
4151
4033
4152
4034
4153
4035
4154
4036
4155
4037
4156
4038
4157
4039
4158
4040
4159
4041
4160
4042
4161
4043
4162
4044
4163
4045
4164
4046
4165
4047
4166
4048
4167
4049
4168
4050
4169
4051
4170
4052
4171
4053
4172
4054
4173
4055
4174
4056
4175
4057
4176
4058
4177
4059
4178
4060
4179
4061
4180
4062
4181
4063
4182
4064
4183
4065
4184
4066
4185
4067
4186
4068
4187
4069
4188
4070
4189
4071
4190
4072
4191
4073
4192
4074
4193
4075
4194
4076
4195
4077
4196
4078
4197
4079
4198
4199
4081
4140
4200
4082
4141
4201
4083
4142
4202
4084
4143
4203
4085
4144
4204
4086
4145
4205
4087
4146
4206
4088
4147
4207
4089
4148
4208
4090
4149
4209
4091
4150
4210
4092
4151
4211
4093
4152
4212
4094
4153
4213
4095
4154
4214
4096
4155
4215
4097
4156
4216
4098
4157
4217
4099
4158
4218
4100
4159
4219
4101
4160
4220
4102
4161
4221
4103
4162
4222
4104
4163
4223
4105
4164
4224
4106
4165
4225
4107
4166
4226
4108
4167
4227
4109
4168
4228
4110
4169
4229
4111
4170
4230
4112
4171
4231
4113
4172
4232
4114
4173
4233
4115
4174
4234
4116
4175
4235
4117
4176
4236
4118
4177
4237
4119
4178
4238
4120
4179
4239
4121
4180
4240
4122
4181
4241
4123
4182
4242
4124
4183
4243
4125
4184
4244
4126
4185
4245
4127
4186
4246
4128
4187
4247
4129
4188
4248
4130
4189
4249
4131
4190
4250
4132
4191
4251
4133
4192
4252
4134
4193
4253
4135
4194
4254
4136
4195
4255
4137
4196
4256
4138
4197
4257
4139
4198
4258
4199
4259
4141
4260
4142
4261
4143
4262
4144
4263
4145
4264
4146
4265
4147
4266
4148
4267
4149
4268
4150
4269
4151
4270
4152
4271
4153
4272
4154
4273
4155
4274
4156
4275
4157
4276
4158
4277
4159
4278
4160
4279
4161
4280
4162
4281
4163
4282
4164
4283
4165
4284
4166
4285
4167
4286
4168
4287
4169
4288
4170
4289
4171
4290
4172
4291
4173
4292
4174
4293
4175
4294
4176
4295
4177
4296
4178
4297
4179
4298
4180
4299
4181
4300
4182
4301
4183
4302
4184
4303
4185
4304
4186
4305
4187
4306
4188
4307
4189
4308
4190
4309
4191
4310
4192
4311
4193
4312
4194
4313
4195
4314
4196
4315
4197
4316
4198
4317
4199
4318
4319
4201
4260
4320
4202
4261
4321
4203
4262
4322
4204
4263
4323
4205
4264
4324
4206
4265
4325
4207
4266
4326
4208
4267
4327
4209
4268
4328
4210
4269
4329
4211
4270
4330
4212
4271
4331
4213
4272
4332
4214
4273
4333
4215
4274
4334
4216
4275
4335
4217
4276
4336
4218
4277
4337
4219
4278
4338
4220
4279
4339
4221
4280
4340
4222
4281
4341
4223
4282
4342
4224
4283
4343
4225
4284
4344
4226
4285
4345
4227
4286
4346
4228
4287
4347
4229
4288
4348
4230
4289
4349
4231
4290
4350
4232
4291
4351
4233
4292
4352
4234
4293
4353
4235
4294
4354
4236
4295
4355
4237
4296
4356
4238
4297
4357
4239
4298
4358
4240
4299
4359
4241
4300
4360
4242
4301
4361
4243
4302
4362
4244
4303
4363
4245
4304
4364
4246
4305
4365
4247
4306
4366
4248
4307
4367
4249
4308
4368
4250
4309
4369
4251
4310
4370
4252
4311
4371
4253
4312
4372
4254
4313
4373
4255
4314
4374
4256
4315
4375
4257
4316
4376
4258
4317
4377
4259
4318
4378
4319
4379
4261
4380
4262
4381
4263
4382
4264
4383
4265
4384
4266
4385
4267
4386
4268
4387
4269
4388
4270
4389
4271
4390
4272
4391
4273
4392
4274
4393
4275
4394
4276
4395
4277
4396
4278
4397
4279
4398
4280
4399
4281
4400
4282
4401
4283
4402
4284
4403
4285
4404
4286
4405
4287
4406
4288
4407
4289
4408
4290
4409
4291
4410
4292
4411
4293
4412
4294
4413
4295
4414
4296
4415
4297
4416
4298
4417
4299
4418
4300
4419
4301
4420
4302
4421
4303
4422
4304
4423
4305
4424
4306
4425
4307
4426
4308
4427
4309
4428
4310
4429
4311
4430
4312
4431
4313
4432
4314
4433
4315
4434
4316
4435
4317
4436
4318
4437
4319
4438
4439
4321
4380
4440
4322
4381
4441
4323
4382
4442
4324
4383
4443
4325
4384
4444
4326
4385
4445
4327
4386
4446
4328
4387
4447
4329
4388
4448
4330
4389
4449
4331
4390
4450
4332
4391
4451
4333
4392
4452
4334
4393
4453
4335
4394
4454
4336
4395
4455
4337
4396
4456
4338
4397
4457
4339
4398
4458
4340
4399
4459
4341
4400
4460
4342
4401
4461
4343
4402
4462
4344
4403
4463
4345
4404
4464
4346
4405
4465
4347
4406
4466
4348
4407
4467
4349
4408
4468
4350
4409
4469
4351
4410
4470
4352
4411
4471
4353
4412
4472
4354
4413
4473
4355
4414
4474
4356
4415
4475
4357
4416
4476
4358
4417
4477
4359
4418
4478
4360
4419
4479
4361
4420
4480
4362
4421
4481
4363
4422
4482
4364
4423
4483
4365
4424
4484
4366
4425
4485
4367
4426
4486
4368
4427
4487
4369
4428
4488
4370
4429
4489
4371
4430
4490
4372
4431
4491
4373
4432
4492
4374
4433
4493
4375
4434
4494
4376
4435
4495
4377
4436
4496
4378
4437
4497
4379
4438
4498
4439
4499
4381
4500
4382
4501
4383
4502
4384
4503
4385
4504
4386
4505
4387
4506
4388
4507
4389
4508
4390
4509
4391
4510
4392
4511
4393
4512
4394
4513
4395
4514
4396
4515
4397
4516
4398
4517
4399
4518
4400
4519
4401
4520
4402
4521
4403
4522
4404
4523
4405
4524
4406
4525
4407
4526
4408
4527
4409
4528
4410
4529
4411
4530
4412
4531
4413
4532
4414
4533
4415
4534
4416
4535
4417
4536
4418
4537
4419
4538
4420
4539
4421
4540
4422
4541
4423
4542
4424
4543
4425
4544
4426
4545
4427
4546
4428
4547
4429
4548
4430
4549
4431
4550
4432
4551
4433
4552
4434
4553
4435
4554
4436
4555
4437
4556
4438
4557
4439
4558
4559
4441
4500
4560
4442
4501
4561
4443
4502
4562
4444
4503
4563
4445
4504
4564
4446
4505
4565
4447
4506
4566
4448
4507
4567
4449
4508
4568
4450
4509
4569
4451
4510
4570
4452
4511
4571
4453
4512
4572
4454
4513
4573
4455
4514
4574
4456
4515
4575
4457
4516
4576
4458
4517
4577
4459
4518
4578
4460
4519
4579
4461
4520
4580
4462
4521
4581
4463
4522
4582
4464
4523
4583
4465
4524
4584
4466
4525
4585
4467
4526
4586
4468
4527
4587
4469
4528
4588
4470
4529
4589
4471
4530
4590
4472
4531
4591
4473
4532
4592
4474
4533
4593
4475
4534
4594
4476
4535
4595
4477
4536
4596
4478
4537
4597
4479
4538
4598
4480
4539
4599
4481
4540
4600
4482
4541
4601
4483
4542
4602
4484
4543
4603
4485
4544
4604
4486
4545
4605
4487
4546
4606
4488
4547
4607
4489
4548
4608
4490
4549
4609
4491
4550
4610
4492
4551
4611
4493
4552
4612
4494
4553
4613
4495
4554
4614
4496
4555
4615
4497
4556
4616
4498
4557
4617
4499
4558
4618
4559
4619
4501
4620
4502
4621
4503
4622
4504
4623
4505
4624
4506
4625
4507
4626
4508
4627
4509
4628
4510
4629
4511
4630
4512
4631
4513
4632
4514
4633
4515
4634
4516
4635
4517
4636
4518
4637
4519
4638
4520
4639
4521
4640
4522
4641
4523
4642
4524
4643
4525
4644
4526
4645
4527
4646
4528
4647
4529
4648
4530
4649
4531
4650
4532
4651
4533
4652
4534
4653
4535
4654
4536
4655
4537
4656
4538
4657
4539
4658
4540
4659
4541
4660
4542
4661
4543
4662
4544
4663
4545
4664
4546
4665
4547
4666
4548
4667
4549
4668
4550
4669
4551
4670
4552
4671
4553
4672
4554
4673
4555
4674
4556
4675
4557
4676
4558
4677
4559
4678
4679
4561
4620
4680
4562
4621
4681
4563
4622
4682
4564
4623
4683
4565
4624
4684
4566
4625
4685
4567
4626
4686
4568
4627
4687
4569
4628
4688
4570
4629
4689
4571
4630
4690
4572
4631
4691
4573
4632
4692
4574
4633
4693
4575
4634
4694
4576
4635
4695
4577
4636
4696
4578
4637
4697
4579
4638
4698
4580
4639
4699
4581
4640
4700
4582
4641
4701
4583
4642
4702
4584
4643
4703
4585
4644
4704
4586
4645
4705
4587
4646
4706
4588
4647
4707
4589
4648
4708
4590
4649
4709
4591
4650
4710
4592
4651
4711
4593
4652
4712
4594
4653
4713
4595
4654
4714
4596
4655
4715
4597
4656
4716
4598
4657
4717
4599
4658
4718
4600
4659
4719
4601
4660
4720
4602
4661
4721
4603
4662
4722
4604
4663
4723
4605
4664
4724
4606
4665
4725
4607
4666
4726
4608
4667
4727
4609
4668
4728
4610
4669
4729
4611
4670
4730
4612
4671
4731
4613
4672
4732
4614
4673
4733
4615
4674
4734
4616
4675
4735
4617
4676
4736
4618
4677
4737
4619
4678
4738
4679
4739
4621
4740
4622
4741
4623
4742
4624
4743
4625
4744
4626
4745
4627
4746
4628
4747
4629
4748
4630
4749
4631
4750
4632
4751
4633
4752
4634
4753
4635
4754
4636
4755
4637
4756
4638
4757
4639
4758
4640
4759
4641
4760
4642
4761
4643
4762
4644
4763
4645
4764
4646
4765
4647
4766
4648
4767
4649
4768
4650
4769
4651
4770
4652
4771
4653
4772
4654
4773
4655
4774
4656
4775
4657
4776
4658
4777
4659
4778
4660
4779
4661
4780
4662
4781
4663
4782
4664
4783
4665
4784
4666
4785
4667
4786
4668
4787
4669
4788
4670
4789
4671
4790
4672
4791
4673
4792
4674
4793
4675
4794
4676
4795
4677
4796
4678
4797
4679
4798
4799
4681
4740
4800
4682
4741
4801
4683
4742
4802
4684
4743
4803
4685
4744
4804
4686
4745
4805
4687
4746
4806
4688
4747
4807
4689
4748
4808
4690
4749
4809
4691
4750
4810
4692
4751
4811
4693
4752
4812
4694
4753
4813
4695
4754
4814
4696
4755
4815
4697
4756
4816
4698
4757
4817
4699
4758
4818
4700
4759
4819
4701
4760
4820
4702
4761
4821
4703
4762
4822
4704
4763
4823
4705
4764
4824
4706
4765
4825
4707
4766
4826
4708
4767
4827
4709
4768
4828
4710
4769
4829
4711
4770
4830
4712
4771
4831
4713
4772
4832
4714
4773
4833
4715
4774
4834
4716
4775
4835
4717
4776
4836
4718
4777
4837
4719
4778
4838
4720
4779
4839
4721
4780
4840
4722
4781
4841
4723
4782
4842
4724
4783
4843
4725
4784
4844
4726
4785
4845
4727
4786
4846
4728
4787
4847
4729
4788
4848
4730
4789
4849
4731
4790
4850
4732
4791
4851
4733
4792
4852
4734
4793
4853
4735
4794
4854
4736
4795
4855
4737
4796
4856
4738
4797
4857
4739
4798
4858
4799
4859
4741
4860
4742
4861
4743
4862
4744
4863
4745
4864
4746
4865
4747
4866
4748
4867
4749
4868
4750
4869
4751
4870
4752
4871
4753
4872
4754
4873
4755
4874
4756
4875
4757
4876
4758
4877
4759
4878
4760
4879
4761
4880
4762
4881
4763
4882
4764
4883
4765
4884
4766
4885
4767
4886
4768
4887
4769
4888
4770
4889
4771
4890
4772
4891
4773
4892
4774
4893
4775
4894
4776
4895
4777
4896
4778
4897
4779
4898
4780
4899
4781
4900
4782
4901
4783
4902
4784
4903
4785
4904
4786
4905
4787
4906
4788
4907
4789
4908
4790
4909
4791
4910
4792
4911
4793
4912
4794
4913
4795
4914
4796
4915
4797
4916
4798
4917
4799
4918
4919
4801
4860
4920
4802
4861
4921
4803
4862
4922
4804
4863
4923
4805
4864
4924
4806
4865
4925
4807
4866
4926
4808
4867
4927
4809
4868
4928
4810
4869
4929
4811
4870
4930
4812
4871
4931
4813
4872
4932
4814
4873
4933
4815
4874
4934
4816
4875
4935
4817
4876
4936
4818
4877
4937
4819
4878
4938
4820
4879
4939
4821
4880
4940
4822
4881
4941
4823
4882
4942
4824
4883
4943
4825
4884
4944
4826
4885
4945
4827
4886
4946
4828
4887
4947
4829
4888
4948
4830
4889
4949
4831
4890
4950
4832
4891
4951
4833
4892
4952
4834
4893
4953
4835
4894
4954
4836
4895
4955
4837
4896
4956
4838
4897
4957
4839
4898
4958
4840
4899
4959
4841
4900
4960
4842
4901
4961
4843
4902
4962
4844
4903
4963
4845
4904
4964
4846
4905
4965
4847
4906
4966
4848
4907
4967
4849
4908
4968
4850
4909
4969
4851
4910
4970
4852
4911
4971
4853
4912
4972
4854
4913
4973
4855
4914
4974
4856
4915
4975
4857
4916
4976
4858
4917
4977
4859
4918
4978
4919
4979
4861
4980
4862
4981
4863
4982
4864
4983
4865
4984
4866
4985
4867
4986
4868
4987
4869
4988
4870
4989
4871
4990
4872
4991
4873
4992
4874
4993
4875
4994
4876
4995
4877
4996
4878
4997
4879
4998
4880
4999
4881
5000
4882
5001
4883
5002
4884
5003
4885
5004
4886
5005
4887
5006
4888
5007
4889
5008
4890
5009
4891
5010
4892
5011
4893
5012
4894
5013
4895
5014
4896
5015
4897
5016
4898
5017
4899
5018
4900
5019
4901
5020
4902
5021
4903
5022
4904
5023
4905
5024
4906
5025
4907
5026
4908
5027
4909
5028
4910
5029
4911
5030
4912
5031
4913
5032
4914
5033
4915
5034
4916
5035
4917
5036
4918
5037
4919
5038
5039
4921
4980
5040
4922
4981
5041
4923
4982
5042
4924
4983
5043
4925
4984
5044
4926
4985
5045
4927
4986
5046
4928
4987
5047
4929
4988
5048
4930
4989
5049
4931
4990
5050
4932
4991
5051
4933
4992
5052
4934
4993
5053
4935
4994
5054
4936
4995
5055
4937
4996
5056
4938
4997
5057
4939
4998
5058
4940
4999
5059
4941
5000
5060
4942
5001
5061
4943
5002
5062
4944
5003
5063
4945
5004
5064
4946
5005
5065
4947
5006
5066
4948
5007
5067
4949
5008
5068
4950
5009
5069
4951
5010
5070
4952
5011
5071
4953
5012
5072
4954
5013
5073
4955
5014
5074
4956
5015
5075
4957
5016
5076
4958
5017
5077
4959
5018
5078
4960
5019
5079
4961
5020
5080
4962
5021
5081
4963
5022
5082
4964
5023
5083
4965
5024
5084
4966
5025
5085
4967
5026
5086
4968
5027
5087
4969
5028
5088
4970
5029
5089
4971
5030
5090
4972
5031
5091
4973
5032
5092
4974
5033
5093
4975
5034
5094
4976
5035
5095
4977
5036
5096
4978
5037
5097
4979
5038
5098
5039
5099
4981
5100
4982
5101
4983
5102
4984
5103
4985
5104
4986
5105
4987
5106
4988
5107
4989
5108
4990
5109
4991
5110
4992
5111
4993
5112
4994
5113
4995
5114
4996
5115
4997
5116
4998
5117
4999
5118
5000
5119
5001
5120
5002
5121
5003
5122
5004
5123
5005
5124
5006
5125
5007
5126
5008
5127
5009
5128
5010
5129
5011
5130
5012
5131
5013
5132
5014
5133
5015
5134
5016
5135
5017
5136
5018
5137
5019
5138
5020
5139
5021
5140
5022
5141
5023
5142
5024
5143
5025
5144
5026
5145
5027
5146
5028
5147
5029
5148
5030
5149
5031
5150
5032
5151
5033
5152
5034
5153
5035
5154
5036
5155
5037
5156
5038
5157
5039
5158
5159
5041
5100
5160
5042
5101
5161
5043
5102
5162
5044
5103
5163
5045
5104
5164
5046
5105
5165
5047
5106
5166
5048
5107
5167
5049
5108
5168
5050
5109
5169
5051
5110
5170
5052
5111
5171
5053
5112
5172
5054
5113
5173
5055
5114
5174
5056
5115
5175
5057
5116
5176
5058
5117
5177
5059
5118
5178
5060
5119
5179
5061
5120
5180
5062
5121
5181
5063
5122
5182
5064
5123
5183
5065
5124
5184
5066
5125
5185
5067
5126
5186
5068
5127
5187
5069
5128
5188
5070
5129
5189
5071
5130
5190
5072
5131
5191
5073
5132
5192
5074
5133
5193
5075
5134
5194
5076
5135
5195
5077
5136
5196
5078
5137
5197
5079
5138
5198
5080
5139
5199
5081
5140
5200
5082
5141
5201
5083
5142
5202
5084
5143
5203
5085
5144
5204
5086
5145
5205
5087
5146
5206
5088
5147
5207
5089
5148
5208
5090
5149
5209
5091
5150
5210
5092
5151
5211
5093
5152
5212
5094
5153
5213
5095
5154
5214
5096
5155
5215
5097
5156
5216
5098
5157
5217
5099
5158
5218
5159
5219
5101
5220
5102
5221
5103
5222
5104
5223
5105
5224
5106
5225
5107
5226
5108
5227
5109
5228
5110
5229
5111
5230
5112
5231
5113
5232
5114
5233
5115
5234
5116
5235
5117
5236
5118
5237
5119
5238
5120
5239
5121
5240
5122
5241
5123
5242
5124
5243
5125
5244
5126
5245
5127
5246
5128
5247
5129
5248
5130
5249
5131
5250
5132
5251
5133
5252
5134
5253
5135
5254
5136
5255
5137
5256
5138
5257
5139
5258
5140
5259
5141
5260
5142
5261
5143
5262
5144
5263
5145
5264
5146
5265
5147
5266
5148
5267
5149
5268
5150
5269
5151
5270
5152
5271
5153
5272
5154
5273
5155
5274
5156
5275
5157
5276
5158
5277
5159
5278
5279
5161
5220
5280
5162
5221
5281
5163
5222
5282
5164
5223
5283
5165
5224
5284
5166
5225
5285
5167
5226
5286
5168
5227
5287
5169
5228
5288
5170
5229
5289
5171
5230
5290
5172
5231
5291
5173
5232
5292
5174
5233
5293
5175
5234
5294
5176
5235
5295
5177
5236
5296
5178
5237
5297
5179
5238
5298
5180
5239
5299
5181
5240
5300
5182
5241
5301
5183
5242
5302
5184
5243
5303
5185
5244
5304
5186
5245
5305
5187
5246
5306
5188
5247
5307
5189
5248
5308
5190
5249
5309
5191
5250
5310
5192
5251
5311
5193
5252
5312
5194
5253
5313
5195
5254
5314
5196
5255
5315
5197
5256
5316
5198
5257
5317
5199
5258
5318
5200
5259
5319
5201
5260
5320
5202
5261
5321
5203
5262
5322
5204
5263
5323
5205
5264
5324
5206
5265
5325
5207
5266
5326
5208
5267
5327
5209
5268
5328
5210
5269
5329
5211
5270
5330
5212
5271
5331
5213
5272
5332
5214
5273
5333
5215
5274
5334
5216
5275
5335
5217
5276
5336
5218
5277
5337
5219
5278
5338
5279
5339
5221
5340
5222
5341
5223
5342
5224
5343
5225
5344
5226
5345
5227
5346
5228
5347
5229
5348
5230
5349
5231
5350
5232
5351
5233
5352
5234
5353
5235
5354
5236
5355
5237
5356
5238
5357
5239
5358
5240
5359
5241
5360
5242
5361
5243
5362
5244
5363
5245
5364
5246
5365
5247
5366
5248
5367
5249
5368
5250
5369
5251
5370
5252
5371
5253
5372
5254
5373
5255
5374
5256
5375
5257
5376
5258
5377
5259
5378
5260
5379
5261
5380
5262
5381
5263
5382
5264
5383
5265
5384
5266
5385
5267
5386
5268
5387
5269
5388
5270
5389
5271
5390
5272
5391
5273
5392
5274
5393
5275
5394
5276
5395
5277
5396
5278
5397
5279
5398
5399
5281
5340
5400
5282
5341
5401
5283
5342
5402
5284
5343
5403
5285
5344
5404
5286
5345
5405
5287
5346
5406
5288
5347
5407
5289
5348
5408
5290
5349
5409
5291
5350
5410
5292
5351
5411
5293
5352
5412
5294
5353
5413
5295
5354
5414
5296
5355
5415
5297
5356
5416
5298
5357
5417
5299
5358
5418
5300
5359
5419
5301
5360
5420
5302
5361
5421
5303
5362
5422
5304
5363
5423
5305
5364
5424
5306
5365
5425
5307
5366
5426
5308
5367
5427
5309
5368
5428
5310
5369
5429
5311
5370
5430
5312
5371
5431
5313
5372
5432
5314
5373
5433
5315
5374
5434
5316
5375
5435
5317
5376
5436
5318
5377
5437
5319
5378
5438
5320
5379
5439
5321
5380
5440
5322
5381
5441
5323
5382
5442
5324
5383
5443
5325
5384
5444
5326
5385
5445
5327
5386
5446
5328
5387
5447
5329
5388
5448
5330
5389
5449
5331
5390
5450
5332
5391
5451
5333
5392
5452
5334
5393
5453
5335
5394
5454
5336
5395
5455
5337
5396
5456
5338
5397
5457
5339
5398
5458
5399
5459
5341
5460
5342
5461
5343
5462
5344
5463
5345
5464
5346
5465
5347
5466
5348
5467
5349
5468
5350
5469
5351
5470
5352
5471
5353
5472
5354
5473
5355
5474
5356
5475
5357
5476
5358
5477
5359
5478
5360
5479
5361
5480
5362
5481
5363
5482
5364
5483
5365
5484
5366
5485
5367
5486
5368
5487
5369
5488
5370
5489
5371
5490
5372
5491
5373
5492
5374
5493
5375
5494
5376
5495
5377
5496
5378
5497
5379
5498
5380
5499
5381
5500
5382
5501
5383
5502
5384
5503
5385
5504
5386
5505
5387
5506
5388
5507
5389
5508
5390
5509
5391
5510
5392
5511
5393
5512
5394
5513
5395
5514
5396
5515
5397
5516
5398
5517
5399
5518
5519
5401
5460
5520
5402
5461
5521
5403
5462
5522
5404
5463
5523
5405
5464
5524
5406
5465
5525
5407
5466
5526
5408
5467
5527
5409
5468
5528
5410
5469
5529
5411
5470
5530
5412
5471
5531
5413
5472
5532
5414
5473
5533
5415
5474
5534
5416
5475
5535
5417
5476
5536
5418
5477
5537
5419
5478
5538
5420
5479
5539
5421
5480
5540
5422
5481
5541
5423
5482
5542
5424
5483
5543
5425
5484
5544
5426
5485
5545
5427
5486
5546
5428
5487
5547
5429
5488
5548
5430
5489
5549
5431
5490
5550
5432
5491
5551
5433
5492
5552
5434
5493
5553
5435
5494
5554
5436
5495
5555
5437
5496
5556
5438
5497
5557
5439
5498
5558
5440
5499
5559
5441
5500
5560
5442
5501
5561
5443
5502
5562
5444
5503
5563
5445
5504
5564
5446
5505
5565
5447
5506
5566
5448
5507
5567
5449
5508
5568
5450
5509
5569
5451
5510
5570
5452
5511
5571
5453
5512
5572
5454
5513
5573
5455
5514
5574
5456
5515
5575
5457
5516
5576
5458
5517
5577
5459
5518
5578
5519
5579
5461
5580
5462
5581
5463
5582
5464
5583
5465
5584
5466
5585
5467
5586
5468
5587
5469
5588
5470
5589
5471
5590
5472
5591
5473
5592
5474
5593
5475
5594
5476
5595
5477
5596
5478
5597
5479
5598
5480
5599
5481
5600
5482
5601
5483
5602
5484
5603
5485
5604
5486
5605
5487
5606
5488
5607
5489
5608
5490
5609
5491
5610
5492
5611
5493
5612
5494
5613
5495
5614
5496
5615
5497
5616
5498
5617
5499
5618
5500
5619
5501
5620
5502
5621
5503
5622
5504
5623
5505
5624
5506
5625
5507
5626
5508
5627
5509
5628
5510
5629
5511
5630
5512
5631
5513
5632
5514
5633
5515
5634
5516
5635
5517
5636
5518
5637
5519
5638
5639
5521
5580
5640
5522
5581
5641
5523
5582
5642
5524
5583
5643
5525
5584
5644
5526
5585
5645
5527
5586
5646
5528
5587
5647
5529
5588
5648
5530
5589
5649
5531
5590
5650
5532
5591
5651
5533
5592
5652
5534
5593
5653
5535
5594
5654
5536
5595
5655
5537
5596
5656
5538
5597
5657
5539
5598
5658
5540
5599
5659
5541
5600
5660
5542
5601
5661
5543
5602
5662
5544
5603
5663
5545
5604
5664
5546
5605
5665
5547
5606
5666
5548
5607
5667
5549
5608
5668
5550
5609
5669
5551
5610
5670
5552
5611
5671
5553
5612
5672
5554
5613
5673
5555
5614
5674
5556
5615
5675
5557
5616
5676
5558
5617
5677
5559
5618
5678
5560
5619
5679
5561
5620
5680
5562
5621
5681
5563
5622
5682
5564
5623
5683
5565
5624
5684
5566
5625
5685
5567
5626
5686
5568
5627
5687
5569
5628
5688
5570
5629
5689
5571
5630
5690
5572
5631
5691
5573
5632
5692
5574
5633
5693
5575
5634
5694
5576
5635
5695
5577
5636
5696
5578
5637
5697
5579
5638
5698
5639
5699
5581
5700
5582
5701
5583
5702
5584
5703
5585
5704
5586
5705
5587
5706
5588
5707
5589
5708
5590
5709
5591
5710
5592
5711
5593
5712
5594
5713
5595
5714
5596
5715
5597
5716
5598
5717
5599
5718
5600
5719
5601
5720
5602
5721
5603
5722
5604
5723
5605
5724
5606
5725
5607
5726
5608
5727
5609
5728
5610
5729
5611
5730
5612
5731
5613
5732
5614
5733
5615
5734
5616
5735
5617
5736
5618
5737
5619
5738
5620
5739
5621
5740
5622
5741
5623
5742
5624
5743
5625
5744
5626
5745
5627
5746
5628
5747
5629
5748
5630
5749
5631
5750
5632
5751
5633
5752
5634
5753
5635
5754
5636
5755
5637
5756
5638
5757
5639
5758
5759
5641
5700
5760
5642
5701
5761
5643
5702
5762
5644
5703
5763
5645
5704
5764
5646
5705
5765
5647
5706
5766
5648
5707
5767
5649
5708
5768
5650
5709
5769
5651
5710
5770
5652
5711
5771
5653
5712
5772
5654
5713
5773
5655
5714
5774
5656
5715
5775
5657
5716
5776
5658
5717
5777
5659
5718
5778
5660
5719
5779
5661
5720
5780
5662
5721
5781
5663
5722
5782
5664
5723
5783
5665
5724
5784
5666
5725
5785
5667
5726
5786
5668
5727
5787
5669
5728
5788
5670
5729
5789
5671
5730
5790
5672
5731
5791
5673
5732
5792
5674
5733
5793
5675
5734
5794
5676
5735
5795
5677
5736
5796
5678
5737
5797
5679
5738
5798
5680
5739
5799
5681
5740
5800
5682
5741
5801
5683
5742
5802
5684
5743
5803
5685
5744
5804
5686
5745
5805
5687
5746
5806
5688
5747
5807
5689
5748
5808
5690
5749
5809
5691
5750
5810
5692
5751
5811
5693
5752
5812
5694
5753
5813
5695
5754
5814
5696
5755
5815
5697
5756
5816
5698
5757
5817
5699
5758
5818
5759
5819
5701
5820
5702
5821
5703
5822
5704
5823
5705
5824
5706
5825
5707
5826
5708
5827
5709
5828
5710
5829
5711
5830
5712
5831
5713
5832
5714
5833
5715
5834
5716
5835
5717
5836
5718
5837
5719
5838
5720
5839
5721
5840
5722
5841
5723
5842
5724
5843
5725
5844
5726
5845
5727
5846
5728
5847
5729
5848
5730
5849
5731
5850
5732
5851
5733
5852
5734
5853
5735
5854
5736
5855
5737
5856
5738
5857
5739
5858
5740
5859
5741
5860
5742
5861
5743
5862
5744
5863
5745
5864
5746
5865
5747
5866
5748
5867
5749
5868
5750
5869
5751
5870
5752
5871
5753
5872
5754
5873
5755
5874
5756
5875
5757
5876
5758
5877
5759
5878
5879
5761
5820
5880
5762
5821
5881
5763
5822
5882
5764
5823
5883
5765
5824
5884
5766
5825
5885
5767
5826
5886
5768
5827
5887
5769
5828
5888
5770
5829
5889
5771
5830
5890
5772
5831
5891
5773
5832
5892
5774
5833
5893
5775
5834
5894
5776
5835
5895
5777
5836
5896
5778
5837
5897
5779
5838
5898
5780
5839
5899
5781
5840
5900
5782
5841
5901
5783
5842
5902
5784
5843
5903
5785
5844
5904
5786
5845
5905
5787
5846
5906
5788
5847
5907
5789
5848
5908
5790
5849
5909
5791
5850
5910
5792
5851
5911
5793
5852
5912
5794
5853
5913
5795
5854
5914
5796
5855
5915
5797
5856
5916
5798
5857
5917
5799
5858
5918
5800
5859
5919
5801
5860
5920
5802
5861
5921
5803
5862
5922
5804
5863
5923
5805
5864
5924
5806
5865
5925
5807
5866
5926
5808
5867
5927
5809
5868
5928
5810
5869
5929
5811
5870
5930
5812
5871
5931
5813
5872
5932
5814
5873
5933
5815
5874
5934
5816
5875
5935
5817
5876
5936
5818
5877
5937
5819
5878
5938
5879
5939
5821
5940
5822
5941
5823
5942
5824
5943
5825
5944
5826
5945
5827
5946
5828
5947
5829
5948
5830
5949
5831
5950
5832
5951
5833
5952
5834
5953
5835
5954
5836
5955
5837
5956
5838
5957
5839
5958
5840
5959
5841
5960
5842
5961
5843
5962
5844
5963
5845
5964
5846
5965
5847
5966
5848
5967
5849
5968
5850
5969
5851
5970
5852
5971
5853
5972
5854
5973
5855
5974
5856
5975
5857
5976
5858
5977
5859
5978
5860
5979
5861
5980
5862
5981
5863
5982
5864
5983
5865
5984
5866
5985
5867
5986
5868
5987
5869
5988
5870
5989
5871
5990
5872
5991
5873
5992
5874
5993
5875
5994
5876
5995
5877
5996
5878
5997
5879
5998
5999
5881
5940
6000
5882
5941
6001
5883
5942
6002
5884
5943
6003
5885
5944
6004
5886
5945
6005
5887
5946
6006
5888
5947
6007
5889
5948
6008
5890
5949
6009
5891
5950
6010
5892
5951
6011
5893
5952
6012
5894
5953
6013
5895
5954
6014
5896
5955
6015
5897
5956
6016
5898
5957
6017
5899
5958
6018
5900
5959
6019
5901
5960
6020
5902
5961
6021
5903
5962
6022
5904
5963
6023
5905
5964
6024
5906
5965
6025
5907
5966
6026
5908
5967
6027
5909
5968
6028
5910
5969
6029
5911
5970
6030
5912
5971
6031
5913
5972
6032
5914
5973
6033
5915
5974
6034
5916
5975
6035
5917
5976
6036
5918
5977
6037
5919
5978
6038
5920
5979
6039
5921
5980
6040
5922
5981
6041
5923
5982
6042
5924
5983
6043
5925
5984
6044
5926
5985
6045
5927
5986
6046
5928
5987
6047
5929
5988
6048
5930
5989
6049
5931
5990
6050
5932
5991
6051
5933
5992
6052
5934
5993
6053
5935
5994
6054
5936
5995
6055
5937
5996
6056
5938
5997
6057
5939
5998
6058
5999
6059
5941
6060
5942
6061
5943
6062
5944
6063
5945
6064
5946
6065
5947
6066
5948
6067
5949
6068
5950
6069
5951
6070
5952
6071
5953
6072
5954
6073
5955
6074
5956
6075
5957
6076
5958
6077
5959
6078
5960
6079
5961
6080
5962
6081
5963
6082
5964
6083
5965
6084
5966
6085
5967
6086
5968
6087
5969
6088
5970
6089
5971
6090
5972
6091
5973
6092
5974
6093
5975
6094
5976
6095
5977
6096
5978
6097
5979
6098
5980
6099
5981
6100
5982
6101
5983
6102
5984
6103
5985
6104
5986
6105
5987
6106
5988
6107
5989
6108
5990
6109
5991
6110
5992
6111
5993
6112
5994
6113
5995
6114
5996
6115
5997
6116
5998
6117
5999
6118
6119
6001
6060
6120
6002
6061
6121
6003
6062
6122
6004
6063
6123
6005
6064
6124
6006
6065
6125
6007
6066
6126
6008
6067
6127
6009
6068
6128
6010
6069
6129
6011
6070
6130
6012
6071
6131
6013
6072
6132
6014
6073
6133
6015
6074
6134
6016
6075
6135
6017
6076
6136
6018
6077
6137
6019
6078
6138
6020
6079
6139
6021
6080
6140
6022
6081
6141
6023
6082
6142
6024
6083
6143
6025
6084
6144
6026
6085
6145
6027
6086
6146
6028
6087
6147
6029
6088
6148
6030
6089
6149
6031
6090
6150
6032
6091
6151
6033
6092
6152
6034
6093
6153
6035
6094
6154
6036
6095
6155
6037
6096
6156
6038
6097
6157
6039
6098
6158
6040
6099
6159
6041
6100
6160
6042
6101
6161
6043
6102
6162
6044
6103
6163
6045
6104
6164
6046
6105
6165
6047
6106
6166
6048
6107
6167
6049
6108
6168
6050
6109
6169
6051
6110
6170
6052
6111
6171
6053
6112
6172
6054
6113
6173
6055
6114
6174
6056
6115
6175
6057
6116
6176
6058
6117
6177
6059
6118
6178
6119
6179
6061
6180
6062
6181
6063
6182
6064
6183
6065
6184
6066
6185
6067
6186
6068
6187
6069
6188
6070
6189
6071
6190
6072
6191
6073
6192
6074
6193
6075
6194
6076
6195
6077
6196
6078
6197
6079
6198
6080
6199
6081
6200
6082
6201
6083
6202
6084
6203
6085
6204
6086
6205
6087
6206
6088
6207
6089
6208
6090
6209
6091
6210
6092
6211
6093
6212
6094
6213
6095
6214
6096
6215
6097
6216
6098
6217
6099
6218
6100
6219
6101
6220
6102
6221
6103
6222
6104
6223
6105
6224
6106
6225
6107
6226
6108
6227
6109
6228
6110
6229
6111
6230
6112
6231
6113
6232
6114
6233
6115
6234
6116
6235
6117
6236
6118
6237
6119
6238
6239
6121
6180
6240
6122
6181
6241
6123
6182
6242
6124
6183
6243
6125
6184
6244
6126
6185
6245
6127
6186
6246
6128
6187
6247
6129
6188
6248
6130
6189
6249
6131
6190
6250
6132
6191
6251
6133
6192
6252
6134
6193
6253
6135
6194
6254
6136
6195
6255
6137
6196
6256
6138
6197
6257
6139
6198
6258
6140
6199
6259
6141
6200
6260
6142
6201
6261
6143
6202
6262
6144
6203
6263
6145
6204
6264
6146
6205
6265
6147
6206
6266
6148
6207
6267
6149
6208
6268
6150
6209
6269
6151
6210
6270
6152
6211
6271
6153
6212
6272
6154
6213
6273
6155
6214
6274
6156
6215
6275
6157
6216
6276
6158
6217
6277
6159
6218
6278
6160
6219
6279
6161
6220
6280
6162
6221
6281
6163
6222
6282
6164
6223
6283
6165
6224
6284
6166
6225
6285
6167
6226
6286
6168
6227
6287
6169
6228
6288
6170
6229
6289
6171
6230
6290
6172
6231
6291
6173
6232
6292
6174
6233
6293
6175
6234
6294
6176
6235
6295
6177
6236
6296
6178
6237
6297
6179
6238
6298
6239
6299
6181
6300
6182
6301
6183
6302
6184
6303
6185
6304
6186
6305
6187
6306
6188
6307
6189
6308
6190
6309
6191
6310
6192
6311
6193
6312
6194
6313
6195
6314
6196
6315
6197
6316
6198
6317
6199
6318
6200
6319
6201
6320
6202
6321
6203
6322
6204
6323
6205
6324
6206
6325
6207
6326
6208
6327
6209
6328
6210
6329
6211
6330
6212
6331
6213
6332
6214
6333
6215
6334
6216
6335
6217
6336
6218
6337
6219
6338
6220
6339
6221
6340
6222
6341
6223
6342
6224
6343
6225
6344
6226
6345
6227
6346
6228
6347
6229
6348
6230
6349
6231
6350
6232
6351
6233
6352
6234
6353
6235
6354
6236
6355
6237
6356
6238
6357
6239
6358
6359
6241
6300
6360
6242
6301
6361
6243
6302
6362
6244
6303
6363
6245
6304
6364
6246
6305
6365
6247
6306
6366
6248
6307
6367
6249
6308
6368
6250
6309
6369
6251
6310
6370
6252
6311
6371
6253
6312
6372
6254
6313
6373
6255
6314
6374
6256
6315
6375
6257
6316
6376
6258
6317
6377
6259
6318
6378
6260
6319
6379
6261
6320
6380
6262
6321
6381
6263
6322
6382
6264
6323
6383
6265
6324
6384
6266
6325
6385
6267
6326
6386
6268
6327
6387
6269
6328
6388
6270
6329
6389
6271
6330
6390
6272
6331
6391
6273
6332
6392
6274
6333
6393
6275
6334
6394
6276
6335
6395
6277
6336
6396
6278
6337
6397
6279
6338
6398
6280
6339
6399
6281
6340
6400
6282
6341
6401
6283
6342
6402
6284
6343
6403
6285
6344
6404
6286
6345
6405
6287
6346
6406
6288
6347
6407
6289
6348
6408
6290
6349
6409
6291
6350
6410
6292
6351
6411
6293
6352
6412
6294
6353
6413
6295
6354
6414
6296
6355
6415
6297
6356
6416
6298
6357
6417
6299
6358
6418
6359
6419
6301
6420
6302
6421
6303
6422
6304
6423
6305
6424
6306
6425
6307
6426
6308
6427
6309
6428
6310
6429
6311
6430
6312
6431
6313
6432
6314
6433
6315
6434
6316
6435
6317
6436
6318
6437
6319
6438
6320
6439
6321
6440
6322
6441
6323
6442
6324
6443
6325
6444
6326
6445
6327
6446
6328
6447
6329
6448
6330
6449
6331
6450
6332
6451
6333
6452
6334
6453
6335
6454
6336
6455
6337
6456
6338
6457
6339
6458
6340
6459
6341
6460
6342
6461
6343
6462
6344
6463
6345
6464
6346
6465
6347
6466
6348
6467
6349
6468
6350
6469
6351
6470
6352
6471
6353
6472
6354
6473
6355
6474
6356
6475
6357
6476
6358
6477
6359
6478
6479
6361
6420
6480
6362
6421
6481
6363
6422
6482
6364
6423
6483
6365
6424
6484
6366
6425
6485
6367
6426
6486
6368
6427
6487
6369
6428
6488
6370
6429
6489
6371
6430
6490
6372
6431
6491
6373
6432
6492
6374
6433
6493
6375
6434
6494
6376
6435
6495
6377
6436
6496
6378
6437
6497
6379
6438
6498
6380
6439
6499
6381
6440
6500
6382
6441
6501
6383
6442
6502
6384
6443
6503
6385
6444
6504
6386
6445
6505
6387
6446
6506
6388
6447
6507
6389
6448
6508
6390
6449
6509
6391
6450
6510
6392
6451
6511
6393
6452
6512
6394
6453
6513
6395
6454
6514
6396
6455
6515
6397
6456
6516
6398
6457
6517
6399
6458
6518
6400
6459
6519
6401
6460
6520
6402
6461
6521
6403
6462
6522
6404
6463
6523
6405
6464
6524
6406
6465
6525
6407
6466
6526
6408
6467
6527
6409
6468
6528
6410
6469
6529
6411
6470
6530
6412
6471
6531
6413
6472
6532
6414
6473
6533
6415
6474
6534
6416
6475
6535
6417
6476
6536
6418
6477
6537
6419
6478
6538
6479
6539
6421
6540
6422
6541
6423
6542
6424
6543
6425
6544
6426
6545
6427
6546
6428
6547
6429
6548
6430
6549
6431
6550
6432
6551
6433
6552
6434
6553
6435
6554
6436
6555
6437
6556
6438
6557
6439
6558
6440
6559
6441
6560
6442
6561
6443
6562
6444
6563
6445
6564
6446
6565
6447
6566
6448
6567
6449
6568
6450
6569
6451
6570
6452
6571
6453
6572
6454
6573
6455
6574
6456
6575
6457
6576
6458
6577
6459
6578
6460
6579
6461
6580
6462
6581
6463
6582
6464
6583
6465
6584
6466
6585
6467
6586
6468
6587
6469
6588
6470
6589
6471
6590
6472
6591
6473
6592
6474
6593
6475
6594
6476
6595
6477
6596
6478
6597
6479
6598
6599
6481
6540
6600
6482
6541
6601
6483
6542
6602
6484
6543
6603
6485
6544
6604
6486
6545
6605
6487
6546
6606
6488
6547
6607
6489
6548
6608
6490
6549
6609
6491
6550
6610
6492
6551
6611
6493
6552
6612
6494
6553
6613
6495
6554
6614
6496
6555
6615
6497
6556
6616
6498
6557
6617
6499
6558
6618
6500
6559
6619
6501
6560
6620
6502
6561
6621
6503
6562
6622
6504
6563
6623
6505
6564
6624
6506
6565
6625
6507
6566
6626
6508
6567
6627
6509
6568
6628
6510
6569
6629
6511
6570
6630
6512
6571
6631
6513
6572
6632
6514
6573
6633
6515
6574
6634
6516
6575
6635
6517
6576
6636
6518
6577
6637
6519
6578
6638
6520
6579
6639
6521
6580
6640
6522
6581
6641
6523
6582
6642
6524
6583
6643
6525
6584
6644
6526
6585
6645
6527
6586
6646
6528
6587
6647
6529
6588
6648
6530
6589
6649
6531
6590
6650
6532
6591
6651
6533
6592
6652
6534
6593
6653
6535
6594
6654
6536
6595
6655
6537
6596
6656
6538
6597
6657
6539
6598
6658
6599
6659
6541
6660
6542
6661
6543
6662
6544
6663
6545
6664
6546
6665
6547
6666
6548
6667
6549
6668
6550
6669
6551
6670
6552
6671
6553
6672
6554
6673
6555
6674
6556
6675
6557
6676
6558
6677
6559
6678
6560
6679
6561
6680
6562
6681
6563
6682
6564
6683
6565
6684
6566
6685
6567
6686
6568
6687
6569
6688
6570
6689
6571
6690
6572
6691
6573
6692
6574
6693
6575
6694
6576
6695
6577
6696
6578
6697
6579
6698
6580
6699
6581
6700
6582
6701
6583
6702
6584
6703
6585
6704
6586
6705
6587
6706
6588
6707
6589
6708
6590
6709
6591
6710
6592
6711
6593
6712
6594
6713
6595
6714
6596
6715
6597
6716
6598
6717
6599
6718
6719
6601
6660
6720
6602
6661
6721
6603
6662
6722
6604
6663
6723
6605
6664
6724
6606
6665
6725
6607
6666
6726
6608
6667
6727
6609
6668
6728
6610
6669
6729
6611
6670
6730
6612
6671
6731
6613
6672
6732
6614
6673
6733
6615
6674
6734
6616
6675
6735
6617
6676
6736
6618
6677
6737
6619
6678
6738
6620
6679
6739
6621
6680
6740
6622
6681
6741
6623
6682
6742
6624
6683
6743
6625
6684
6744
6626
6685
6745
6627
6686
6746
6628
6687
6747
6629
6688
6748
6630
6689
6749
6631
6690
6750
6632
6691
6751
6633
6692
6752
6634
6693
6753
6635
6694
6754
6636
6695
6755
6637
6696
6756
6638
6697
6757
6639
6698
6758
6640
6699
6759
6641
6700
6760
6642
6701
6761
6643
6702
6762
6644
6703
6763
6645
6704
6764
6646
6705
6765
6647
6706
6766
6648
6707
6767
6649
6708
6768
6650
6709
6769
6651
6710
6770
6652
6711
6771
6653
6712
6772
6654
6713
6773
6655
6714
6774
6656
6715
6775
6657
6716
6776
6658
6717
6777
6659
6718
6778
6719
6779
6661
6780
6662
6781
6663
6782
6664
6783
6665
6784
6666
6785
6667
6786
6668
6787
6669
6788
6670
6789
6671
6790
6672
6791
6673
6792
6674
6793
6675
6794
6676
6795
6677
6796
6678
6797
6679
6798
6680
6799
6681
6800
6682
6801
6683
6802
6684
6803
6685
6804
6686
6805
6687
6806
6688
6807
6689
6808
6690
6809
6691
6810
6692
6811
6693
6812
6694
6813
6695
6814
6696
6815
6697
6816
6698
6817
6699
6818
6700
6819
6701
6820
6702
6821
6703
6822
6704
6823
6705
6824
6706
6825
6707
6826
6708
6827
6709
6828
6710
6829
6711
6830
6712
6831
6713
6832
6714
6833
6715
6834
6716
6835
6717
6836
6718
6837
6719
6838
6839
6721
6780
6840
6722
6781
6841
6723
6782
6842
6724
6783
6843
6725
6784
6844
6726
6785
6845
6727
6786
6846
6728
6787
6847
6729
6788
6848
6730
6789
6849
6731
6790
6850
6732
6791
6851
6733
6792
6852
6734
6793
6853
6735
6794
6854
6736
6795
6855
6737
6796
6856
6738
6797
6857
6739
6798
6858
6740
6799
6859
6741
6800
6860
6742
6801
6861
6743
6802
6862
6744
6803
6863
6745
6804
6864
6746
6805
6865
6747
6806
6866
6748
6807
6867
6749
6808
6868
6750
6809
6869
6751
6810
6870
6752
6811
6871
6753
6812
6872
6754
6813
6873
6755
6814
6874
6756
6815
6875
6757
6816
6876
6758
6817
6877
6759
6818
6878
6760
6819
6879
6761
6820
6880
6762
6821
6881
6763
6822
6882
6764
6823
6883
6765
6824
6884
6766
6825
6885
6767
6826
6886
6768
6827
6887
6769
6828
6888
6770
6829
6889
6771
6830
6890
6772
6831
6891
6773
6832
6892
6774
6833
6893
6775
6834
6894
6776
6835
6895
6777
6836
6896
6778
6837
6897
6779
6838
6898
6839
6899
6781
6900
6782
6901
6783
6902
6784
6903
6785
6904
6786
6905
6787
6906
6788
6907
6789
6908
6790
6909
6791
6910
6792
6911
6793
6912
6794
6913
6795
6914
6796
6915
6797
6916
6798
6917
6799
6918
6800
6919
6801
6920
6802
6921
6803
6922
6804
6923
6805
6924
6806
6925
6807
6926
6808
6927
6809
6928
6810
6929
6811
6930
6812
6931
6813
6932
6814
6933
6815
6934
6816
6935
6817
6936
6818
6937
6819
6938
6820
6939
6821
6940
6822
6941
6823
6942
6824
6943
6825
6944
6826
6945
6827
6946
6828
6947
6829
6948
6830
6949
6831
6950
6832
6951
6833
6952
6834
6953
6835
6954
6836
6955
6837
6956
6838
6957
6839
6958
6959
6841
6900
6960
6842
6901
6961
6843
6902
6962
6844
6903
6963
6845
6904
6964
6846
6905
6965
6847
6906
6966
6848
6907
6967
6849
6908
6968
6850
6909
6969
6851
6910
6970
6852
6911
6971
6853
6912
6972
6854
6913
6973
6855
6914
6974
6856
6915
6975
6857
6916
6976
6858
6917
6977
6859
6918
6978
6860
6919
6979
6861
6920
6980
6862
6921
6981
6863
6922
6982
6864
6923
6983
6865
6924
6984
6866
6925
6985
6867
6926
6986
6868
6927
6987
6869
6928
6988
6870
6929
6989
6871
6930
6990
6872
6931
6991
6873
6932
6992
6874
6933
6993
6875
6934
6994
6876
6935
6995
6877
6936
6996
6878
6937
6997
6879
6938
6998
6880
6939
6999
6881
6940
7000
6882
6941
7001
6883
6942
7002
6884
6943
7003
6885
6944
7004
6886
6945
7005
6887
6946
7006
6888
6947
7007
6889
6948
7008
6890
6949
7009
6891
6950
7010
6892
6951
7011
6893
6952
7012
6894
6953
7013
6895
6954
7014
6896
6955
7015
6897
6956
7016
6898
6957
7017
6899
6958
7018
6959
7019
6901
7020
6902
7021
6903
7022
6904
7023
6905
7024
6906
7025
6907
7026
6908
7027
6909
7028
6910
7029
6911
7030
6912
7031
6913
7032
6914
7033
6915
7034
6916
7035
6917
7036
6918
7037
6919
7038
6920
7039
6921
7040
6922
7041
6923
7042
6924
7043
6925
7044
6926
7045
6927
7046
6928
7047
6929
7048
6930
7049
6931
7050
6932
7051
6933
7052
6934
7053
6935
7054
6936
7055
6937
7056
6938
7057
6939
7058
6940
7059
6941
7060
6942
7061
6943
7062
6944
7063
6945
7064
6946
7065
6947
7066
6948
7067
6949
7068
6950
7069
6951
7070
6952
7071
6953
7072
6954
7073
6955
7074
6956
7075
6957
7076
6958
7077
6959
7078
7079
6961
7020
7080
6962
7021
7081
6963
7022
7082
6964
7023
7083
6965
7024
7084
6966
7025
7085
6967
7026
7086
6968
7027
7087
6969
7028
7088
6970
7029
7089
6971
7030
7090
6972
7031
7091
6973
7032
7092
6974
7033
7093
6975
7034
7094
6976
7035
7095
6977
7036
7096
6978
7037
7097
6979
7038
7098
6980
7039
7099
6981
7040
7100
6982
7041
7101
6983
7042
7102
6984
7043
7103
6985
7044
7104
6986
7045
7105
6987
7046
7106
6988
7047
7107
6989
7048
7108
6990
7049
7109
6991
7050
7110
6992
7051
7111
6993
7052
7112
6994
7053
7113
6995
7054
7114
6996
7055
7115
6997
7056
7116
6998
7057
7117
6999
7058
7118
7000
7059
7119
7001
7060
7120
7002
7061
7121
7003
7062
7122
7004
7063
7123
7005
7064
7124
7006
7065
7125
7007
7066
7126
7008
7067
7127
7009
7068
7128
7010
7069
7129
7011
7070
7130
7012
7071
7131
7013
7072
7132
7014
7073
7133
7015
7074
7134
7016
7075
7135
7017
7076
7136
7018
7077
7137
7019
7078
7138
7079
7139
7021
7140
7022
7141
7023
7142
7024
7143
7025
7144
7026
7145
7027
7146
7028
7147
7029
7148
7030
7149
7031
7150
7032
7151
7033
7152
7034
7153
7035
7154
7036
7155
7037
7156
7038
7157
7039
7158
7040
7159
7041
7160
7042
7161
7043
7162
7044
7163
7045
7164
7046
7165
7047
7166
7048
7167
7049
7168
7050
7169
7051
7170
7052
7171
7053
7172
7054
7173
7055
7174
7056
7175
7057
7176
7058
7177
7059
7178
7060
7179
7061
7180
7062
7181
7063
7182
7064
7183
7065
7184
7066
7185
7067
7186
7068
7187
7069
7188
7070
7189
7071
7190
7072
7191
7073
7192
7074
7193
7075
7194
7076
7195
7077
7196
7078
7197
7079
7198
7199
7081
7140
7200
7082
7141
7201
7083
7142
7202
7084
7143
7203
7085
7144
7204
7086
7145
7205
7087
7146
7206
7088
7147
7207
7089
7148
7208
7090
7149
7209
7091
7150
7210
7092
7151
7211
7093
7152
7212
7094
7153
7213
7095
7154
7214
7096
7155
7215
7097
7156
7216
7098
7157
7217
7099
7158
7218
7100
7159
7219
7101
7160
7220
7102
7161
7221
7103
7162
7222
7104
7163
7223
7105
7164
7224
7106
7165
7225
7107
7166
7226
7108
7167
7227
7109
7168
7228
7110
7169
7229
7111
7170
7230
7112
7171
7231
7113
7172
7232
7114
7173
7233
7115
7174
7234
7116
7175
7235
7117
7176
7236
7118
7177
7237
7119
7178
7238
7120
7179
7239
7121
7180
7240
7122
7181
7241
7123
7182
7242
7124
7183
7243
7125
7184
7244
7126
7185
7245
7127
7186
7246
7128
7187
7247
7129
7188
7248
7130
7189
7249
7131
7190
7250
7132
7191
7251
7133
7192
7252
7134
7193
7253
7135
7194
7254
7136
7195
7255
7137
7196
7256
7138
7197
7257
7139
7198
7258
7199
7259
7141
7260
7142
7261
7143
7262
7144
7263
7145
7264
7146
7265
7147
7266
7148
7267
7149
7268
7150
7269
7151
7270
7152
7271
7153
7272
7154
7273
7155
7274
7156
7275
7157
7276
7158
7277
7159
7278
7160
7279
7161
7280
7162
7281
7163
7282
7164
7283
7165
7284
7166
7285
7167
7286
7168
7287
7169
7288
7170
7289
7171
7290
7172
7291
7173
7292
7174
7293
7175
7294
7176
7295
7177
7296
7178
7297
7179
7298
7180
7299
7181
7300
7182
7301
7183
7302
7184
7303
7185
7304
7186
7305
7187
7306
7188
7307
7189
7308
7190
7309
7191
7310
7192
7311
7193
7312
7194
7313
7195
7314
7196
7315
7197
7316
7198
7317
7199
7318
7319
7201
7260
7320
7202
7261
7321
7203
7262
7322
7204
7263
7323
7205
7264
7324
7206
7265
7325
7207
7266
7326
7208
7267
7327
7209
7268
7328
7210
7269
7329
7211
7270
7330
7212
7271
7331
7213
7272
7332
7214
7273
7333
7215
7274
7334
7216
7275
7335
7217
7276
7336
7218
7277
7337
7219
7278
7338
7220
7279
7339
7221
7280
7340
7222
7281
7341
7223
7282
7342
7224
7283
7343
7225
7284
7344
7226
7285
7345
7227
7286
7346
7228
7287
7347
7229
7288
7348
7230
7289
7349
7231
7290
7350
7232
7291
7351
7233
7292
7352
7234
7293
7353
7235
7294
7354
7236
7295
7355
7237
7296
7356
7238
7297
7357
7239
7298
7358
7240
7299
7359
7241
7300
7360
7242
7301
7361
7243
7302
7362
7244
7303
7363
7245
7304
7364
7246
7305
7365
7247
7306
7366
7248
7307
7367
7249
7308
7368
7250
7309
7369
7251
7310
7370
7252
7311
7371
7253
7312
7372
7254
7313
7373
7255
7314
7374
7256
7315
7375
7257
7316
7376
7258
7317
7377
7259
7318
7378
7319
7379
7261
7380
7262
7381
7263
7382
7264
7383
7265
7384
7266
7385
7267
7386
7268
7387
7269
7388
7270
7389
7271
7390
7272
7391
7273
7392
7274
7393
7275
7394
7276
7395
7277
7396
7278
7397
7279
7398
7280
7399
7281
7400
7282
7401
7283
7402
7284
7403
7285
7404
7286
7405
7287
7406
7288
7407
7289
7408
7290
7409
7291
7410
7292
7411
7293
7412
7294
7413
7295
7414
7296
7415
7297
7416
7298
7417
7299
7418
7300
7419
7301
7420
7302
7421
7303
7422
7304
7423
7305
7424
7306
7425
7307
7426
7308
7427
7309
7428
7310
7429
7311
7430
7312
7431
7313
7432
7314
7433
7315
7434
7316
7435
7317
7436
7318
7437
7319
7438
7439
7321
7380
7440
7322
7381
7441
7323
7382
7442
7324
7383
7443
7325
7384
7444
7326
7385
7445
7327
7386
7446
7328
7387
7447
7329
7388
7448
7330
7389
7449
7331
7390
7450
7332
7391
7451
7333
7392
7452
7334
7393
7453
7335
7394
7454
7336
7395
7455
7337
7396
7456
7338
7397
7457
7339
7398
7458
7340
7399
7459
7341
7400
7460
7342
7401
7461
7343
7402
7462
7344
7403
7463
7345
7404
7464
7346
7405
7465
7347
7406
7466
7348
7407
7467
7349
7408
7468
7350
7409
7469
7351
7410
7470
7352
7411
7471
7353
7412
7472
7354
7413
7473
7355
7414
7474
7356
7415
7475
7357
7416
7476
7358
7417
7477
7359
7418
7478
7360
7419
7479
7361
7420
7480
7362
7421
7481
7363
7422
7482
7364
7423
7483
7365
7424
7484
7366
7425
7485
7367
7426
7486
7368
7427
7487
7369
7428
7488
7370
7429
7489
7371
7430
7490
7372
7431
7491
7373
7432
7492
7374
7433
7493
7375
7434
7494
7376
7435
7495
7377
7436
7496
7378
7437
7497
7379
7438
7498
7439
7499
7381
7500
7382
7501
7383
7502
7384
7503
7385
7504
7386
7505
7387
7506
7388
7507
7389
7508
7390
7509
7391
7510
7392
7511
7393
7512
7394
7513
7395
7514
7396
7515
7397
7516
7398
7517
7399
7518
7400
7519
7401
7520
7402
7521
7403
7522
7404
7523
7405
7524
7406
7525
7407
7526
7408
7527
7409
7528
7410
7529
7411
7530
7412
7531
7413
7532
7414
7533
7415
7534
7416
7535
7417
7536
7418
7537
7419
7538
7420
7539
7421
7540
7422
7541
7423
7542
7424
7543
7425
7544
7426
7545
7427
7546
7428
7547
7429
7548
7430
7549
7431
7550
7432
7551
7433
7552
7434
7553
7435
7554
7436
7555
7437
7556
7438
7557
7439
7558
7559
7441
7500
7560
7442
7501
7561
7443
7502
7562
7444
7503
7563
7445
7504
7564
7446
7505
7565
7447
7506
7566
7448
7507
7567
7449
7508
7568
7450
7509
7569
7451
7510
7570
7452
7511
7571
7453
7512
7572
7454
7513
7573
7455
7514
7574
7456
7515
7575
7457
7516
7576
7458
7517
7577
7459
7518
7578
7460
7519
7579
7461
7520
7580
7462
7521
7581
7463
7522
7582
7464
7523
7583
7465
7524
7584
7466
7525
7585
7467
7526
7586
7468
7527
7587
7469
7528
7588
7470
7529
7589
7471
7530
7590
7472
7531
7591
7473
7532
7592
7474
7533
7593
7475
7534
7594
7476
7535
7595
7477
7536
7596
7478
7537
7597
7479
7538
7598
7480
7539
7599
7481
7540
7600
7482
7541
7601
7483
7542
7602
7484
7543
7603
7485
7544
7604
7486
7545
7605
7487
7546
7606
7488
7547
7607
7489
7548
7608
7490
7549
7609
7491
7550
7610
7492
7551
7611
7493
7552
7612
7494
7553
7613
7495
7554
7614
7496
7555
7615
7497
7556
7616
7498
7557
7617
7499
7558
7618
7559
7619
7501
7620
7502
7621
7503
7622
7504
7623
7505
7624
7506
7625
7507
7626
7508
7627
7509
7628
7510
7629
7511
7630
7512
7631
7513
7632
7514
7633
7515
7634
7516
7635
7517
7636
7518
7637
7519
7638
7520
7639
7521
7640
7522
7641
7523
7642
7524
7643
7525
7644
7526
7645
7527
7646
7528
7647
7529
7648
7530
7649
7531
7650
7532
7651
7533
7652
7534
7653
7535
7654
7536
7655
7537
7656
7538
7657
7539
7658
7540
7659
7541
7660
7542
7661
7543
7662
7544
7663
7545
7664
7546
7665
7547
7666
7548
7667
7549
7668
7550
7669
7551
7670
7552
7671
7553
7672
7554
7673
7555
7674
7556
7675
7557
7676
7558
7677
7559
7678
7679
7561
7620
7680
7562
7621
7681
7563
7622
7682
7564
7623
7683
7565
7624
7684
7566
7625
7685
7567
7626
7686
7568
7627
7687
7569
7628
7688
7570
7629
7689
7571
7630
7690
7572
7631
7691
7573
7632
7692
7574
7633
7693
7575
7634
7694
7576
7635
7695
7577
7636
7696
7578
7637
7697
7579
7638
7698
7580
7639
7699
7581
7640
7700
7582
7641
7701
7583
7642
7702
7584
7643
7703
7585
7644
7704
7586
7645
7705
7587
7646
7706
7588
7647
7707
7589
7648
7708
7590
7649
7709
7591
7650
7710
7592
7651
7711
7593
7652
7712
7594
7653
7713
7595
7654
7714
7596
7655
7715
7597
7656
7716
7598
7657
7717
7599
7658
7718
7600
7659
7719
7601
7660
7720
7602
7661
7721
7603
7662
7722
7604
7663
7723
7605
7664
7724
7606
7665
7725
7607
7666
7726
7608
7667
7727
7609
7668
7728
7610
7669
7729
7611
7670
7730
7612
7671
7731
7613
7672
7732
7614
7673
7733
7615
7674
7734
7616
7675
7735
7617
7676
7736
7618
7677
7737
7619
7678
7738
7679
7739
7621
7740
7622
7741
7623
7742
7624
7743
7625
7744
7626
7745
7627
7746
7628
7747
7629
7748
7630
7749
7631
7750
7632
7751
7633
7752
7634
7753
7635
7754
7636
7755
7637
7756
7638
7757
7639
7758
7640
7759
7641
7760
7642
7761
7643
7762
7644
7763
7645
7764
7646
7765
7647
7766
7648
7767
7649
7768
7650
7769
7651
7770
7652
7771
7653
7772
7654
7773
7655
7774
7656
7775
7657
7776
7658
7777
7659
7778
7660
7779
7661
7780
7662
7781
7663
7782
7664
7783
7665
7784
7666
7785
7667
7786
7668
7787
7669
7788
7670
7789
7671
7790
7672
7791
7673
7792
7674
7793
7675
7794
7676
7795
7677
7796
7678
7797
7679
7798
7799
7681
7740
7800
7682
7741
7801
7683
7742
7802
7684
7743
7803
7685
7744
7804
7686
7745
7805
7687
7746
7806
7688
7747
7807
7689
7748
7808
7690
7749
7809
7691
7750
7810
7692
7751
7811
7693
7752
7812
7694
7753
7813
7695
7754
7814
7696
7755
7815
7697
7756
7816
7698
7757
7817
7699
7758
7818
7700
7759
7819
7701
7760
7820
7702
7761
7821
7703
7762
7822
7704
7763
7823
7705
7764
7824
7706
7765
7825
7707
7766
7826
7708
7767
7827
7709
7768
7828
7710
7769
7829
7711
7770
7830
7712
7771
7831
7713
7772
7832
7714
7773
7833
7715
7774
7834
7716
7775
7835
7717
7776
7836
7718
7777
7837
7719
7778
7838
7720
7779
7839
7721
7780
7840
7722
7781
7841
7723
7782
7842
7724
7783
7843
7725
7784
7844
7726
7785
7845
7727
7786
7846
7728
7787
7847
7729
7788
7848
7730
7789
7849
7731
7790
7850
7732
7791
7851
7733
7792
7852
7734
7793
7853
7735
7794
7854
7736
7795
7855
7737
7796
7856
7738
7797
7857
7739
7798
7858
7799
7859
7741
7860
7742
7861
7743
7862
7744
7863
7745
7864
7746
7865
7747
7866
7748
7867
7749
7868
7750
7869
7751
7870
7752
7871
7753
7872
7754
7873
7755
7874
7756
7875
7757
7876
7758
7877
7759
7878
7760
7879
7761
7880
7762
7881
7763
7882
7764
7883
7765
7884
7766
7885
7767
7886
7768
7887
7769
7888
7770
7889
7771
7890
7772
7891
7773
7892
7774
7893
7775
7894
7776
7895
7777
7896
7778
7897
7779
7898
7780
7899
7781
7900
7782
7901
7783
7902
7784
7903
7785
7904
7786
7905
7787
7906
7788
7907
7789
7908
7790
7909
7791
7910
7792
7911
7793
7912
7794
7913
7795
7914
7796
7915
7797
7916
7798
7917
7799
7918
7919
7801
7860
7920
7802
7861
7921
7803
7862
7922
7804
7863
7923
7805
7864
7924
7806
7865
7925
7807
7866
7926
7808
7867
7927
7809
7868
7928
7810
7869
7929
7811
7870
7930
7812
7871
7931
7813
7872
7932
7814
7873
7933
7815
7874
7934
7816
7875
7935
7817
7876
7936
7818
7877
7937
7819
7878
7938
7820
7879
7939
7821
7880
7940
7822
7881
7941
7823
7882
7942
7824
7883
7943
7825
7884
7944
7826
7885
7945
7827
7886
7946
7828
7887
7947
7829
7888
7948
7830
7889
7949
7831
7890
7950
7832
7891
7951
7833
7892
7952
7834
7893
7953
7835
7894
7954
7836
7895
7955
7837
7896
7956
7838
7897
7957
7839
7898
7958
7840
7899
7959
7841
7900
7960
7842
7901
7961
7843
7902
7962
7844
7903
7963
7845
7904
7964
7846
7905
7965
7847
7906
7966
7848
7907
7967
7849
7908
7968
7850
7909
7969
7851
7910
7970
7852
7911
7971
7853
7912
7972
7854
7913
7973
7855
7914
7974
7856
7915
7975
7857
7916
7976
7858
7917
7977
7859
7918
7978
7919
7979
7861
7980
7862
7981
7863
7982
7864
7983
7865
7984
7866
7985
7867
7986
7868
7987
7869
7988
7870
7989
7871
7990
7872
7991
7873
7992
7874
7993
7875
7994
7876
7995
7877
7996
7878
7997
7879
7998
7880
7999
7881
8000
7882
8001
7883
8002
7884
8003
7885
8004
7886
8005
7887
8006
7888
8007
7889
8008
7890
8009
7891
8010
7892
8011
7893
8012
7894
8013
7895
8014
7896
8015
7897
8016
7898
8017
7899
8018
7900
8019
7901
8020
7902
8021
7903
8022
7904
8023
7905
8024
7906
8025
7907
8026
7908
8027
7909
8028
7910
8029
7911
8030
7912
8031
7913
8032
7914
8033
7915
8034
7916
8035
7917
8036
7918
8037
7919
8038
8039
7921
7980
8040
7922
7981
8041
7923
7982
8042
7924
7983
8043
7925
7984
8044
7926
7985
8045
7927
7986
8046
7928
7987
8047
7929
7988
8048
7930
7989
8049
7931
7990
8050
7932
7991
8051
7933
7992
8052
7934
7993
8053
7935
7994
8054
7936
7995
8055
7937
7996
8056
7938
7997
8057
7939
7998
8058
7940
7999
8059
7941
8000
8060
7942
8001
8061
7943
8002
8062
7944
8003
8063
7945
8004
8064
7946
8005
8065
7947
8006
8066
7948
8007
8067
7949
8008
8068
7950
8009
8069
7951
8010
8070
7952
8011
8071
7953
8012
8072
7954
8013
8073
7955
8014
8074
7956
8015
8075
7957
8016
8076
7958
8017
8077
7959
8018
8078
7960
8019
8079
7961
8020
8080
7962
8021
8081
7963
8022
8082
7964
8023
8083
7965
8024
8084
7966
8025
8085
7967
8026
8086
7968
8027
8087
7969
8028
8088
7970
8029
8089
7971
8030
8090
7972
8031
8091
7973
8032
8092
7974
8033
8093
7975
8034
8094
7976
8035
8095
7977
8036
8096
7978
8037
8097
7979
8038
8098
8039
8099
7981
8100
7982
8101
7983
8102
7984
8103
7985
8104
7986
8105
7987
8106
7988
8107
7989
8108
7990
8109
7991
8110
7992
8111
7993
8112
7994
8113
7995
8114
7996
8115
7997
8116
7998
8117
7999
8118
8000
8119
8001
8120
8002
8121
8003
8122
8004
8123
8005
8124
8006
8125
8007
8126
8008
8127
8009
8128
8010
8129
8011
8130
8012
8131
8013
8132
8014
8133
8015
8134
8016
8135
8017
8136
8018
8137
8019
8138
8020
8139
8021
8140
8022
8141
8023
8142
8024
8143
8025
8144
8026
8145
8027
8146
8028
8147
8029
8148
8030
8149
8031
8150
8032
8151
8033
8152
8034
8153
8035
8154
8036
8155
8037
8156
8038
8157
8039
8158
8159
8041
8100
8160
8042
8101
8161
8043
8102
8162
8044
8103
8163
8045
8104
8164
8046
8105
8165
8047
8106
8166
8048
8107
8167
8049
8108
8168
8050
8109
8169
8051
8110
8170
8052
8111
8171
8053
8112
8172
8054
8113
8173
8055
8114
8174
8056
8115
8175
8057
8116
8176
8058
8117
8177
8059
8118
8178
8060
8119
8179
8061
8120
8180
8062
8121
8181
8063
8122
8182
8064
8123
8183
8065
8124
8184
8066
8125
8185
8067
8126
8186
8068
8127
8187
8069
8128
8188
8070
8129
8189
8071
8130
8190
8072
8131
8191
8073
8132
8192
8074
8133
8193
8075
8134
8194
8076
8135
8195
8077
8136
8196
8078
8137
8197
8079
8138
8198
8080
8139
8199
8081
8140
8200
8082
8141
8201
8083
8142
8202
8084
8143
8203
8085
8144
8204
8086
8145
8205
8087
8146
8206
8088
8147
8207
8089
8148
8208
8090
8149
8209
8091
8150
8210
8092
8151
8211
8093
8152
8212
8094
8153
8213
8095
8154
8214
8096
8155
8215
8097
8156
8216
8098
8157
8217
8099
8158
8218
8159
8219
8101
8220
8102
8221
8103
8222
8104
8223
8105
8224
8106
8225
8107
8226
8108
8227
8109
8228
8110
8229
8111
8230
8112
8231
8113
8232
8114
8233
8115
8234
8116
8235
8117
8236
8118
8237
8119
8238
8120
8239
8121
8240
8122
8241
8123
8242
8124
8243
8125
8244
8126
8245
8127
8246
8128
8247
8129
8248
8130
8249
8131
8250
8132
8251
8133
8252
8134
8253
8135
8254
8136
8255
8137
8256
8138
8257
8139
8258
8140
8259
8141
8260
8142
8261
8143
8262
8144
8263
8145
8264
8146
8265
8147
8266
8148
8267
8149
8268
8150
8269
8151
8270
8152
8271
8153
8272
8154
8273
8155
8274
8156
8275
8157
8276
8158
8277
8159
8278
8279
8161
8220
8280
8162
8221
8281
8163
8222
8282
8164
8223
8283
8165
8224
8284
8166
8225
8285
8167
8226
8286
8168
8227
8287
8169
8228
8288
8170
8229
8289
8171
8230
8290
8172
8231
8291
8173
8232
8292
8174
8233
8293
8175
8234
8294
8176
8235
8295
8177
8236
8296
8178
8237
8297
8179
8238
8298
8180
8239
8299
8181
8240
8300
8182
8241
8301
8183
8242
8302
8184
8243
8303
8185
8244
8304
8186
8245
8305
8187
8246
8306
8188
8247
8307
8189
8248
8308
8190
8249
8309
8191
8250
8310
8192
8251
8311
8193
8252
8312
8194
8253
8313
8195
8254
8314
8196
8255
8315
8197
8256
8316
8198
8257
8317
8199
8258
8318
8200
8259
8319
8201
8260
8320
8202
8261
8321
8203
8262
8322
8204
8263
8323
8205
8264
8324
8206
8265
8325
8207
8266
8326
8208
8267
8327
8209
8268
8328
8210
8269
8329
8211
8270
8330
8212
8271
8331
8213
8272
8332
8214
8273
8333
8215
8274
8334
8216
8275
8335
8217
8276
8336
8218
8277
8337
8219
8278
8338
8279
8339
8221
8340
8222
8341
8223
8342
8224
8343
8225
8344
8226
8345
8227
8346
8228
8347
8229
8348
8230
8349
8231
8350
8232
8351
8233
8352
8234
8353
8235
8354
8236
8355
8237
8356
8238
8357
8239
8358
8240
8359
8241
8360
8242
8361
8243
8362
8244
8363
8245
8364
8246
8365
8247
8366
8248
8367
8249
8368
8250
8369
8251
8370
8252
8371
8253
8372
8254
8373
8255
8374
8256
8375
8257
8376
8258
8377
8259
8378
8260
8379
8261
8380
8262
8381
8263
8382
8264
8383
8265
8384
8266
8385
8267
8386
8268
8387
8269
8388
8270
8389
8271
8390
8272
8391
8273
8392
8274
8393
8275
8394
8276
8395
8277
8396
8278
8397
8279
8398
8399
8281
8340
8400
8282
8341
8401
8283
8342
8402
8284
8343
8403
8285
8344
8404
8286
8345
8405
8287
8346
8406
8288
8347
8407
8289
8348
8408
8290
8349
8409
8291
8350
8410
8292
8351
8411
8293
8352
8412
8294
8353
8413
8295
8354
8414
8296
8355
8415
8297
8356
8416
8298
8357
8417
8299
8358
8418
8300
8359
8419
8301
8360
8420
8302
8361
8421
8303
8362
8422
8304
8363
8423
8305
8364
8424
8306
8365
8425
8307
8366
8426
8308
8367
8427
8309
8368
8428
8310
8369
8429
8311
8370
8430
8312
8371
8431
8313
8372
8432
8314
8373
8433
8315
8374
8434
8316
8375
8435
8317
8376
8436
8318
8377
8437
8319
8378
8438
8320
8379
8439
8321
8380
8440
8322
8381
8441
8323
8382
8442
8324
8383
8443
8325
8384
8444
8326
8385
8445
8327
8386
8446
8328
8387
8447
8329
8388
8448
8330
8389
8449
8331
8390
8450
8332
8391
8451
8333
8392
8452
8334
8393
8453
8335
8394
8454
8336
8395
8455
8337
8396
8456
8338
8397
8457
8339
8398
8458
8399
8459
8341
8460
8342
8461
8343
8462
8344
8463
8345
8464
8346
8465
8347
8466
8348
8467
8349
8468
8350
8469
8351
8470
8352
8471
8353
8472
8354
8473
8355
8474
8356
8475
8357
8476
8358
8477
8359
8478
8360
8479
8361
8480
8362
8481
8363
8482
8364
8483
8365
8484
8366
8485
8367
8486
8368
8487
8369
8488
8370
8489
8371
8490
8372
8491
8373
8492
8374
8493
8375
8494
8376
8495
8377
8496
8378
8497
8379
8498
8380
8499
8381
8500
8382
8501
8383
8502
8384
8503
8385
8504
8386
8505
8387
8506
8388
8507
8389
8508
8390
8509
8391
8510
8392
8511
8393
8512
8394
8513
8395
8514
8396
8515
8397
8516
8398
8517
8399
8518
8519
8401
8460
8520
8402
8461
8521
8403
8462
8522
8404
8463
8523
8405
8464
8524
8406
8465
8525
8407
8466
8526
8408
8467
8527
8409
8468
8528
8410
8469
8529
8411
8470
8530
8412
8471
8531
8413
8472
8532
8414
8473
8533
8415
8474
8534
8416
8475
8535
8417
8476
8536
8418
8477
8537
8419
8478
8538
8420
8479
8539
8421
8480
8540
8422
8481
8541
8423
8482
8542
8424
8483
8543
8425
8484
8544
8426
8485
8545
8427
8486
8546
8428
8487
8547
8429
8488
8548
8430
8489
8549
8431
8490
8550
8432
8491
8551
8433
8492
8552
8434
8493
8553
8435
8494
8554
8436
8495
8555
8437
8496
8556
8438
8497
8557
8439
8498
8558
8440
8499
8559
8441
8500
8560
8442
8501
8561
8443
8502
8562
8444
8503
8563
8445
8504
8564
8446
8505
8565
8447
8506
8566
8448
8507
8567
8449
8508
8568
8450
8509
8569
8451
8510
8570
8452
8511
8571
8453
8512
8572
8454
8513
8573
8455
8514
8574
8456
8515
8575
8457
8516
8576
8458
8517
8577
8459
8518
8578
8519
8579
8461
8580
8462
8581
8463
8582
8464
8583
8465
8584
8466
8585
8467
8586
8468
8587
8469
8588
8470
8589
8471
8590
8472
8591
8473
8592
8474
8593
8475
8594
8476
8595
8477
8596
8478
8597
8479
8598
8480
8599
8481
8600
8482
8601
8483
8602
8484
8603
8485
8604
8486
8605
8487
8606
8488
8607
8489
8608
8490
8609
8491
8610
8492
8611
8493
8612
8494
8613
8495
8614
8496
8615
8497
8616
8498
8617
8499
8618
8500
8619
8501
8620
8502
8621
8503
8622
8504
8623
8505
8624
8506
8625
8507
8626
8508
8627
8509
8628
8510
8629
8511
8630
8512
8631
8513
8632
8514
8633
8515
8634
8516
8635
8517
8636
8518
8637
8519
8638
8639
8521
8580
8640
8522
8581
8641
8523
8582
8642
8524
8583
8643
8525
8584
8644
8526
8585
8645
8527
8586
8646
8528
8587
8647
8529
8588
8648
8530
8589
8649
8531
8590
8650
8532
8591
8651
8533
8592
8652
8534
8593
8653
8535
8594
8654
8536
8595
8655
8537
8596
8656
8538
8597
8657
8539
8598
8658
8540
8599
8659
8541
8600
8660
8542
8601
8661
8543
8602
8662
8544
8603
8663
8545
8604
8664
8546
8605
8665
8547
8606
8666
8548
8607
8667
8549
8608
8668
8550
8609
8669
8551
8610
8670
8552
8611
8671
8553
8612
8672
8554
8613
8673
8555
8614
8674
8556
8615
8675
8557
8616
8676
8558
8617
8677
8559
8618
8678
8560
8619
8679
8561
8620
8680
8562
8621
8681
8563
8622
8682
8564
8623
8683
8565
8624
8684
8566
8625
8685
8567
8626
8686
8568
8627
8687
8569
8628
8688
8570
8629
8689
8571
8630
8690
8572
8631
8691
8573
8632
8692
8574
8633
8693
8575
8634
8694
8576
8635
8695
8577
8636
8696
8578
8637
8697
8579
8638
8698
8639
8699
8581
8700
8582
8701
8583
8702
8584
8703
8585
8704
8586
8705
8587
8706
8588
8707
8589
8708
8590
8709
8591
8710
8592
8711
8593
8712
8594
8713
8595
8714
8596
8715
8597
8716
8598
8717
8599
8718
8600
8719
8601
8720
8602
8721
8603
8722
8604
8723
8605
8724
8606
8725
8607
8726
8608
8727
8609
8728
8610
8729
8611
8730
8612
8731
8613
8732
8614
8733
8615
8734
8616
8735
8617
8736
8618
8737
8619
8738
8620
8739
8621
8740
8622
8741
8623
8742
8624
8743
8625
8744
8626
8745
8627
8746
8628
8747
8629
8748
8630
8749
8631
8750
8632
8751
8633
8752
8634
8753
8635
8754
8636
8755
8637
8756
8638
8757
8639
8758
8759
8641
8700
8760
8642
8701
8761
8643
8702
8762
8644
8703
8763
8645
8704
8764
8646
8705
8765
8647
8706
8766
8648
8707
8767
8649
8708
8768
8650
8709
8769
8651
8710
8770
8652
8711
8771
8653
8712
8772
8654
8713
8773
8655
8714
8774
8656
8715
8775
8657
8716
8776
8658
8717
8777
8659
8718
8778
8660
8719
8779
8661
8720
8780
8662
8721
8781
8663
8722
8782
8664
8723
8783
8665
8724
8784
8666
8725
8785
8667
8726
8786
8668
8727
8787
8669
8728
8788
8670
8729
8789
8671
8730
8790
8672
8731
8791
8673
8732
8792
8674
8733
8793
8675
8734
8794
8676
8735
8795
8677
8736
8796
8678
8737
8797
8679
8738
8798
8680
8739
8799
8681
8740
8800
8682
8741
8801
8683
8742
8802
8684
8743
8803
8685
8744
8804
8686
8745
8805
8687
8746
8806
8688
8747
8807
8689
8748
8808
8690
8749
8809
8691
8750
8810
8692
8751
8811
8693
8752
8812
8694
8753
8813
8695
8754
8814
8696
8755
8815
8697
8756
8816
8698
8757
8817
8699
8758
8818
8759
8819
8701
8820
8702
8821
8703
8822
8704
8823
8705
8824
8706
8825
8707
8826
8708
8827
8709
8828
8710
8829
8711
8830
8712
8831
8713
8832
8714
8833
8715
8834
8716
8835
8717
8836
8718
8837
8719
8838
8720
8839
8721
8840
8722
8841
8723
8842
8724
8843
8725
8844
8726
8845
8727
8846
8728
8847
8729
8848
8730
8849
8731
8850
8732
8851
8733
8852
8734
8853
8735
8854
8736
8855
8737
8856
8738
8857
8739
8858
8740
8859
8741
8860
8742
8861
8743
8862
8744
8863
8745
8864
8746
8865
8747
8866
8748
8867
8749
8868
8750
8869
8751
8870
8752
8871
8753
8872
8754
8873
8755
8874
8756
8875
8757
8876
8758
8877
8759
8878
8879
8761
8820
8880
8762
8821
8881
8763
8822
8882
8764
8823
8883
8765
8824
8884
8766
8825
8885
8767
8826
8886
8768
8827
8887
8769
8828
8888
8770
8829
8889
8771
8830
8890
8772
8831
8891
8773
8832
8892
8774
8833
8893
8775
8834
8894
8776
8835
8895
8777
8836
8896
8778
8837
8897
8779
8838
8898
8780
8839
8899
8781
8840
8900
8782
8841
8901
8783
8842
8902
8784
8843
8903
8785
8844
8904
8786
8845
8905
8787
8846
8906
8788
8847
8907
8789
8848
8908
8790
8849
8909
8791
8850
8910
8792
8851
8911
8793
8852
8912
8794
8853
8913
8795
8854
8914
8796
8855
8915
8797
8856
8916
8798
8857
8917
8799
8858
8918
8800
8859
8919
8801
8860
8920
8802
8861
8921
8803
8862
8922
8804
8863
8923
8805
8864
8924
8806
8865
8925
8807
8866
8926
8808
8867
8927
8809
8868
8928
8810
8869
8929
8811
8870
8930
8812
8871
8931
8813
8872
8932
8814
8873
8933
8815
8874
8934
8816
8875
8935
8817
8876
8936
8818
8877
8937
8819
8878
8938
8879
8939
8821
8940
8822
8941
8823
8942
8824
8943
8825
8944
8826
8945
8827
8946
8828
8947
8829
8948
8830
8949
8831
8950
8832
8951
8833
8952
8834
8953
8835
8954
8836
8955
8837
8956
8838
8957
8839
8958
8840
8959
8841
8960
8842
8961
8843
8962
8844
8963
8845
8964
8846
8965
8847
8966
8848
8967
8849
8968
8850
8969
8851
8970
8852
8971
8853
8972
8854
8973
8855
8974
8856
8975
8857
8976
8858
8977
8859
8978
8860
8979
8861
8980
8862
8981
8863
8982
8864
8983
8865
8984
8866
8985
8867
8986
8868
8987
8869
8988
8870
8989
8871
8990
8872
8991
8873
8992
8874
8993
8875
8994
8876
8995
8877
8996
8878
8997
8879
8998
8999
8881
8940
9000
8882
8941
9001
8883
8942
9002
8884
8943
9003
8885
8944
9004
8886
8945
9005
8887
8946
9006
8888
8947
9007
8889
8948
9008
8890
8949
9009
8891
8950
9010
8892
8951
9011
8893
8952
9012
8894
8953
9013
8895
8954
9014
8896
8955
9015
8897
8956
9016
8898
8957
9017
8899
8958
9018
8900
8959
9019
8901
8960
9020
8902
8961
9021
8903
8962
9022
8904
8963
9023
8905
8964
9024
8906
8965
9025
8907
8966
9026
8908
8967
9027
8909
8968
9028
8910
8969
9029
8911
8970
9030
8912
8971
9031
8913
8972
9032
8914
8973
9033
8915
8974
9034
8916
8975
9035
8917
8976
9036
8918
8977
9037
8919
8978
9038
8920
8979
9039
8921
8980
9040
8922
8981
9041
8923
8982
9042
8924
8983
9043
8925
8984
9044
8926
8985
9045
8927
8986
9046
8928
8987
9047
8929
8988
9048
8930
8989
9049
8931
8990
9050
8932
8991
9051
8933
8992
9052
8934
8993
9053
8935
8994
9054
8936
8995
9055
8937
8996
9056
8938
8997
9057
8939
8998
9058
8999
9059
8941
9060
8942
9061
8943
9062
8944
9063
8945
9064
8946
9065
8947
9066
8948
9067
8949
9068
8950
9069
8951
9070
8952
9071
8953
9072
8954
9073
8955
9074
8956
9075
8957
9076
8958
9077
8959
9078
8960
9079
8961
9080
8962
9081
8963
9082
8964
9083
8965
9084
8966
9085
8967
9086
8968
9087
8969
9088
8970
9089
8971
9090
8972
9091
8973
9092
8974
9093
8975
9094
8976
9095
8977
9096
8978
9097
8979
9098
8980
9099
8981
9100
8982
9101
8983
9102
8984
9103
8985
9104
8986
9105
8987
9106
8988
9107
8989
9108
8990
9109
8991
9110
8992
9111
8993
9112
8994
9113
8995
9114
8996
9115
8997
9116
8998
9117
8999
9118
9119
9001
9060
9120
9002
9061
9121
9003
9062
9122
9004
9063
9123
9005
9064
9124
9006
9065
9125
9007
9066
9126
9008
9067
9127
9009
9068
9128
9010
9069
9129
9011
9070
9130
9012
9071
9131
9013
9072
9132
9014
9073
9133
9015
9074
9134
9016
9075
9135
9017
9076
9136
9018
9077
9137
9019
9078
9138
9020
9079
9139
9021
9080
9140
9022
9081
9141
9023
9082
9142
9024
9083
9143
9025
9084
9144
9026
9085
9145
9027
9086
9146
9028
9087
9147
9029
9088
9148
9030
9089
9149
9031
9090
9150
9032
9091
9151
9033
9092
9152
9034
9093
9153
9035
9094
9154
9036
9095
9155
9037
9096
9156
9038
9097
9157
9039
9098
9158
9040
9099
9159
9041
9100
9160
9042
9101
9161
9043
9102
9162
9044
9103
9163
9045
9104
9164
9046
9105
9165
9047
9106
9166
9048
9107
9167
9049
9108
9168
9050
9109
9169
9051
9110
9170
9052
9111
9171
9053
9112
9172
9054
9113
9173
9055
9114
9174
9056
9115
9175
9057
9116
9176
9058
9117
9177
9059
9118
9178
9119
9179
9061
9180
9062
9181
9063
9182
9064
9183
9065
9184
9066
9185
9067
9186
9068
9187
9069
9188
9070
9189
9071
9190
9072
9191
9073
9192
9074
9193
9075
9194
9076
9195
9077
9196
9078
9197
9079
9198
9080
9199
9081
9200
9082
9201
9083
9202
9084
9203
9085
9204
9086
9205
9087
9206
9088
9207
9089
9208
9090
9209
9091
9210
9092
9211
9093
9212
9094
9213
9095
9214
9096
9215
9097
9216
9098
9217
9099
9218
9100
9219
9101
9220
9102
9221
9103
9222
9104
9223
9105
9224
9106
9225
9107
9226
9108
9227
9109
9228
9110
9229
9111
9230
9112
9231
9113
9232
9114
9233
9115
9234
9116
9235
9117
9236
9118
9237
9119
9238
9239
9121
9180
9240
9122
9181
9241
9123
9182
9242
9124
9183
9243
9125
9184
9244
9126
9185
9245
9127
9186
9246
9128
9187
9247
9129
9188
9248
9130
9189
9249
9131
9190
9250
9132
9191
9251
9133
9192
9252
9134
9193
9253
9135
9194
9254
9136
9195
9255
9137
9196
9256
9138
9197
9257
9139
9198
9258
9140
9199
9259
9141
9200
9260
9142
9201
9261
9143
9202
9262
9144
9203
9263
9145
9204
9264
9146
9205
9265
9147
9206
9266
9148
9207
9267
9149
9208
9268
9150
9209
9269
9151
9210
9270
9152
9211
9271
9153
9212
9272
9154
9213
9273
9155
9214
9274
9156
9215
9275
9157
9216
9276
9158
9217
9277
9159
9218
9278
9160
9219
9279
9161
9220
9280
9162
9221
9281
9163
9222
9282
9164
9223
9283
9165
9224
9284
9166
9225
9285
9167
9226
9286
9168
9227
9287
9169
9228
9288
9170
9229
9289
9171
9230
9290
9172
9231
9291
9173
9232
9292
9174
9233
9293
9175
9234
9294
9176
9235
9295
9177
9236
9296
9178
9237
9297
9179
9238
9298
9239
9299
9181
9300
9182
9301
9183
9302
9184
9303
9185
9304
9186
9305
9187
9306
9188
9307
9189
9308
9190
9309
9191
9310
9192
9311
9193
9312
9194
9313
9195
9314
9196
9315
9197
9316
9198
9317
9199
9318
9200
9319
9201
9320
9202
9321
9203
9322
9204
9323
9205
9324
9206
9325
9207
9326
9208
9327
9209
9328
9210
9329
9211
9330
9212
9331
9213
9332
9214
9333
9215
9334
9216
9335
9217
9336
9218
9337
9219
9338
9220
9339
9221
9340
9222
9341
9223
9342
9224
9343
9225
9344
9226
9345
9227
9346
9228
9347
9229
9348
9230
9349
9231
9350
9232
9351
9233
9352
9234
9353
9235
9354
9236
9355
9237
9356
9238
9357
9239
9358
9359
9241
9300
9360
9242
9301
9361
9243
9302
9362
9244
9303
9363
9245
9304
9364
9246
9305
9365
9247
9306
9366
9248
9307
9367
9249
9308
9368
9250
9309
9369
9251
9310
9370
9252
9311
9371
9253
9312
9372
9254
9313
9373
9255
9314
9374
9256
9315
9375
9257
9316
9376
9258
9317
9377
9259
9318
9378
9260
9319
9379
9261
9320
9380
9262
9321
9381
9263
9322
9382
9264
9323
9383
9265
9324
9384
9266
9325
9385
9267
9326
9386
9268
9327
9387
9269
9328
9388
9270
9329
9389
9271
9330
9390
9272
9331
9391
9273
9332
9392
9274
9333
9393
9275
9334
9394
9276
9335
9395
9277
9336
9396
9278
9337
9397
9279
9338
9398
9280
9339
9399
9281
9340
9400
9282
9341
9401
9283
9342
9402
9284
9343
9403
9285
9344
9404
9286
9345
9405
9287
9346
9406
9288
9347
9407
9289
9348
9408
9290
9349
9409
9291
9350
9410
9292
9351
9411
9293
9352
9412
9294
9353
9413
9295
9354
9414
9296
9355
9415
9297
9356
9416
9298
9357
9417
9299
9358
9418
9359
9419
9301
9420
9302
9421
9303
9422
9304
9423
9305
9424
9306
9425
9307
9426
9308
9427
9309
9428
9310
9429
9311
9430
9312
9431
9313
9432
9314
9433
9315
9434
9316
9435
9317
9436
9318
9437
9319
9438
9320
9439
9321
9440
9322
9441
9323
9442
9324
9443
9325
9444
9326
9445
9327
9446
9328
9447
9329
9448
9330
9449
9331
9450
9332
9451
9333
9452
9334
9453
9335
9454
9336
9455
9337
9456
9338
9457
9339
9458
9340
9459
9341
9460
9342
9461
9343
9462
9344
9463
9345
9464
9346
9465
9347
9466
9348
9467
9349
9468
9350
9469
9351
9470
9352
9471
9353
9472
9354
9473
9355
9474
9356
9475
9357
9476
9358
9477
9359
9478
9479
9361
9420
9480
9362
9421
9481
9363
9422
9482
9364
9423
9483
9365
9424
9484
9366
9425
9485
9367
9426
9486
9368
9427
9487
9369
9428
9488
9370
9429
9489
9371
9430
9490
9372
9431
9491
9373
9432
9492
9374
9433
9493
9375
9434
9494
9376
9435
9495
9377
9436
9496
9378
9437
9497
9379
9438
9498
9380
9439
9499
9381
9440
9500
9382
9441
9501
9383
9442
9502
9384
9443
9503
9385
9444
9504
9386
9445
9505
9387
9446
9506
9388
9447
9507
9389
9448
9508
9390
9449
9509
9391
9450
9510
9392
9451
9511
9393
9452
9512
9394
9453
9513
9395
9454
9514
9396
9455
9515
9397
9456
9516
9398
9457
9517
9399
9458
9518
9400
9459
9519
9401
9460
9520
9402
9461
9521
9403
9462
9522
9404
9463
9523
9405
9464
9524
9406
9465
9525
9407
9466
9526
9408
9467
9527
9409
9468
9528
9410
9469
9529
9411
9470
9530
9412
9471
9531
9413
9472
9532
9414
9473
9533
9415
9474
9534
9416
9475
9535
9417
9476
9536
9418
9477
9537
9419
9478
9538
9479
9539
9421
9540
9422
9541
9423
9542
9424
9543
9425
9544
9426
9545
9427
9546
9428
9547
9429
9548
9430
9549
9431
9550
9432
9551
9433
9552
9434
9553
9435
9554
9436
9555
9437
9556
9438
9557
9439
9558
9440
9559
9441
9560
9442
9561
9443
9562
9444
9563
9445
9564
9446
9565
9447
9566
9448
9567
9449
9568
9450
9569
9451
9570
9452
9571
9453
9572
9454
9573
9455
9574
9456
9575
9457
9576
9458
9577
9459
9578
9460
9579
9461
9580
9462
9581
9463
9582
9464
9583
9465
9584
9466
9585
9467
9586
9468
9587
9469
9588
9470
9589
9471
9590
9472
9591
9473
9592
9474
9593
9475
9594
9476
9595
9477
9596
9478
9597
9479
9598
9599
9481
9540
9600
9482
9541
9601
9483
9542
9602
9484
9543
9603
9485
9544
9604
9486
9545
9605
9487
9546
9606
9488
9547
9607
9489
9548
9608
9490
9549
9609
9491
9550
9610
9492
9551
9611
9493
9552
9612
9494
9553
9613
9495
9554
9614
9496
9555
9615
9497
9556
9616
9498
9557
9617
9499
9558
9618
9500
9559
9619
9501
9560
9620
9502
9561
9621
9503
9562
9622
9504
9563
9623
9505
9564
9624
9506
9565
9625
9507
9566
9626
9508
9567
9627
9509
9568
9628
9510
9569
9629
9511
9570
9630
9512
9571
9631
9513
9572
9632
9514
9573
9633
9515
9574
9634
9516
9575
9635
9517
9576
9636
9518
9577
9637
9519
9578
9638
9520
9579
9639
9521
9580
9640
9522
9581
9641
9523
9582
9642
9524
9583
9643
9525
9584
9644
9526
9585
9645
9527
9586
9646
9528
9587
9647
9529
9588
9648
9530
9589
9649
9531
9590
9650
9532
9591
9651
9533
9592
9652
9534
9593
9653
9535
9594
9654
9536
9595
9655
9537
9596
9656
9538
9597
9657
9539
9598
9658
9599
9659
9541
9660
9542
9661
9543
9662
9544
9663
9545
9664
9546
9665
9547
9666
9548
9667
9549
9668
9550
9669
9551
9670
9552
9671
9553
9672
9554
9673
9555
9674
9556
9675
9557
9676
9558
9677
9559
9678
9560
9679
9561
9680
9562
9681
9563
9682
9564
9683
9565
9684
9566
9685
9567
9686
9568
9687
9569
9688
9570
9689
9571
9690
9572
9691
9573
9692
9574
9693
9575
9694
9576
9695
9577
9696
9578
9697
9579
9698
9580
9699
9581
9700
9582
9701
9583
9702
9584
9703
9585
9704
9586
9705
9587
9706
9588
9707
9589
9708
9590
9709
9591
9710
9592
9711
9593
9712
9594
9713
9595
9714
9596
9715
9597
9716
9598
9717
9599
9718
9719
9601
9660
9720
9602
9661
9721
9603
9662
9722
9604
9663
9723
9605
9664
9724
9606
9665
9725
9607
9666
9726
9608
9667
9727
9609
9668
9728
9610
9669
9729
9611
9670
9730
9612
9671
9731
9613
9672
9732
9614
9673
9733
9615
9674
9734
9616
9675
9735
9617
9676
9736
9618
9677
9737
9619
9678
9738
9620
9679
9739
9621
9680
9740
9622
9681
9741
9623
9682
9742
9624
9683
9743
9625
9684
9744
9626
9685
9745
9627
9686
9746
9628
9687
9747
9629
9688
9748
9630
9689
9749
9631
9690
9750
9632
9691
9751
9633
9692
9752
9634
9693
9753
9635
9694
9754
9636
9695
9755
9637
9696
9756
9638
9697
9757
9639
9698
9758
9640
9699
9759
9641
9700
9760
9642
9701
9761
9643
9702
9762
9644
9703
9763
9645
9704
9764
9646
9705
9765
9647
9706
9766
9648
9707
9767
9649
9708
9768
9650
9709
9769
9651
9710
9770
9652
9711
9771
9653
9712
9772
9654
9713
9773
9655
9714
9774
9656
9715
9775
9657
9716
9776
9658
9717
9777
9659
9718
9778
9719
9779
9661
9780
9662
9781
9663
9782
9664
9783
9665
9784
9666
9785
9667
9786
9668
9787
9669
9788
9670
9789
9671
9790
9672
9791
9673
9792
9674
9793
9675
9794
9676
9795
9677
9796
9678
9797
9679
9798
9680
9799
9681
9800
9682
9801
9683
9802
9684
9803
9685
9804
9686
9805
9687
9806
9688
9807
9689
9808
9690
9809
9691
9810
9692
9811
9693
9812
9694
9813
9695
9814
9696
9815
9697
9816
9698
9817
9699
9818
9700
9819
9701
9820
9702
9821
9703
9822
9704
9823
9705
9824
9706
9825
9707
9826
9708
9827
9709
9828
9710
9829
9711
9830
9712
9831
9713
9832
9714
9833
9715
9834
9716
9835
9717
9836
9718
9837
9719
9838
9839
9721
9780
9840
9722
9781
9841
9723
9782
9842
9724
9783
9843
9725
9784
9844
9726
9785
9845
9727
9786
9846
9728
9787
9847
9729
9788
9848
9730
9789
9849
9731
9790
9850
9732
9791
9851
9733
9792
9852
9734
9793
9853
9735
9794
9854
9736
9795
9855
9737
9796
9856
9738
9797
9857
9739
9798
9858
9740
9799
9859
9741
9800
9860
9742
9801
9861
9743
9802
9862
9744
9803
9863
9745
9804
9864
9746
9805
9865
9747
9806
9866
9748
9807
9867
9749
9808
9868
9750
9809
9869
9751
9810
9870
9752
9811
9871
9753
9812
9872
9754
9813
9873
9755
9814
9874
9756
9815
9875
9757
9816
9876
9758
9817
9877
9759
9818
9878
9760
9819
9879
9761
9820
9880
9762
9821
9881
9763
9822
9882
9764
9823
9883
9765
9824
9884
9766
9825
9885
9767
9826
9886
9768
9827
9887
9769
9828
9888
9770
9829
9889
9771
9830
9890
9772
9831
9891
9773
9832
9892
9774
9833
9893
9775
9834
9894
9776
9835
9895
9777
9836
9896
9778
9837
9897
9779
9838
9898
9839
9899
9781
9900
9782
9901
9783
9902
9784
9903
9785
9904
9786
9905
9787
9906
9788
9907
9789
9908
9790
9909
9791
9910
9792
9911
9793
9912
9794
9913
9795
9914
9796
9915
9797
9916
9798
9917
9799
9918
9800
9919
9801
9920
9802
9921
9803
9922
9804
9923
9805
9924
9806
9925
9807
9926
9808
9927
9809
9928
9810
9929
9811
9930
9812
9931
9813
9932
9814
9933
9815
9934
9816
9935
9817
9936
9818
9937
9819
9938
9820
9939
9821
9940
9822
9941
9823
9942
9824
9943
9825
9944
9826
9945
9827
9946
9828
9947
9829
9948
9830
9949
9831
9950
9832
9951
9833
9952
9834
9953
9835
9954
9836
9955
9837
9956
9838
9957
9839
9958
9959
9841
9900
9960
9842
9901
9961
9843
9902
9962
9844
9903
9963
9845
9904
9964
9846
9905
9965
9847
9906
9966
9848
9907
9967
9849
9908
9968
9850
9909
9969
9851
9910
9970
9852
9911
9971
9853
9912
9972
9854
9913
9973
9855
9914
9974
9856
9915
9975
9857
9916
9976
9858
9917
9977
9859
9918
9978
9860
9919
9979
9861
9920
9980
9862
9921
9981
9863
9922
9982
9864
9923
9983
9865
9924
9984
9866
9925
9985
9867
9926
9986
9868
9927
9987
9869
9928
9988
9870
9929
9989
9871
9930
9990
9872
9931
9991
9873
9932
9992
9874
9933
9993
9875
9934
9994
9876
9935
9995
9877
9936
9996
9878
9937
9997
9879
9938
9998
9880
9939
9999
9881
9940
10000
9882
9941
10001
9883
9942
10002
9884
9943
10003
9885
9944
10004
9886
9945
10005
9887
9946
10006
9888
9947
10007
9889
9948
10008
9890
9949
10009
9891
9950
10010
9892
9951
10011
9893
9952
10012
9894
9953
10013
9895
9954
10014
9896
9955
10015
9897
9956
10016
9898
9957
10017
9899
9958
10018
9959
10019
9901
10020
9902
10021
9903
10022
9904
10023
9905
10024
9906
10025
9907
10026
9908
10027
9909
10028
9910
10029
9911
10030
9912
10031
9913
10032
9914
10033
9915
10034
9916
10035
9917
10036
9918
10037
9919
10038
9920
10039
9921
10040
9922
10041
9923
10042
9924
10043
9925
10044
9926
10045
9927
10046
9928
10047
9929
10048
9930
10049
9931
10050
9932
10051
9933
10052
9934
10053
9935
10054
9936
10055
9937
10056
9938
10057
9939
10058
9940
10059
9941
10060
9942
10061
9943
10062
9944
10063
9945
10064
9946
10065
9947
10066
9948
10067
9949
10068
9950
10069
9951
10070
9952
10071
9953
10072
9954
10073
9955
10074
9956
10075
9957
10076
9958
10077
9959
10078
10079
9961
10020
10080
9962
10021
10081
9963
10022
10082
9964
10023
10083
9965
10024
10084
9966
10025
10085
9967
10026
10086
9968
10027
10087
9969
10028
10088
9970
10029
10089
9971
10030
10090
9972
10031
10091
9973
10032
10092
9974
10033
10093
9975
10034
10094
9976
10035
10095
9977
10036
10096
9978
10037
10097
9979
10038
10098
9980
10039
10099
9981
10040
10100
9982
10041
10101
9983
10042
10102
9984
10043
10103
9985
10044
10104
9986
10045
10105
9987
10046
10106
9988
10047
10107
9989
10048
10108
9990
10049
10109
9991
10050
10110
9992
10051
10111
9993
10052
10112
9994
10053
10113
9995
10054
10114
9996
10055
10115
9997
10056
10116
9998
10057
10117
9999
10058
10118
10000
10059
10119
10001
10060
10120
10002
10061
10121
10003
10062
10122
10004
10063
10123
10005
10064
10124
10006
10065
10125
10007
10066
10126
10008
10067
10127
10009
10068
10128
10010
10069
10129
10011
10070
10130
10012
10071
10131
10013
10072
10132
10014
10073
10133
10015
10074
10134
10016
10075
10135
10017
10076
10136
10018
10077
10137
10019
10078
10138
10079
10139
10021
10140
10022
10141
10023
10142
10024
10143
10025
10144
10026
10145
10027
10146
10028
10147
10029
10148
10030
10149
10031
10150
10032
10151
10033
10152
10034
10153
10035
10154
10036
10155
10037
10156
10038
10157
10039
10158
10040
10159
10041
10160
10042
10161
10043
10162
10044
10163
10045
10164
10046
10165
10047
10166
10048
10167
10049
10168
10050
10169
10051
10170
10052
10171
10053
10172
10054
10173
10055
10174
10056
10175
10057
10176
10058
10177
10059
10178
10060
10179
10061
10180
10062
10181
10063
10182
10064
10183
10065
10184
10066
10185
10067
10186
10068
10187
10069
10188
10070
10189
10071
10190
10072
10191
10073
10192
10074
10193
10075
10194
10076
10195
10077
10196
10078
10197
10079
10198
10199
10081
10140
10200
10082
10141
10201
10083
10142
10202
10084
10143
10203
10085
10144
10204
10086
10145
10205
10087
10146
10206
10088
10147
10207
10089
10148
10208
10090
10149
10209
10091
10150
10210
10092
10151
10211
10093
10152
10212
10094
10153
10213
10095
10154
10214
10096
10155
10215
10097
10156
10216
10098
10157
10217
10099
10158
10218
10100
10159
10219
10101
10160
10220
10102
10161
10221
10103
10162
10222
10104
10163
10223
10105
10164
10224
10106
10165
10225
10107
10166
10226
10108
10167
10227
10109
10168
10228
10110
10169
10229
10111
10170
10230
10112
10171
10231
10113
10172
10232
10114
10173
10233
10115
10174
10234
10116
10175
10235
10117
10176
10236
10118
10177
10237
10119
10178
10238
10120
10179
10239
10121
10180
10240
10122
10181
10241
10123
10182
10242
10124
10183
10243
10125
10184
10244
10126
10185
10245
10127
10186
10246
10128
10187
10247
10129
10188
10248
10130
10189
10249
10131
10190
10250
10132
10191
10251
10133
10192
10252
10134
10193
10253
10135
10194
10254
10136
10195
10255
10137
10196
10256
10138
10197
10257
10139
10198
10258
10199
10259
10141
10260
10142
10261
10143
10262
10144
10263
10145
10264
10146
10265
10147
10266
10148
10267
10149
10268
10150
10269
10151
10270
10152
10271
10153
10272
10154
10273
10155
10274
10156
10275
10157
10276
10158
10277
10159
10278
10160
10279
10161
10280
10162
10281
10163
10282
10164
10283
10165
10284
10166
10285
10167
10286
10168
10287
10169
10288
10170
10289
10171
10290
10172
10291
10173
10292
10174
10293
10175
10294
10176
10295
10177
10296
10178
10297
10179
10298
10180
10299
10181
10300
10182
10301
10183
10302
10184
10303
10185
10304
10186
10305
10187
10306
10188
10307
10189
10308
10190
10309
10191
10310
10192
10311
10193
10312
10194
10313
10195
10314
10196
10315
10197
10316
10198
10317
10199
10318
10319
10201
10260
10320
10202
10261
10321
10203
10262
10322
10204
10263
10323
10205
10264
10324
10206
10265
10325
10207
10266
10326
10208
10267
10327
10209
10268
10328
10210
10269
10329
10211
10270
10330
10212
10271
10331
10213
10272
10332
10214
10273
10333
10215
10274
10334
10216
10275
10335
10217
10276
10336
10218
10277
10337
10219
10278
10338
10220
10279
10339
10221
10280
10340
10222
10281
10341
10223
10282
10342
10224
10283
10343
10225
10284
10344
10226
10285
10345
10227
10286
10346
10228
10287
10347
10229
10288
10348
10230
10289
10349
10231
10290
10350
10232
10291
10351
10233
10292
10352
10234
10293
10353
10235
10294
10354
10236
10295
10355
10237
10296
10356
10238
10297
10357
10239
10298
10358
10240
10299
10359
10241
10300
10360
10242
10301
10361
10243
10302
10362
10244
10303
10363
10245
10304
10364
10246
10305
10365
10247
10306
10366
10248
10307
10367
10249
10308
10368
10250
10309
10369
10251
10310
10370
10252
10311
10371
10253
10312
10372
10254
10313
10373
10255
10314
10374
10256
10315
10375
10257
10316
10376
10258
10317
10377
10259
10318
10378
10319
10379
10261
10380
10262
10381
10263
10382
10264
10383
10265
10384
10266
10385
10267
10386
10268
10387
10269
10388
10270
10389
10271
10390
10272
10391
10273
10392
10274
10393
10275
10394
10276
10395
10277
10396
10278
10397
10279
10398
10280
10399
10281
10400
10282
10401
10283
10402
10284
10403
10285
10404
10286
10405
10287
10406
10288
10407
10289
10408
10290
10409
10291
10410
10292
10411
10293
10412
10294
10413
10295
10414
10296
10415
10297
10416
10298
10417
10299
10418
10300
10419
10301
10420
10302
10421
10303
10422
10304
10423
10305
10424
10306
10425
10307
10426
10308
10427
10309
10428
10310
10429
10311
10430
10312
10431
10313
10432
10314
10433
10315
10434
10316
10435
10317
10436
10318
10437
10319
10438
10439
10321
10380
10440
10322
10381
10441
10323
10382
10442
10324
10383
10443
10325
10384
10444
10326
10385
10445
10327
10386
10446
10328
10387
10447
10329
10388
10448
10330
10389
10449
10331
10390
10450
10332
10391
10451
10333
10392
10452
10334
10393
10453
10335
10394
10454
10336
10395
10455
10337
10396
10456
10338
10397
10457
10339
10398
10458
10340
10399
10459
10341
10400
10460
10342
10401
10461
10343
10402
10462
10344
10403
10463
10345
10404
10464
10346
10405
10465
10347
10406
10466
10348
10407
10467
10349
10408
10468
10350
10409
10469
10351
10410
10470
10352
10411
10471
10353
10412
10472
10354
10413
10473
10355
10414
10474
10356
10415
10475
10357
10416
10476
10358
10417
10477
10359
10418
10478
10360
10419
10479
10361
10420
10480
10362
10421
10481
10363
10422
10482
10364
10423
10483
10365
10424
10484
10366
10425
10485
10367
10426
10486
10368
10427
10487
10369
10428
10488
10370
10429
10489
10371
10430
10490
10372
10431
10491
10373
10432
10492
10374
10433
10493
10375
10434
10494
10376
10435
10495
10377
10436
10496
10378
10437
10497
10379
10438
10498
10439
10499
10381
10500
10382
10501
10383
10502
10384
10503
10385
10504
10386
10505
10387
10506
10388
10507
10389
10508
10390
10509
10391
10510
10392
10511
10393
10512
10394
10513
10395
10514
10396
10515
10397
10516
10398
10517
10399
10518
10400
10519
10401
10520
10402
10521
10403
10522
10404
10523
10405
10524
10406
10525
10407
10526
10408
10527
10409
10528
10410
10529
10411
10530
10412
10531
10413
10532
10414
10533
10415
10534
10416
10535
10417
10536
10418
10537
10419
10538
10420
10539
10421
10540
10422
10541
10423
10542
10424
10543
10425
10544
10426
10545
10427
10546
10428
10547
10429
10548
10430
10549
10431
10550
10432
10551
10433
10552
10434
10553
10435
10554
10436
10555
10437
10556
10438
10557
10439
10558
10559
10441
10500
10560
10442
10501
10561
10443
10502
10562
10444
10503
10563
10445
10504
10564
10446
10505
10565
10447
10506
10566
10448
10507
10567
10449
10508
10568
10450
10509
10569
10451
10510
10570
10452
10511
10571
10453
10512
10572
10454
10513
10573
10455
10514
10574
10456
10515
10575
10457
10516
10576
10458
10517
10577
10459
10518
10578
10460
10519
10579
10461
10520
10580
10462
10521
10581
10463
10522
10582
10464
10523
10583
10465
10524
10584
10466
10525
10585
10467
10526
10586
10468
10527
10587
10469
10528
10588
10470
10529
10589
10471
10530
10590
10472
10531
10591
10473
10532
10592
10474
10533
10593
10475
10534
10594
10476
10535
10595
10477
10536
10596
10478
10537
10597
10479
10538
10598
10480
10539
10599
10481
10540
10600
10482
10541
10601
10483
10542
10602
10484
10543
10603
10485
10544
10604
10486
10545
10605
10487
10546
10606
10488
10547
10607
10489
10548
10608
10490
10549
10609
10491
10550
10610
10492
10551
10611
10493
10552
10612
10494
10553
10613
10495
10554
10614
10496
10555
10615
10497
10556
10616
10498
10557
10617
10499
10558
10618
10559
10619
10501
10620
10502
10621
10503
10622
10504
10623
10505
10624
10506
10625
10507
10626
10508
10627
10509
10628
10510
10629
10511
10630
10512
10631
10513
10632
10514
10633
10515
10634
10516
10635
10517
10636
10518
10637
10519
10638
10520
10639
10521
10640
10522
10641
10523
10642
10524
10643
10525
10644
10526
10645
10527
10646
10528
10647
10529
10648
10530
10649
10531
10650
10532
10651
10533
10652
10534
10653
10535
10654
10536
10655
10537
10656
10538
10657
10539
10658
10540
10659
10541
10660
10542
10661
10543
10662
10544
10663
10545
10664
10546
10665
10547
10666
10548
10667
10549
10668
10550
10669
10551
10670
10552
10671
10553
10672
10554
10673
10555
10674
10556
10675
10557
10676
10558
10677
10559
10678
10679
10561
10620
10680
10562
10621
10681
10563
10622
10682
10564
10623
10683
10565
10624
10684
10566
10625
10685
10567
10626
10686
10568
10627
10687
10569
10628
10688
10570
10629
10689
10571
10630
10690
10572
10631
10691
10573
10632
10692
10574
10633
10693
10575
10634
10694
10576
10635
10695
10577
10636
10696
10578
10637
10697
10579
10638
10698
10580
10639
10699
10581
10640
10700
10582
10641
10701
10583
10642
10702
10584
10643
10703
10585
10644
10704
10586
10645
10705
10587
10646
10706
10588
10647
10707
10589
10648
10708
10590
10649
10709
10591
10650
10710
10592
10651
10711
10593
10652
10712
10594
10653
10713
10595
10654
10714
10596
10655
10715
10597
10656
10716
10598
10657
10717
10599
10658
10718
10600
10659
10719
10601
10660
10720
10602
10661
10721
10603
10662
10722
10604
10663
10723
10605
10664
10724
10606
10665
10725
10607
10666
10726
10608
10667
10727
10609
10668
10728
10610
10669
10729
10611
10670
10730
10612
10671
10731
10613
10672
10732
10614
10673
10733
10615
10674
10734
10616
10675
10735
10617
10676
10736
10618
10677
10737
10619
10678
10738
10679
10739
10621
10740
10622
10741
10623
10742
10624
10743
10625
10744
10626
10745
10627
10746
10628
10747
10629
10748
10630
10749
10631
10750
10632
10751
10633
10752
10634
10753
10635
10754
10636
10755
10637
10756
10638
10757
10639
10758
10640
10759
10641
10760
10642
10761
10643
10762
10644
10763
10645
10764
10646
10765
10647
10766
10648
10767
10649
10768
10650
10769
10651
10770
10652
10771
10653
10772
10654
10773
10655
10774
10656
10775
10657
10776
10658
10777
10659
10778
10660
10779
10661
10780
10662
10781
10663
10782
10664
10783
10665
10784
10666
10785
10667
10786
10668
10787
10669
10788
10670
10789
10671
10790
10672
10791
10673
10792
10674
10793
10675
10794
10676
10795
10677
10796
10678
10797
10679
10798
10799
10681
10740
10800
10682
10741
10801
10683
10742
10802
10684
10743
10803
10685
10744
10804
10686
10745
10805
10687
10746
10806
10688
10747
10807
10689
10748
10808
10690
10749
10809
10691
10750
10810
10692
10751
10811
10693
10752
10812
10694
10753
10813
10695
10754
10814
10696
10755
10815
10697
10756
10816
10698
10757
10817
10699
10758
10818
10700
10759
10819
10701
10760
10820
10702
10761
10821
10703
10762
10822
10704
10763
10823
10705
10764
10824
10706
10765
10825
10707
10766
10826
10708
10767
10827
10709
10768
10828
10710
10769
10829
10711
10770
10830
10712
10771
10831
10713
10772
10832
10714
10773
10833
10715
10774
10834
10716
10775
10835
10717
10776
10836
10718
10777
10837
10719
10778
10838
10720
10779
10839
10721
10780
10840
10722
10781
10841
10723
10782
10842
10724
10783
10843
10725
10784
10844
10726
10785
10845
10727
10786
10846
10728
10787
10847
10729
10788
10848
10730
10789
10849
10731
10790
10850
10732
10791
10851
10733
10792
10852
10734
10793
10853
10735
10794
10854
10736
10795
10855
10737
10796
10856
10738
10797
10857
10739
10798
10858
10799
10859
10741
10860
10742
10861
10743
10862
10744
10863
10745
10864
10746
10865
10747
10866
10748
10867
10749
10868
10750
10869
10751
10870
10752
10871
10753
10872
10754
10873
10755
10874
10756
10875
10757
10876
10758
10877
10759
10878
10760
10879
10761
10880
10762
10881
10763
10882
10764
10883
10765
10884
10766
10885
10767
10886
10768
10887
10769
10888
10770
10889
10771
10890
10772
10891
10773
10892
10774
10893
10775
10894
10776
10895
10777
10896
10778
10897
10779
10898
10780
10899
10781
10900
10782
10901
10783
10902
10784
10903
10785
10904
10786
10905
10787
10906
10788
10907
10789
10908
10790
10909
10791
10910
10792
10911
10793
10912
10794
10913
10795
10914
10796
10915
10797
10916
10798
10917
10799
10918
10919
10801
10860
10920
10802
10861
10921
10803
10862
10922
10804
10863
10923
10805
10864
10924
10806
10865
10925
10807
10866
10926
10808
10867
10927
10809
10868
10928
10810
10869
10929
10811
10870
10930
10812
10871
10931
10813
10872
10932
10814
10873
10933
10815
10874
10934
10816
10875
10935
10817
10876
10936
10818
10877
10937
10819
10878
10938
10820
10879
10939
10821
10880
10940
10822
10881
10941
10823
10882
10942
10824
10883
10943
10825
10884
10944
10826
10885
10945
10827
10886
10946
10828
10887
10947
10829
10888
10948
10830
10889
10949
10831
10890
10950
10832
10891
10951
10833
10892
10952
10834
10893
10953
10835
10894
10954
10836
10895
10955
10837
10896
10956
10838
10897
10957
10839
10898
10958
10840
10899
10959
10841
10900
10960
10842
10901
10961
10843
10902
10962
10844
10903
10963
10845
10904
10964
10846
10905
10965
10847
10906
10966
10848
10907
10967
10849
10908
10968
10850
10909
10969
10851
10910
10970
10852
10911
10971
10853
10912
10972
10854
10913
10973
10855
10914
10974
10856
10915
10975
10857
10916
10976
10858
10917
10977
10859
10918
10978
10919
10979
10861
10980
10862
10981
10863
10982
10864
10983
10865
10984
10866
10985
10867
10986
10868
10987
10869
10988
10870
10989
10871
10990
10872
10991
10873
10992
10874
10993
10875
10994
10876
10995
10877
10996
10878
10997
10879
10998
10880
10999
10881
11000
10882
11001
10883
11002
10884
11003
10885
11004
10886
11005
10887
11006
10888
11007
10889
11008
10890
11009
10891
11010
10892
11011
10893
11012
10894
11013
10895
11014
10896
11015
10897
11016
10898
11017
10899
11018
10900
11019
10901
11020
10902
11021
10903
11022
10904
11023
10905
11024
10906
11025
10907
11026
10908
11027
10909
11028
10910
11029
10911
11030
10912
11031
10913
11032
10914
11033
10915
11034
10916
11035
10917
11036
10918
11037
10919
11038
11039
10921
10980
11040
10922
10981
11041
10923
10982
11042
10924
10983
11043
10925
10984
11044
10926
10985
11045
10927
10986
11046
10928
10987
11047
10929
10988
11048
10930
10989
11049
10931
10990
11050
10932
10991
11051
10933
10992
11052
10934
10993
11053
10935
10994
11054
10936
10995
11055
10937
10996
11056
10938
10997
11057
10939
10998
11058
10940
10999
11059
10941
11000
11060
10942
11001
11061
10943
11002
11062
10944
11003
11063
10945
11004
11064
10946
11005
11065
10947
11006
11066
10948
11007
11067
10949
11008
11068
10950
11009
11069
10951
11010
11070
10952
11011
11071
10953
11012
11072
10954
11013
11073
10955
11014
11074
10956
11015
11075
10957
11016
11076
10958
11017
11077
10959
11018
11078
10960
11019
11079
10961
11020
11080
10962
11021
11081
10963
11022
11082
10964
11023
11083
10965
11024
11084
10966
11025
11085
10967
11026
11086
10968
11027
11087
10969
11028
11088
10970
11029
11089
10971
11030
11090
10972
11031
11091
10973
11032
11092
10974
11033
11093
10975
11034
11094
10976
11035
11095
10977
11036
11096
10978
11037
11097
10979
11038
11098
11039
11099
10981
11100
10982
11101
10983
11102
10984
11103
10985
11104
10986
11105
10987
11106
10988
11107
10989
11108
10990
11109
10991
11110
10992
11111
10993
11112
10994
11113
10995
11114
10996
11115
10997
11116
10998
11117
10999
11118
11000
11119
11001
11120
11002
11121
11003
11122
11004
11123
11005
11124
11006
11125
11007
11126
11008
11127
11009
11128
11010
11129
11011
11130
11012
11131
11013
11132
11014
11133
11015
11134
11016
11135
11017
11136
11018
11137
11019
11138
11020
11139
11021
11140
11022
11141
11023
11142
11024
11143
11025
11144
11026
11145
11027
11146
11028
11147
11029
11148
11030
11149
11031
11150
11032
11151
11033
11152
11034
11153
11035
11154
11036
11155
11037
11156
11038
11157
11039
11158
11159
11041
11100
11160
11042
11101
11161
11043
11102
11162
11044
11103
11163
11045
11104
11164
11046
11105
11165
11047
11106
11166
11048
11107
11167
11049
11108
11168
11050
11109
11169
11051
11110
11170
11052
11111
11171
11053
11112
11172
11054
11113
11173
11055
11114
11174
11056
11115
11175
11057
11116
11176
11058
11117
11177
11059
11118
11178
11060
11119
11179
11061
11120
11180
11062
11121
11181
11063
11122
11182
11064
11123
11183
11065
11124
11184
11066
11125
11185
11067
11126
11186
11068
11127
11187
11069
11128
11188
11070
11129
11189
11071
11130
11190
11072
11131
11191
11073
11132
11192
11074
11133
11193
11075
11134
11194
11076
11135
11195
11077
11136
11196
11078
11137
11197
11079
11138
11198
11080
11139
11199
11081
11140
11200
11082
11141
11201
11083
11142
11202
11084
11143
11203
11085
11144
11204
11086
11145
11205
11087
11146
11206
11088
11147
11207
11089
11148
11208
11090
11149
11209
11091
11150
11210
11092
11151
11211
11093
11152
11212
11094
11153
11213
11095
11154
11214
11096
11155
11215
11097
11156
11216
11098
11157
11217
11099
11158
11218
11159
11219
11101
11220
11102
11221
11103
11222
11104
11223
11105
11224
11106
11225
11107
11226
11108
11227
11109
11228
11110
11229
11111
11230
11112
11231
11113
11232
11114
11233
11115
11234
11116
11235
11117
11236
11118
11237
11119
11238
11120
11239
11121
11240
11122
11241
11123
11242
11124
11243
11125
11244
11126
11245
11127
11246
11128
11247
11129
11248
11130
11249
11131
11250
11132
11251
11133
11252
11134
11253
11135
11254
11136
11255
11137
11256
11138
11257
11139
11258
11140
11259
11141
11260
11142
11261
11143
11262
11144
11263
11145
11264
11146
11265
11147
11266
11148
11267
11149
11268
11150
11269
11151
11270
11152
11271
11153
11272
11154
11273
11155
11274
11156
11275
11157
11276
11158
11277
11159
11278
11279
11161
11220
11280
11162
11221
11281
11163
11222
11282
11164
11223
11283
11165
11224
11284
11166
11225
11285
11167
11226
11286
11168
11227
11287
11169
11228
11288
11170
11229
11289
11171
11230
11290
11172
11231
11291
11173
11232
11292
11174
11233
11293
11175
11234
11294
11176
11235
11295
11177
11236
11296
11178
11237
11297
11179
11238
11298
11180
11239
11299
11181
11240
11300
11182
11241
11301
11183
11242
11302
11184
11243
11303
11185
11244
11304
11186
11245
11305
11187
11246
11306
11188
11247
11307
11189
11248
11308
11190
11249
11309
11191
11250
11310
11192
11251
11311
11193
11252
11312
11194
11253
11313
11195
11254
11314
11196
11255
11315
11197
11256
11316
11198
11257
11317
11199
11258
11318
11200
11259
11319
11201
11260
11320
11202
11261
11321
11203
11262
11322
11204
11263
11323
11205
11264
11324
11206
11265
11325
11207
11266
11326
11208
11267
11327
11209
11268
11328
11210
11269
11329
11211
11270
11330
11212
11271
11331
11213
11272
11332
11214
11273
11333
11215
11274
11334
11216
11275
11335
11217
11276
11336
11218
11277
11337
11219
11278
11338
11279
11339
11221
11340
11222
11341
11223
11342
11224
11343
11225
11344
11226
11345
11227
11346
11228
11347
11229
11348
11230
11349
11231
11350
11232
11351
11233
11352
11234
11353
11235
11354
11236
11355
11237
11356
11238
11357
11239
11358
11240
11359
11241
11360
11242
11361
11243
11362
11244
11363
11245
11364
11246
11365
11247
11366
11248
11367
11249
11368
11250
11369
11251
11370
11252
11371
11253
11372
11254
11373
11255
11374
11256
11375
11257
11376
11258
11377
11259
11378
11260
11379
11261
11380
11262
11381
11263
11382
11264
11383
11265
11384
11266
11385
11267
11386
11268
11387
11269
11388
11270
11389
11271
11390
11272
11391
11273
11392
11274
11393
11275
11394
11276
11395
11277
11396
11278
11397
11279
11398
11399
11281
11340
11400
11282
11341
11401
11283
11342
11402
11284
11343
11403
11285
11344
11404
11286
11345
11405
11287
11346
11406
11288
11347
11407
11289
11348
11408
11290
11349
11409
11291
11350
11410
11292
11351
11411
11293
11352
11412
11294
11353
11413
11295
11354
11414
11296
11355
11415
11297
11356
11416
11298
11357
11417
11299
11358
11418
11300
11359
11419
11301
11360
11420
11302
11361
11421
11303
11362
11422
11304
11363
11423
11305
11364
11424
11306
11365
11425
11307
11366
11426
11308
11367
11427
11309
11368
11428
11310
11369
11429
11311
11370
11430
11312
11371
11431
11313
11372
11432
11314
11373
11433
11315
11374
11434
11316
11375
11435
11317
11376
11436
11318
11377
11437
11319
11378
11438
11320
11379
11439
11321
11380
11440
11322
11381
11441
11323
11382
11442
11324
11383
11443
11325
11384
11444
11326
11385
11445
11327
11386
11446
11328
11387
11447
11329
11388
11448
11330
11389
11449
11331
11390
11450
11332
11391
11451
11333
11392
11452
11334
11393
11453
11335
11394
11454
11336
11395
11455
11337
11396
11456
11338
11397
11457
11339
11398
11458
11399
11459
11341
11460
11342
11461
11343
11462
11344
11463
11345
11464
11346
11465
11347
11466
11348
11467
11349
11468
11350
11469
11351
11470
11352
11471
11353
11472
11354
11473
11355
11474
11356
11475
11357
11476
11358
11477
11359
11478
11360
11479
11361
11480
11362
11481
11363
11482
11364
11483
11365
11484
11366
11485
11367
11486
11368
11487
11369
11488
11370
11489
11371
11490
11372
11491
11373
11492
11374
11493
11375
11494
11376
11495
11377
11496
11378
11497
11379
11498
11380
11499
11381
11500
11382
11501
11383
11502
11384
11503
11385
11504
11386
11505
11387
11506
11388
11507
11389
11508
11390
11509
11391
11510
11392
11511
11393
11512
11394
11513
11395
11514
11396
11515
11397
11516
11398
11517
11399
11518
11519
11401
11460
11520
11402
11461
11521
11403
11462
11522
11404
11463
11523
11405
11464
11524
11406
11465
11525
11407
11466
11526
11408
11467
11527
11409
11468
11528
11410
11469
11529
11411
11470
11530
11412
11471
11531
11413
11472
11532
11414
11473
11533
11415
11474
11534
11416
11475
11535
11417
11476
11536
11418
11477
11537
11419
11478
11538
11420
11479
11539
11421
11480
11540
11422
11481
11541
11423
11482
11542
11424
11483
11543
11425
11484
11544
11426
11485
11545
11427
11486
11546
11428
11487
11547
11429
11488
11548
11430
11489
11549
11431
11490
11550
11432
11491
11551
11433
11492
11552
11434
11493
11553
11435
11494
11554
11436
11495
11555
11437
11496
11556
11438
11497
11557
11439
11498
11558
11440
11499
11559
11441
11500
11560
11442
11501
11561
11443
11502
11562
11444
11503
11563
11445
11504
11564
11446
11505
11565
11447
11506
11566
11448
11507
11567
11449
11508
11568
11450
11509
11569
11451
11510
11570
11452
11511
11571
11453
11512
11572
11454
11513
11573
11455
11514
11574
11456
11515
11575
11457
11516
11576
11458
11517
11577
11459
11518
11578
11519
11579
11461
11580
11462
11581
11463
11582
11464
11583
11465
11584
11466
11585
11467
11586
11468
11587
11469
11588
11470
11589
11471
11590
11472
11591
11473
11592
11474
11593
11475
11594
11476
11595
11477
11596
11478
11597
11479
11598
11480
11599
11481
11600
11482
11601
11483
11602
11484
11603
11485
11604
11486
11605
11487
11606
11488
11607
11489
11608
11490
11609
11491
11610
11492
11611
11493
11612
11494
11613
11495
11614
11496
11615
11497
11616
11498
11617
11499
11618
11500
11619
11501
11620
11502
11621
11503
11622
11504
11623
11505
11624
11506
11625
11507
11626
11508
11627
11509
11628
11510
11629
11511
11630
11512
11631
11513
11632
11514
11633
11515
11634
11516
11635
11517
11636
11518
11637
11519
11638
11639
11521
11580
11640
11522
11581
11641
11523
11582
11642
11524
11583
11643
11525
11584
11644
11526
11585
11645
11527
11586
11646
11528
11587
11647
11529
11588
11648
11530
11589
11649
11531
11590
11650
11532
11591
11651
11533
11592
11652
11534
11593
11653
11535
11594
11654
11536
11595
11655
11537
11596
11656
11538
11597
11657
11539
11598
11658
11540
11599
11659
11541
11600
11660
11542
11601
11661
11543
11602
11662
11544
11603
11663
11545
11604
11664
11546
11605
11665
11547
11606
11666
11548
11607
11667
11549
11608
11668
11550
11609
11669
11551
11610
11670
11552
11611
11671
11553
11612
11672
11554
11613
11673
11555
11614
11674
11556
11615
11675
11557
11616
11676
11558
11617
11677
11559
11618
11678
11560
11619
11679
11561
11620
11680
11562
11621
11681
11563
11622
11682
11564
11623
11683
11565
11624
11684
11566
11625
11685
11567
11626
11686
11568
11627
11687
11569
11628
11688
11570
11629
11689
11571
11630
11690
11572
11631
11691
11573
11632
11692
11574
11633
11693
11575
11634
11694
11576
11635
11695
11577
11636
11696
11578
11637
11697
11579
11638
11698
11639
11699
11581
11700
11582
11701
11583
11702
11584
11703
11585
11704
11586
11705
11587
11706
11588
11707
11589
11708
11590
11709
11591
11710
11592
11711
11593
11712
11594
11713
11595
11714
11596
11715
11597
11716
11598
11717
11599
11718
11600
11719
11601
11720
11602
11721
11603
11722
11604
11723
11605
11724
11606
11725
11607
11726
11608
11727
11609
11728
11610
11729
11611
11730
11612
11731
11613
11732
11614
11733
11615
11734
11616
11735
11617
11736
11618
11737
11619
11738
11620
11739
11621
11740
11622
11741
11623
11742
11624
11743
11625
11744
11626
11745
11627
11746
11628
11747
11629
11748
11630
11749
11631
11750
11632
11751
11633
11752
11634
11753
11635
11754
11636
11755
11637
11756
11638
11757
11639
11758
11759
11641
11700
11760
11642
11701
11761
11643
11702
11762
11644
11703
11763
11645
11704
11764
11646
11705
11765
11647
11706
11766
11648
11707
11767
11649
11708
11768
11650
11709
11769
11651
11710
11770
11652
11711
11771
11653
11712
11772
11654
11713
11773
11655
11714
11774
11656
11715
11775
11657
11716
11776
11658
11717
11777
11659
11718
11778
11660
11719
11779
11661
11720
11780
11662
11721
11781
11663
11722
11782
11664
11723
11783
11665
11724
11784
11666
11725
11785
11667
11726
11786
11668
11727
11787
11669
11728
11788
11670
11729
11789
11671
11730
11790
11672
11731
11791
11673
11732
11792
11674
11733
11793
11675
11734
11794
11676
11735
11795
11677
11736
11796
11678
11737
11797
11679
11738
11798
11680
11739
11799
11681
11740
11800
11682
11741
11801
11683
11742
11802
11684
11743
11803
11685
11744
11804
11686
11745
11805
11687
11746
11806
11688
11747
11807
11689
11748
11808
11690
11749
11809
11691
11750
11810
11692
11751
11811
11693
11752
11812
11694
11753
11813
11695
11754
11814
11696
11755
11815
11697
11756
11816
11698
11757
11817
11699
11758
11818
11759
11819
11701
11820
11702
11821
11703
11822
11704
11823
11705
11824
11706
11825
11707
11826
11708
11827
11709
11828
11710
11829
11711
11830
11712
11831
11713
11832
11714
11833
11715
11834
11716
11835
11717
11836
11718
11837
11719
11838
11720
11839
11721
11840
11722
11841
11723
11842
11724
11843
11725
11844
11726
11845
11727
11846
11728
11847
11729
11848
11730
11849
11731
11850
11732
11851
11733
11852
11734
11853
11735
11854
11736
11855
11737
11856
11738
11857
11739
11858
11740
11859
11741
11860
11742
11861
11743
11862
11744
11863
11745
11864
11746
11865
11747
11866
11748
11867
11749
11868
11750
11869
11751
11870
11752
11871
11753
11872
11754
11873
11755
11874
11756
11875
11757
11876
11758
11877
11759
11878
11879
11761
11820
11880
11762
11821
11881
11763
11822
11882
11764
11823
11883
11765
11824
11884
11766
11825
11885
11767
11826
11886
11768
11827
11887
11769
11828
11888
11770
11829
11889
11771
11830
11890
11772
11831
11891
11773
11832
11892
11774
11833
11893
11775
11834
11894
11776
11835
11895
11777
11836
11896
11778
11837
11897
11779
11838
11898
11780
11839
11899
11781
11840
11900
11782
11841
11901
11783
11842
11902
11784
11843
11903
11785
11844
11904
11786
11845
11905
11787
11846
11906
11788
11847
11907
11789
11848
11908
11790
11849
11909
11791
11850
11910
11792
11851
11911
11793
11852
11912
11794
11853
11913
11795
11854
11914
11796
11855
11915
11797
11856
11916
11798
11857
11917
11799
11858
11918
11800
11859
11919
11801
11860
11920
11802
11861
11921
11803
11862
11922
11804
11863
11923
11805
11864
11924
11806
11865
11925
11807
11866
11926
11808
11867
11927
11809
11868
11928
11810
11869
11929
11811
11870
11930
11812
11871
11931
11813
11872
11932
11814
11873
11933
11815
11874
11934
11816
11875
11935
11817
11876
11936
11818
11877
11937
11819
11878
11938
11879
11939
11821
11940
11822
11941
11823
11942
11824
11943
11825
11944
11826
11945
11827
11946
11828
11947
11829
11948
11830
11949
11831
11950
11832
11951
11833
11952
11834
11953
11835
11954
11836
11955
11837
11956
11838
11957
11839
11958
11840
11959
11841
11960
11842
11961
11843
11962
11844
11963
11845
11964
11846
11965
11847
11966
11848
11967
11849
11968
11850
11969
11851
11970
11852
11971
11853
11972
11854
11973
11855
11974
11856
11975
11857
11976
11858
11977
11859
11978
11860
11979
11861
11980
11862
11981
11863
11982
11864
11983
11865
11984
11866
11985
11867
11986
11868
11987
11869
11988
11870
11989
11871
11990
11872
11991
11873
11992
11874
11993
11875
11994
11876
11995
11877
11996
11878
11997
11879
11998
11999
11881
11940
12000
11882
11941
12001
11883
11942
12002
11884
11943
12003
11885
11944
12004
11886
11945
12005
11887
11946
12006
11888
11947
12007
11889
11948
12008
11890
11949
12009
11891
11950
12010
11892
11951
12011
11893
11952
12012
11894
11953
12013
11895
11954
12014
11896
11955
12015
11897
11956
12016
11898
11957
12017
11899
11958
12018
11900
11959
12019
11901
11960
12020
11902
11961
12021
11903
11962
12022
11904
11963
12023
11905
11964
12024
11906
11965
12025
11907
11966
12026
11908
11967
12027
11909
11968
12028
11910
11969
12029
11911
11970
12030
11912
11971
12031
11913
11972
12032
11914
11973
12033
11915
11974
12034
11916
11975
12035
11917
11976
12036
11918
11977
12037
11919
11978
12038
11920
11979
12039
11921
11980
12040
11922
11981
12041
11923
11982
12042
11924
11983
12043
11925
11984
12044
11926
11985
12045
11927
11986
12046
11928
11987
12047
11929
11988
12048
11930
11989
12049
11931
11990
12050
11932
11991
12051
11933
11992
12052
11934
11993
12053
11935
11994
12054
11936
11995
12055
11937
11996
12056
11938
11997
12057
11939
11998
12058
11999
12059
11941
12060
11942
12061
11943
12062
11944
12063
11945
12064
11946
12065
11947
12066
11948
12067
11949
12068
11950
12069
11951
12070
11952
12071
11953
12072
11954
12073
11955
12074
11956
12075
11957
12076
11958
12077
11959
12078
11960
12079
11961
12080
11962
12081
11963
12082
11964
12083
11965
12084
11966
12085
11967
12086
11968
12087
11969
12088
11970
12089
11971
12090
11972
12091
11973
12092
11974
12093
11975
12094
11976
12095
11977
12096
11978
12097
11979
12098
11980
12099
11981
12100
11982
12101
11983
12102
11984
12103
11985
12104
11986
12105
11987
12106
11988
12107
11989
12108
11990
12109
11991
12110
11992
12111
11993
12112
11994
12113
11995
12114
11996
12115
11997
12116
11998
12117
11999
12118
12119
12001
12060
12120
12002
12061
12121
12003
12062
12122
12004
12063
12123
12005
12064
12124
12006
12065
12125
12007
12066
12126
12008
12067
12127
12009
12068
12128
12010
12069
12129
12011
12070
12130
12012
12071
12131
12013
12072
12132
12014
12073
12133
12015
12074
12134
12016
12075
12135
12017
12076
12136
12018
12077
12137
12019
12078
12138
12020
12079
12139
12021
12080
12140
12022
12081
12141
12023
12082
12142
12024
12083
12143
12025
12084
12144
12026
12085
12145
12027
12086
12146
12028
12087
12147
12029
12088
12148
12030
12089
12149
12031
12090
12150
12032
12091
12151
12033
12092
12152
12034
12093
12153
12035
12094
12154
12036
12095
12155
12037
12096
12156
12038
12097
12157
12039
12098
12158
12040
12099
12159
12041
12100
12160
12042
12101
12161
12043
12102
12162
12044
12103
12163
12045
12104
12164
12046
12105
12165
12047
12106
12166
12048
12107
12167
12049
12108
12168
12050
12109
12169
12051
12110
12170
12052
12111
12171
12053
12112
12172
12054
12113
12173
12055
12114
12174
12056
12115
12175
12057
12116
12176
12058
12117
12177
12059
12118
12178
12119
12179
12061
12180
12062
12181
12063
12182
12064
12183
12065
12184
12066
12185
12067
12186
12068
12187
12069
12188
12070
12189
12071
12190
12072
12191
12073
12192
12074
12193
12075
12194
12076
12195
12077
12196
12078
12197
12079
12198
12080
12199
12081
12200
12082
12201
12083
12202
12084
12203
12085
12204
12086
12205
12087
12206
12088
12207
12089
12208
12090
12209
12091
12210
12092
12211
12093
12212
12094
12213
12095
12214
12096
12215
12097
12216
12098
12217
12099
12218
12100
12219
12101
12220
12102
12221
12103
12222
12104
12223
12105
12224
12106
12225
12107
12226
12108
12227
12109
12228
12110
12229
12111
12230
12112
12231
12113
12232
12114
12233
12115
12234
12116
12235
12117
12236
12118
12237
12119
12238
12239
12121
12180
12240
12122
12181
12241
12123
12182
12242
12124
12183
12243
12125
12184
12244
12126
12185
12245
12127
12186
12246
12128
12187
12247
12129
12188
12248
12130
12189
12249
12131
12190
12250
12132
12191
12251
12133
12192
12252
12134
12193
12253
12135
12194
12254
12136
12195
12255
12137
12196
12256
12138
12197
12257
12139
12198
12258
12140
12199
12259
12141
12200
12260
12142
12201
12261
12143
12202
12262
12144
12203
12263
12145
12204
12264
12146
12205
12265
12147
12206
12266
12148
12207
12267
12149
12208
12268
12150
12209
12269
12151
12210
12270
12152
12211
12271
12153
12212
12272
12154
12213
12273
12155
12214
12274
12156
12215
12275
12157
12216
12276
12158
12217
12277
12159
12218
12278
12160
12219
12279
12161
12220
12280
12162
12221
12281
12163
12222
12282
12164
12223
12283
12165
12224
12284
12166
12225
12285
12167
12226
12286
12168
12227
12287
12169
12228
12288
12170
12229
12289
12171
12230
12290
12172
12231
12291
12173
12232
12292
12174
12233
12293
12175
12234
12294
12176
12235
12295
12177
12236
12296
12178
12237
12297
12179
12238
12298
12239
12299
12181
12300
12182
12301
12183
12302
12184
12303
12185
12304
12186
12305
12187
12306
12188
12307
12189
12308
12190
12309
12191
12310
12192
12311
12193
12312
12194
12313
12195
12314
12196
12315
12197
12316
12198
12317
12199
12318
12200
12319
12201
12320
12202
12321
12203
12322
12204
12323
12205
12324
12206
12325
12207
12326
12208
12327
12209
12328
12210
12329
12211
12330
12212
12331
12213
12332
12214
12333
12215
12334
12216
12335
12217
12336
12218
12337
12219
12338
12220
12339
12221
12340
12222
12341
12223
12342
12224
12343
12225
12344
12226
12345
12227
12346
12228
12347
12229
12348
12230
12349
12231
12350
12232
12351
12233
12352
12234
12353
12235
12354
12236
12355
12237
12356
12238
12357
12239
12358
12359
12241
12300
12360
12242
12301
12361
12243
12302
12362
12244
12303
12363
12245
12304
12364
12246
12305
12365
12247
12306
12366
12248
12307
12367
12249
12308
12368
12250
12309
12369
12251
12310
12370
12252
12311
12371
12253
12312
12372
12254
12313
12373
12255
12314
12374
12256
12315
12375
12257
12316
12376
12258
12317
12377
12259
12318
12378
12260
12319
12379
12261
12320
12380
12262
12321
12381
12263
12322
12382
12264
12323
12383
12265
12324
12384
12266
12325
12385
12267
12326
12386
12268
12327
12387
12269
12328
12388
12270
12329
12389
12271
12330
12390
12272
12331
12391
12273
12332
12392
12274
12333
12393
12275
12334
12394
12276
12335
12395
12277
12336
12396
12278
12337
12397
12279
12338
12398
12280
12339
12399
12281
12340
12400
12282
12341
12401
12283
12342
12402
12284
12343
12403
12285
12344
12404
12286
12345
12405
12287
12346
12406
12288
12347
12407
12289
12348
12408
12290
12349
12409
12291
12350
12410
12292
12351
12411
12293
12352
12412
12294
12353
12413
12295
12354
12414
12296
12355
12415
12297
12356
12416
12298
12357
12417
12299
12358
12418
12359
12419
12301
12420
12302
12421
12303
12422
12304
12423
12305
12424
12306
12425
12307
12426
12308
12427
12309
12428
12310
12429
12311
12430
12312
12431
12313
12432
12314
12433
12315
12434
12316
12435
12317
12436
12318
12437
12319
12438
12320
12439
12321
12440
12322
12441
12323
12442
12324
12443
12325
12444
12326
12445
12327
12446
12328
12447
12329
12448
12330
12449
12331
12450
12332
12451
12333
12452
12334
12453
12335
12454
12336
12455
12337
12456
12338
12457
12339
12458
12340
12459
12341
12460
12342
12461
12343
12462
12344
12463
12345
12464
12346
12465
12347
12466
12348
12467
12349
12468
12350
12469
12351
12470
12352
12471
12353
12472
12354
12473
12355
12474
12356
12475
12357
12476
12358
12477
12359
12478
12479
12361
12420
12480
12362
12421
12481
12363
12422
12482
12364
12423
12483
12365
12424
12484
12366
12425
12485
12367
12426
12486
12368
12427
12487
12369
12428
12488
12370
12429
12489
12371
12430
12490
12372
12431
12491
12373
12432
12492
12374
12433
12493
12375
12434
12494
12376
12435
12495
12377
12436
12496
12378
12437
12497
12379
12438
12498
12380
12439
12499
12381
12440
12500
12382
12441
12501
12383
12442
12502
12384
12443
12503
12385
12444
12504
12386
12445
12505
12387
12446
12506
12388
12447
12507
12389
12448
12508
12390
12449
12509
12391
12450
12510
12392
12451
12511
12393
12452
12512
12394
12453
12513
12395
12454
12514
12396
12455
12515
12397
12456
12516
12398
12457
12517
12399
12458
12518
12400
12459
12519
12401
12460
12520
12402
12461
12521
12403
12462
12522
12404
12463
12523
12405
12464
12524
12406
12465
12525
12407
12466
12526
12408
12467
12527
12409
12468
12528
12410
12469
12529
12411
12470
12530
12412
12471
12531
12413
12472
12532
12414
12473
12533
12415
12474
12534
12416
12475
12535
12417
12476
12536
12418
12477
12537
12419
12478
12538
12479
12539
12421
12540
12422
12541
12423
12542
12424
12543
12425
12544
12426
12545
12427
12546
12428
12547
12429
12548
12430
12549
12431
12550
12432
12551
12433
12552
12434
12553
12435
12554
12436
12555
12437
12556
12438
12557
12439
12558
12440
12559
12441
12560
12442
12561
12443
12562
12444
12563
12445
12564
12446
12565
12447
12566
12448
12567
12449
12568
12450
12569
12451
12570
12452
12571
12453
12572
12454
12573
12455
12574
12456
12575
12457
12576
12458
12577
12459
12578
12460
12579
12461
12580
12462
12581
12463
12582
12464
12583
12465
12584
12466
12585
12467
12586
12468
12587
12469
12588
12470
12589
12471
12590
12472
12591
12473
12592
12474
12593
12475
12594
12476
12595
12477
12596
12478
12597
12479
12598
12599
12481
12540
12600
12482
12541
12601
12483
12542
12602
12484
12543
12603
12485
12544
12604
12486
12545
12605
12487
12546
12606
12488
12547
12607
12489
12548
12608
12490
12549
12609
12491
12550
12610
12492
12551
12611
12493
12552
12612
12494
12553
12613
12495
12554
12614
12496
12555
12615
12497
12556
12616
12498
12557
12617
12499
12558
12618
12500
12559
12619
12501
12560
12620
12502
12561
12621
12503
12562
12622
12504
12563
12623
12505
12564
12624
12506
12565
12625
12507
12566
12626
12508
12567
12627
12509
12568
12628
12510
12569
12629
12511
12570
12630
12512
12571
12631
12513
12572
12632
12514
12573
12633
12515
12574
12634
12516
12575
12635
12517
12576
12636
12518
12577
12637
12519
12578
12638
12520
12579
12639
12521
12580
12640
12522
12581
12641
12523
12582
12642
12524
12583
12643
12525
12584
12644
12526
12585
12645
12527
12586
12646
12528
12587
12647
12529
12588
12648
12530
12589
12649
12531
12590
12650
12532
12591
12651
12533
12592
12652
12534
12593
12653
12535
12594
12654
12536
12595
12655
12537
12596
12656
12538
12597
12657
12539
12598
12658
12599
12659
12541
12660
12542
12661
12543
12662
12544
12663
12545
12664
12546
12665
12547
12666
12548
12667
12549
12668
12550
12669
12551
12670
12552
12671
12553
12672
12554
12673
12555
12674
12556
12675
12557
12676
12558
12677
12559
12678
12560
12679
12561
12680
12562
12681
12563
12682
12564
12683
12565
12684
12566
12685
12567
12686
12568
12687
12569
12688
12570
12689
12571
12690
12572
12691
12573
12692
12574
12693
12575
12694
12576
12695
12577
12696
12578
12697
12579
12698
12580
12699
12581
12700
12582
12701
12583
12702
12584
12703
12585
12704
12586
12705
12587
12706
12588
12707
12589
12708
12590
12709
12591
12710
12592
12711
12593
12712
12594
12713
12595
12714
12596
12715
12597
12716
12598
12717
12599
12718
12719
12601
12660
12720
12602
12661
12721
12603
12662
12722
12604
12663
12723
12605
12664
12724
12606
12665
12725
12607
12666
12726
12608
12667
12727
12609
12668
12728
12610
12669
12729
12611
12670
12730
12612
12671
12731
12613
12672
12732
12614
12673
12733
12615
12674
12734
12616
12675
12735
12617
12676
12736
12618
12677
12737
12619
12678
12738
12620
12679
12739
12621
12680
12740
12622
12681
12741
12623
12682
12742
12624
12683
12743
12625
12684
12744
12626
12685
12745
12627
12686
12746
12628
12687
12747
12629
12688
12748
12630
12689
12749
12631
12690
12750
12632
12691
12751
12633
12692
12752
12634
12693
12753
12635
12694
12754
12636
12695
12755
12637
12696
12756
12638
12697
12757
12639
12698
12758
12640
12699
12759
12641
12700
12760
12642
12701
12761
12643
12702
12762
12644
12703
12763
12645
12704
12764
12646
12705
12765
12647
12706
12766
12648
12707
12767
12649
12708
12768
12650
12709
12769
12651
12710
12770
12652
12711
12771
12653
12712
12772
12654
12713
12773
12655
12714
12774
12656
12715
12775
12657
12716
12776
12658
12717
12777
12659
12718
12778
12719
12779
12661
12780
12662
12781
12663
12782
12664
12783
12665
12784
12666
12785
12667
12786
12668
12787
12669
12788
12670
12789
12671
12790
12672
12791
12673
12792
12674
12793
12675
12794
12676
12795
12677
12796
12678
12797
12679
12798
12680
12799
12681
12800
12682
12801
12683
12802
12684
12803
12685
12804
12686
12805
12687
12806
12688
12807
12689
12808
12690
12809
12691
12810
12692
12811
12693
12812
12694
12813
12695
12814
12696
12815
12697
12816
12698
12817
12699
12818
12700
12819
12701
12820
12702
12821
12703
12822
12704
12823
12705
12824
12706
12825
12707
12826
12708
12827
12709
12828
12710
12829
12711
12830
12712
12831
12713
12832
12714
12833
12715
12834
12716
12835
12717
12836
12718
12837
12719
12838
12839
12721
12780
12840
12722
12781
12841
12723
12782
12842
12724
12783
12843
12725
12784
12844
12726
12785
12845
12727
12786
12846
12728
12787
12847
12729
12788
12848
12730
12789
12849
12731
12790
12850
12732
12791
12851
12733
12792
12852
12734
12793
12853
12735
12794
12854
12736
12795
12855
12737
12796
12856
12738
12797
12857
12739
12798
12858
12740
12799
12859
12741
12800
12860
12742
12801
12861
12743
12802
12862
12744
12803
12863
12745
12804
12864
12746
12805
12865
12747
12806
12866
12748
12807
12867
12749
12808
12868
12750
12809
12869
12751
12810
12870
12752
12811
12871
12753
12812
12872
12754
12813
12873
12755
12814
12874
12756
12815
12875
12757
12816
12876
12758
12817
12877
12759
12818
12878
12760
12819
12879
12761
12820
12880
12762
12821
12881
12763
12822
12882
12764
12823
12883
12765
12824
12884
12766
12825
12885
12767
12826
12886
12768
12827
12887
12769
12828
12888
12770
12829
12889
12771
12830
12890
12772
12831
12891
12773
12832
12892
12774
12833
12893
12775
12834
12894
12776
12835
12895
12777
12836
12896
12778
12837
12897
12779
12838
12898
12839
12899
12781
12900
12782
12901
12783
12902
12784
12903
12785
12904
12786
12905
12787
12906
12788
12907
12789
12908
12790
12909
12791
12910
12792
12911
12793
12912
12794
12913
12795
12914
12796
12915
12797
12916
12798
12917
12799
12918
12800
12919
12801
12920
12802
12921
12803
12922
12804
12923
12805
12924
12806
12925
12807
12926
12808
12927
12809
12928
12810
12929
12811
12930
12812
12931
12813
12932
12814
12933
12815
12934
12816
12935
12817
12936
12818
12937
12819
12938
12820
12939
12821
12940
12822
12941
12823
12942
12824
12943
12825
12944
12826
12945
12827
12946
12828
12947
12829
12948
12830
12949
12831
12950
12832
12951
12833
12952
12834
12953
12835
12954
12836
12955
12837
12956
12838
12957
12839
12958
12959
12841
12900
12960
12842
12901
12961
12843
12902
12962
12844
12903
12963
12845
12904
12964
12846
12905
12965
12847
12906
12966
12848
12907
12967
12849
12908
12968
12850
12909
12969
12851
12910
12970
12852
12911
12971
12853
12912
12972
12854
12913
12973
12855
12914
12974
12856
12915
12975
12857
12916
12976
12858
12917
12977
12859
12918
12978
12860
12919
12979
12861
12920
12980
12862
12921
12981
12863
12922
12982
12864
12923
12983
12865
12924
12984
12866
12925
12985
12867
12926
12986
12868
12927
12987
12869
12928
12988
12870
12929
12989
12871
12930
12990
12872
12931
12991
12873
12932
12992
12874
12933
12993
12875
12934
12994
12876
12935
12995
12877
12936
12996
12878
12937
12997
12879
12938
12998
12880
12939
12999
12881
12940
13000
12882
12941
13001
12883
12942
13002
12884
12943
13003
12885
12944
13004
12886
12945
13005
12887
12946
13006
12888
12947
13007
12889
12948
13008
12890
12949
13009
12891
12950
13010
12892
12951
13011
12893
12952
13012
12894
12953
13013
12895
12954
13014
12896
12955
13015
12897
12956
13016
12898
12957
13017
12899
12958
13018
12959
13019
12901
13020
12902
13021
12903
13022
12904
13023
12905
13024
12906
13025
12907
13026
12908
13027
12909
13028
12910
13029
12911
13030
12912
13031
12913
13032
12914
13033
12915
13034
12916
13035
12917
13036
12918
13037
12919
13038
12920
13039
12921
13040
12922
13041
12923
13042
12924
13043
12925
13044
12926
13045
12927
13046
12928
13047
12929
13048
12930
13049
12931
13050
12932
13051
12933
13052
12934
13053
12935
13054
12936
13055
12937
13056
12938
13057
12939
13058
12940
13059
12941
13060
12942
13061
12943
13062
12944
13063
12945
13064
12946
13065
12947
13066
12948
13067
12949
13068
12950
13069
12951
13070
12952
13071
12953
13072
12954
13073
12955
13074
12956
13075
12957
13076
12958
13077
12959
13078
13079
12961
13020
13080
12962
13021
13081
12963
13022
13082
12964
13023
13083
12965
13024
13084
12966
13025
13085
12967
13026
13086
12968
13027
13087
12969
13028
13088
12970
13029
13089
12971
13030
13090
12972
13031
13091
12973
13032
13092
12974
13033
13093
12975
13034
13094
12976
13035
13095
12977
13036
13096
12978
13037
13097
12979
13038
13098
12980
13039
13099
12981
13040
13100
12982
13041
13101
12983
13042
13102
12984
13043
13103
12985
13044
13104
12986
13045
13105
12987
13046
13106
12988
13047
13107
12989
13048
13108
12990
13049
13109
12991
13050
13110
12992
13051
13111
12993
13052
13112
12994
13053
13113
12995
13054
13114
12996
13055
13115
12997
13056
13116
12998
13057
13117
12999
13058
13118
13000
13059
13119
13001
13060
13120
13002
13061
13121
13003
13062
13122
13004
13063
13123
13005
13064
13124
13006
13065
13125
13007
13066
13126
13008
13067
13127
13009
13068
13128
13010
13069
13129
13011
13070
13130
13012
13071
13131
13013
13072
13132
13014
13073
13133
13015
13074
13134
13016
13075
13135
13017
13076
13136
13018
13077
13137
13019
13078
13138
13079
13139
13021
13140
13022
13141
13023
13142
13024
13143
13025
13144
13026
13145
13027
13146
13028
13147
13029
13148
13030
13149
13031
13150
13032
13151
13033
13152
13034
13153
13035
13154
13036
13155
13037
13156
13038
13157
13039
13158
13040
13159
13041
13160
13042
13161
13043
13162
13044
13163
13045
13164
13046
13165
13047
13166
13048
13167
13049
13168
13050
13169
13051
13170
13052
13171
13053
13172
13054
13173
13055
13174
13056
13175
13057
13176
13058
13177
13059
13178
13060
13179
13061
13180
13062
13181
13063
13182
13064
13183
13065
13184
13066
13185
13067
13186
13068
13187
13069
13188
13070
13189
13071
13190
13072
13191
13073
13192
13074
13193
13075
13194
13076
13195
13077
13196
13078
13197
13079
13198
13199
13081
13140
13200
13082
13141
13201
13083
13142
13202
13084
13143
13203
13085
13144
13204
13086
13145
13205
13087
13146
13206
13088
13147
13207
13089
13148
13208
13090
13149
13209
13091
13150
13210
13092
13151
13211
13093
13152
13212
13094
13153
13213
13095
13154
13214
13096
13155
13215
13097
13156
13216
13098
13157
13217
13099
13158
13218
13100
13159
13219
13101
13160
13220
13102
13161
13221
13103
13162
13222
13104
13163
13223
13105
13164
13224
13106
13165
13225
13107
13166
13226
13108
13167
13227
13109
13168
13228
13110
13169
13229
13111
13170
13230
13112
13171
13231
13113
13172
13232
13114
13173
13233
13115
13174
13234
13116
13175
13235
13117
13176
13236
13118
13177
13237
13119
13178
13238
13120
13179
13239
13121
13180
13240
13122
13181
13241
13123
13182
13242
13124
13183
13243
13125
13184
13244
13126
13185
13245
13127
13186
13246
13128
13187
13247
13129
13188
13248
13130
13189
13249
13131
13190
13250
13132
13191
13251
13133
13192
13252
13134
13193
13253
13135
13194
13254
13136
13195
13255
13137
13196
13256
13138
13197
13257
13139
13198
13258
13199
13259
13141
13260
13142
13261
13143
13262
13144
13263
13145
13264
13146
13265
13147
13266
13148
13267
13149
13268
13150
13269
13151
13270
13152
13271
13153
13272
13154
13273
13155
13274
13156
13275
13157
13276
13158
13277
13159
13278
13160
13279
13161
13280
13162
13281
13163
13282
13164
13283
13165
13284
13166
13285
13167
13286
13168
13287
13169
13288
13170
13289
13171
13290
13172
13291
13173
13292
13174
13293
13175
13294
13176
13295
13177
13296
13178
13297
13179
13298
13180
13299
13181
13300
13182
13301
13183
13302
13184
13303
13185
13304
13186
13305
13187
13306
13188
13307
13189
13308
13190
13309
13191
13310
13192
13311
13193
13312
13194
13313
13195
13314
13196
13315
13197
13316
13198
13317
13199
13318
13319
13201
13260
13320
13202
13261
13321
13203
13262
13322
13204
13263
13323
13205
13264
13324
13206
13265
13325
13207
13266
13326
13208
13267
13327
13209
13268
13328
13210
13269
13329
13211
13270
13330
13212
13271
13331
13213
13272
13332
13214
13273
13333
13215
13274
13334
13216
13275
13335
13217
13276
13336
13218
13277
13337
13219
13278
13338
13220
13279
13339
13221
13280
13340
13222
13281
13341
13223
13282
13342
13224
13283
13343
13225
13284
13344
13226
13285
13345
13227
13286
13346
13228
13287
13347
13229
13288
13348
13230
13289
13349
13231
13290
13350
13232
13291
13351
13233
13292
13352
13234
13293
13353
13235
13294
13354
13236
13295
13355
13237
13296
13356
13238
13297
13357
13239
13298
13358
13240
13299
13359
13241
13300
13360
13242
13301
13361
13243
13302
13362
13244
13303
13363
13245
13304
13364
13246
13305
13365
13247
13306
13366
13248
13307
13367
13249
13308
13368
13250
13309
13369
13251
13310
13370
13252
13311
13371
13253
13312
13372
13254
13313
13373
13255
13314
13374
13256
13315
13375
13257
13316
13376
13258
13317
13377
13259
13318
13378
13319
13379
13261
13380
13262
13381
13263
13382
13264
13383
13265
13384
13266
13385
13267
13386
13268
13387
13269
13388
13270
13389
13271
13390
13272
13391
13273
13392
13274
13393
13275
13394
13276
13395
13277
13396
13278
13397
13279
13398
13280
13399
13281
13400
13282
13401
13283
13402
13284
13403
13285
13404
13286
13405
13287
13406
13288
13407
13289
13408
13290
13409
13291
13410
13292
13411
13293
13412
13294
13413
13295
13414
13296
13415
13297
13416
13298
13417
13299
13418
13300
13419
13301
13420
13302
13421
13303
13422
13304
13423
13305
13424
13306
13425
13307
13426
13308
13427
13309
13428
13310
13429
13311
13430
13312
13431
13313
13432
13314
13433
13315
13434
13316
13435
13317
13436
13318
13437
13319
13438
13439
13321
13380
13440
13322
13381
13441
13323
13382
13442
13324
13383
13443
13325
13384
13444
13326
13385
13445
13327
13386
13446
13328
13387
13447
13329
13388
13448
13330
13389
13449
13331
13390
13450
13332
13391
13451
13333
13392
13452
13334
13393
13453
13335
13394
13454
13336
13395
13455
13337
13396
13456
13338
13397
13457
13339
13398
13458
13340
13399
13459
13341
13400
13460
13342
13401
13461
13343
13402
13462
13344
13403
13463
13345
13404
13464
13346
13405
13465
13347
13406
13466
13348
13407
13467
13349
13408
13468
13350
13409
13469
13351
13410
13470
13352
13411
13471
13353
13412
13472
13354
13413
13473
13355
13414
13474
13356
13415
13475
13357
13416
13476
13358
13417
13477
13359
13418
13478
13360
13419
13479
13361
13420
13480
13362
13421
13481
13363
13422
13482
13364
13423
13483
13365
13424
13484
13366
13425
13485
13367
13426
13486
13368
13427
13487
13369
13428
13488
13370
13429
13489
13371
13430
13490
13372
13431
13491
13373
13432
13492
13374
13433
13493
13375
13434
13494
13376
13435
13495
13377
13436
13496
13378
13437
13497
13379
13438
13498
13439
13499
13381
13500
13382
13501
13383
13502
13384
13503
13385
13504
13386
13505
13387
13506
13388
13507
13389
13508
13390
13509
13391
13510
13392
13511
13393
13512
13394
13513
13395
13514
13396
13515
13397
13516
13398
13517
13399
13518
13400
13519
13401
13520
13402
13521
13403
13522
13404
13523
13405
13524
13406
13525
13407
13526
13408
13527
13409
13528
13410
13529
13411
13530
13412
13531
13413
13532
13414
13533
13415
13534
13416
13535
13417
13536
13418
13537
13419
13538
13420
13539
13421
13540
13422
13541
13423
13542
13424
13543
13425
13544
13426
13545
13427
13546
13428
13547
13429
13548
13430
13549
13431
13550
13432
13551
13433
13552
13434
13553
13435
13554
13436
13555
13437
13556
13438
13557
13439
13558
13559
13441
13500
13560
13442
13501
13561
13443
13502
13562
13444
13503
13563
13445
13504
13564
13446
13505
13565
13447
13506
13566
13448
13507
13567
13449
13508
13568
13450
13509
13569
13451
13510
13570
13452
13511
13571
13453
13512
13572
13454
13513
13573
13455
13514
13574
13456
13515
13575
13457
13516
13576
13458
13517
13577
13459
13518
13578
13460
13519
13579
13461
13520
13580
13462
13521
13581
13463
13522
13582
13464
13523
13583
13465
13524
13584
13466
13525
13585
13467
13526
13586
13468
13527
13587
13469
13528
13588
13470
13529
13589
13471
13530
13590
13472
13531
13591
13473
13532
13592
13474
13533
13593
13475
13534
13594
13476
13535
13595
13477
13536
13596
13478
13537
13597
13479
13538
13598
13480
13539
13599
13481
13540
13600
13482
13541
13601
13483
13542
13602
13484
13543
13603
13485
13544
13604
13486
13545
13605
13487
13546
13606
13488
13547
13607
13489
13548
13608
13490
13549
13609
13491
13550
13610
13492
13551
13611
13493
13552
13612
13494
13553
13613
13495
13554
13614
13496
13555
13615
13497
13556
13616
13498
13557
13617
13499
13558
13618
13559
13619
13501
13620
13502
13621
13503
13622
13504
13623
13505
13624
13506
13625
13507
13626
13508
13627
13509
13628
13510
13629
13511
13630
13512
13631
13513
13632
13514
13633
13515
13634
13516
13635
13517
13636
13518
13637
13519
13638
13520
13639
13521
13640
13522
13641
13523
13642
13524
13643
13525
13644
13526
13645
13527
13646
13528
13647
13529
13648
13530
13649
13531
13650
13532
13651
13533
13652
13534
13653
13535
13654
13536
13655
13537
13656
13538
13657
13539
13658
13540
13659
13541
13660
13542
13661
13543
13662
13544
13663
13545
13664
13546
13665
13547
13666
13548
13667
13549
13668
13550
13669
13551
13670
13552
13671
13553
13672
13554
13673
13555
13674
13556
13675
13557
13676
13558
13677
13559
13678
13679
13561
13620
13680
13562
13621
13681
13563
13622
13682
13564
13623
13683
13565
13624
13684
13566
13625
13685
13567
13626
13686
13568
13627
13687
13569
13628
13688
13570
13629
13689
13571
13630
13690
13572
13631
13691
13573
13632
13692
13574
13633
13693
13575
13634
13694
13576
13635
13695
13577
13636
13696
13578
13637
13697
13579
13638
13698
13580
13639
13699
13581
13640
13700
13582
13641
13701
13583
13642
13702
13584
13643
13703
13585
13644
13704
13586
13645
13705
13587
13646
13706
13588
13647
13707
13589
13648
13708
13590
13649
13709
13591
13650
13710
13592
13651
13711
13593
13652
13712
13594
13653
13713
13595
13654
13714
13596
13655
13715
13597
13656
13716
13598
13657
13717
13599
13658
13718
13600
13659
13719
13601
13660
13720
13602
13661
13721
13603
13662
13722
13604
13663
13723
13605
13664
13724
13606
13665
13725
13607
13666
13726
13608
13667
13727
13609
13668
13728
13610
13669
13729
13611
13670
13730
13612
13671
13731
13613
13672
13732
13614
13673
13733
13615
13674
13734
13616
13675
13735
13617
13676
13736
13618
13677
13737
13619
13678
13738
13679
13739
13621
13740
13622
13741
13623
13742
13624
13743
13625
13744
13626
13745
13627
13746
13628
13747
13629
13748
13630
13749
13631
13750
13632
13751
13633
13752
13634
13753
13635
13754
13636
13755
13637
13756
13638
13757
13639
13758
13640
13759
13641
13760
13642
13761
13643
13762
13644
13763
13645
13764
13646
13765
13647
13766
13648
13767
13649
13768
13650
13769
13651
13770
13652
13771
13653
13772
13654
13773
13655
13774
13656
13775
13657
13776
13658
13777
13659
13778
13660
13779
13661
13780
13662
13781
13663
13782
13664
13783
13665
13784
13666
13785
13667
13786
13668
13787
13669
13788
13670
13789
13671
13790
13672
13791
13673
13792
13674
13793
13675
13794
13676
13795
13677
13796
13678
13797
13679
13798
13799
13681
13740
13800
13682
13741
13801
13683
13742
13802
13684
13743
13803
13685
13744
13804
13686
13745
13805
13687
13746
13806
13688
13747
13807
13689
13748
13808
13690
13749
13809
13691
13750
13810
13692
13751
13811
13693
13752
13812
13694
13753
13813
13695
13754
13814
13696
13755
13815
13697
13756
13816
13698
13757
13817
13699
13758
13818
13700
13759
13819
13701
13760
13820
13702
13761
13821
13703
13762
13822
13704
13763
13823
13705
13764
13824
13706
13765
13825
13707
13766
13826
13708
13767
13827
13709
13768
13828
13710
13769
13829
13711
13770
13830
13712
13771
13831
13713
13772
13832
13714
13773
13833
13715
13774
13834
13716
13775
13835
13717
13776
13836
13718
13777
13837
13719
13778
13838
13720
13779
13839
13721
13780
13840
13722
13781
13841
13723
13782
13842
13724
13783
13843
13725
13784
13844
13726
13785
13845
13727
13786
13846
13728
13787
13847
13729
13788
13848
13730
13789
13849
13731
13790
13850
13732
13791
13851
13733
13792
13852
13734
13793
13853
13735
13794
13854
13736
13795
13855
13737
13796
13856
13738
13797
13857
13739
13798
13858
13799
13859
13741
13860
13742
13861
13743
13862
13744
13863
13745
13864
13746
13865
13747
13866
13748
13867
13749
13868
13750
13869
13751
13870
13752
13871
13753
13872
13754
13873
13755
13874
13756
13875
13757
13876
13758
13877
13759
13878
13760
13879
13761
13880
13762
13881
13763
13882
13764
13883
13765
13884
13766
13885
13767
13886
13768
13887
13769
13888
13770
13889
13771
13890
13772
13891
13773
13892
13774
13893
13775
13894
13776
13895
13777
13896
13778
13897
13779
13898
13780
13899
13781
13900
13782
13901
13783
13902
13784
13903
13785
13904
13786
13905
13787
13906
13788
13907
13789
13908
13790
13909
13791
13910
13792
13911
13793
13912
13794
13913
13795
13914
13796
13915
13797
13916
13798
13917
13799
13918
13919
13801
13860
13920
13802
13861
13921
13803
13862
13922
13804
13863
13923
13805
13864
13924
13806
13865
13925
13807
13866
13926
13808
13867
13927
13809
13868
13928
13810
13869
13929
13811
13870
13930
13812
13871
13931
13813
13872
13932
13814
13873
13933
13815
13874
13934
13816
13875
13935
13817
13876
13936
13818
13877
13937
13819
13878
13938
13820
13879
13939
13821
13880
13940
13822
13881
13941
13823
13882
13942
13824
13883
13943
13825
13884
13944
13826
13885
13945
13827
13886
13946
13828
13887
13947
13829
13888
13948
13830
13889
13949
13831
13890
13950
13832
13891
13951
13833
13892
13952
13834
13893
13953
13835
13894
13954
13836
13895
13955
13837
13896
13956
13838
13897
13957
13839
13898
13958
13840
13899
13959
13841
13900
13960
13842
13901
13961
13843
13902
13962
13844
13903
13963
13845
13904
13964
13846
13905
13965
13847
13906
13966
13848
13907
13967
13849
13908
13968
13850
13909
13969
13851
13910
13970
13852
13911
13971
13853
13912
13972
13854
13913
13973
13855
13914
13974
13856
13915
13975
13857
13916
13976
13858
13917
13977
13859
13918
13978
13919
13979
13861
13980
13862
13981
13863
13982
13864
13983
13865
13984
13866
13985
13867
13986
13868
13987
13869
13988
13870
13989
13871
13990
13872
13991
13873
13992
13874
13993
13875
13994
13876
13995
13877
13996
13878
13997
13879
13998
13880
13999
13881
14000
13882
14001
13883
14002
13884
14003
13885
14004
13886
14005
13887
14006
13888
14007
13889
14008
13890
14009
13891
14010
13892
14011
13893
14012
13894
14013
13895
14014
13896
14015
13897
14016
13898
14017
13899
14018
13900
14019
13901
14020
13902
14021
13903
14022
13904
14023
13905
14024
13906
14025
13907
14026
13908
14027
13909
14028
13910
14029
13911
14030
13912
14031
13913
14032
13914
14033
13915
14034
13916
14035
13917
14036
13918
14037
13919
14038
14039
13921
13980
14040
13922
13981
14041
13923
13982
14042
13924
13983
14043
13925
13984
14044
13926
13985
14045
13927
13986
14046
13928
13987
14047
13929
13988
14048
13930
13989
14049
13931
13990
14050
13932
13991
14051
13933
13992
14052
13934
13993
14053
13935
13994
14054
13936
13995
14055
13937
13996
14056
13938
13997
14057
13939
13998
14058
13940
13999
14059
13941
14000
14060
13942
14001
14061
13943
14002
14062
13944
14003
14063
13945
14004
14064
13946
14005
14065
13947
14006
14066
13948
14007
14067
13949
14008
14068
13950
14009
14069
13951
14010
14070
13952
14011
14071
13953
14012
14072
13954
14013
14073
13955
14014
14074
13956
14015
14075
13957
14016
14076
13958
14017
14077
13959
14018
14078
13960
14019
14079
13961
14020
14080
13962
14021
14081
13963
14022
14082
13964
14023
14083
13965
14024
14084
13966
14025
14085
13967
14026
14086
13968
14027
14087
13969
14028
14088
13970
14029
14089
13971
14030
14090
13972
14031
14091
13973
14032
14092
13974
14033
14093
13975
14034
14094
13976
14035
14095
13977
14036
14096
13978
14037
14097
13979
14038
14098
14039
14099
13981
14100
13982
14101
13983
14102
13984
14103
13985
14104
13986
14105
13987
14106
13988
14107
13989
14108
13990
14109
13991
14110
13992
14111
13993
14112
13994
14113
13995
14114
13996
14115
13997
14116
13998
14117
13999
14118
14000
14119
14001
14120
14002
14121
14003
14122
14004
14123
14005
14124
14006
14125
14007
14126
14008
14127
14009
14128
14010
14129
14011
14130
14012
14131
14013
14132
14014
14133
14015
14134
14016
14135
14017
14136
14018
14137
14019
14138
14020
14139
14021
14140
14022
14141
14023
14142
14024
14143
14025
14144
14026
14145
14027
14146
14028
14147
14029
14148
14030
14149
14031
14150
14032
14151
14033
14152
14034
14153
14035
14154
14036
14155
14037
14156
14038
14157
14039
14158
14159
14041
14100
14160
14042
14101
14161
14043
14102
14162
14044
14103
14163
14045
14104
14164
14046
14105
14165
14047
14106
14166
14048
14107
14167
14049
14108
14168
14050
14109
14169
14051
14110
14170
14052
14111
14171
14053
14112
14172
14054
14113
14173
14055
14114
14174
14056
14115
14175
14057
14116
14176
14058
14117
14177
14059
14118
14178
14060
14119
14179
14061
14120
14180
14062
14121
14181
14063
14122
14182
14064
14123
14183
14065
14124
14184
14066
14125
14185
14067
14126
14186
14068
14127
14187
14069
14128
14188
14070
14129
14189
14071
14130
14190
14072
14131
14191
14073
14132
14192
14074
14133
14193
14075
14134
14194
14076
14135
14195
14077
14136
14196
14078
14137
14197
14079
14138
14198
14080
14139
14199
14081
14140
14200
14082
14141
14201
14083
14142
14202
14084
14143
14203
14085
14144
14204
14086
14145
14205
14087
14146
14206
14088
14147
14207
14089
14148
14208
14090
14149
14209
14091
14150
14210
14092
14151
14211
14093
14152
14212
14094
14153
14213
14095
14154
14214
14096
14155
14215
14097
14156
14216
14098
14157
14217
14099
14158
14218
14159
14219
14101
14220
14102
14221
14103
14222
14104
14223
14105
14224
14106
14225
14107
14226
14108
14227
14109
14228
14110
14229
14111
14230
14112
14231
14113
14232
14114
14233
14115
14234
14116
14235
14117
14236
14118
14237
14119
14238
14120
14239
14121
14240
14122
14241
14123
14242
14124
14243
14125
14244
14126
14245
14127
14246
14128
14247
14129
14248
14130
14249
14131
14250
14132
14251
14133
14252
14134
14253
14135
14254
14136
14255
14137
14256
14138
14257
14139
14258
14140
14259
14141
14260
14142
14261
14143
14262
14144
14263
14145
14264
14146
14265
14147
14266
14148
14267
14149
14268
14150
14269
14151
14270
14152
14271
14153
14272
14154
14273
14155
14274
14156
14275
14157
14276
14158
14277
14159
14278
14279
14161
14220
14280
14162
14221
14281
14163
14222
14282
14164
14223
14283
14165
14224
14284
14166
14225
14285
14167
14226
14286
14168
14227
14287
14169
14228
14288
14170
14229
14289
14171
14230
14290
14172
14231
14291
14173
14232
14292
14174
14233
14293
14175
14234
14294
14176
14235
14295
14177
14236
14296
14178
14237
14297
14179
14238
14298
14180
14239
14299
14181
14240
14300
14182
14241
14301
14183
14242
14302
14184
14243
14303
14185
14244
14304
14186
14245
14305
14187
14246
14306
14188
14247
14307
14189
14248
14308
14190
14249
14309
14191
14250
14310
14192
14251
14311
14193
14252
14312
14194
14253
14313
14195
14254
14314
14196
14255
14315
14197
14256
14316
14198
14257
14317
14199
14258
14318
14200
14259
14319
14201
14260
14320
14202
14261
14321
14203
14262
14322
14204
14263
14323
14205
14264
14324
14206
14265
14325
14207
14266
14326
14208
14267
14327
14209
14268
14328
14210
14269
14329
14211
14270
14330
14212
14271
14331
14213
14272
14332
14214
14273
14333
14215
14274
14334
14216
14275
14335
14217
14276
14336
14218
14277
14337
14219
14278
14338
14279
14339
14221
14340
14222
14341
14223
14342
14224
14343
14225
14344
14226
14345
14227
14346
14228
14347
14229
14348
14230
14349
14231
14350
14232
14351
14233
14352
14234
14353
14235
14354
14236
14355
14237
14356
14238
14357
14239
14358
14240
14359
14241
14360
14242
14361
14243
14362
14244
14363
14245
14364
14246
14365
14247
14366
14248
14367
14249
14368
14250
14369
14251
14370
14252
14371
14253
14372
14254
14373
14255
14374
14256
14375
14257
14376
14258
14377
14259
14378
14260
14379
14261
14380
14262
14381
14263
14382
14264
14383
14265
14384
14266
14385
14267
14386
14268
14387
14269
14388
14270
14389
14271
14390
14272
14391
14273
14392
14274
14393
14275
14394
14276
14395
14277
14396
14278
14397
14279
14398
14399
14281
14340
14282
14341
14283
14342
14284
14343
14285
14344
14286
14345
14287
14346
14288
14347
14289
14348
14290
14349
14291
14350
14292
14351
14293
14352
14294
14353
14295
14354
14296
14355
14297
14356
14298
14357
14299
14358
14300
14359
14301
14360
14302
14361
14303
14362
14304
14363
14305
14364
14306
14365
14307
14366
14308
14367
14309
14368
14310
14369
14311
14370
14312
14371
14313
14372
14314
14373
14315
14374
14316
14375
14317
14376
14318
14377
14319
14378
14320
14379
14321
14380
14322
14381
14323
14382
14324
14383
14325
14384
14326
14385
14327
14386
14328
14387
14329
14388
14330
14389
14331
14390
14332
14391
14333
14392
14334
14393
14335
14394
14336
14395
14337
14396
14338
14397
14339
14398
14399
14341
14342
14343
14344
14345
14346
14347
14348
14349
14350
14351
14352
14353
14354
14355
14356
14357
14358
14359
14360
14361
14362
14363
14364
14365
14366
14367
14368
14369
14370
14371
14372
14373
14374
14375
14376
14377
14378
14379
14380
14381
14382
14383
14384
14385
14386
14387
14388
14389
14390
14391
14392
14393
14394
14395
14396
14397
14398
14399
)


// ************************************************************************* //
