/*--------------------------------*- C++ -*----------------------------------*\
  =========                 |
  \\      /  F ield         | OpenFOAM: The Open Source CFD Toolbox
   \\    /   O peration     | Website:  https://openfoam.org
    \\  /    A nd           | Version:  12
     \\/     M anipulation  |
\*---------------------------------------------------------------------------*/
FoamFile
{
    format      ascii;
    class       vectorField;
    location    "constant/polyMesh";
    object      points;
}
// * * * * * * * * * * * * * * * * * * * * * * * * * * * * * * * * * * * * * //


22143
(
(0 0 0)
(0.005 0 0)
(0.01 0 0)
(0.015 0 0)
(0.02 0 0)
(0.025 0 0)
(0.03 0 0)
(0.035 0 0)
(0.04 0 0)
(0.045 0 0)
(0.05 0 0)
(0.055 0 0)
(0.06 0 0)
(0.065 0 0)
(0.07 0 0)
(0.075 0 0)
(0.08 0 0)
(0.085 0 0)
(0.09 0 0)
(0.095 0 0)
(0.1 0 0)
(0.105 0 0)
(0.11 0 0)
(0.115 0 0)
(0.12 0 0)
(0.125 0 0)
(0.13 0 0)
(0.135 0 0)
(0.14 0 0)
(0.145 0 0)
(0.15 0 0)
(0.155 0 0)
(0.16 0 0)
(0.165 0 0)
(0.17 0 0)
(0.175 0 0)
(0.18 0 0)
(0.185 0 0)
(0.19 0 0)
(0.195 0 0)
(0.2 0 0)
(0.205 0 0)
(0.21 0 0)
(0.215 0 0)
(0.22 0 0)
(0.225 0 0)
(0.23 0 0)
(0.235 0 0)
(0.24 0 0)
(0.245 0 0)
(0.25 0 0)
(0.255 0 0)
(0.26 0 0)
(0.265 0 0)
(0.27 0 0)
(0.275 0 0)
(0.28 0 0)
(0.285 0 0)
(0.29 0 0)
(0.295 0 0)
(0.3 0 0)
(0 0.005 0)
(0.005 0.005 0)
(0.01 0.005 0)
(0.015 0.005 0)
(0.02 0.005 0)
(0.025 0.005 0)
(0.03 0.005 0)
(0.035 0.005 0)
(0.04 0.005 0)
(0.045 0.005 0)
(0.05 0.005 0)
(0.055 0.005 0)
(0.06 0.005 0)
(0.065 0.005 0)
(0.07 0.005 0)
(0.075 0.005 0)
(0.08 0.005 0)
(0.085 0.005 0)
(0.09 0.005 0)
(0.095 0.005 0)
(0.1 0.005 0)
(0.105 0.005 0)
(0.11 0.005 0)
(0.115 0.005 0)
(0.12 0.005 0)
(0.125 0.005 0)
(0.13 0.005 0)
(0.135 0.005 0)
(0.14 0.005 0)
(0.145 0.005 0)
(0.15 0.005 0)
(0.155 0.005 0)
(0.16 0.005 0)
(0.165 0.005 0)
(0.17 0.005 0)
(0.175 0.005 0)
(0.18 0.005 0)
(0.185 0.005 0)
(0.19 0.005 0)
(0.195 0.005 0)
(0.2 0.005 0)
(0.205 0.005 0)
(0.21 0.005 0)
(0.215 0.005 0)
(0.22 0.005 0)
(0.225 0.005 0)
(0.23 0.005 0)
(0.235 0.005 0)
(0.24 0.005 0)
(0.245 0.005 0)
(0.25 0.005 0)
(0.255 0.005 0)
(0.26 0.005 0)
(0.265 0.005 0)
(0.27 0.005 0)
(0.275 0.005 0)
(0.28 0.005 0)
(0.285 0.005 0)
(0.29 0.005 0)
(0.295 0.005 0)
(0.3 0.005 0)
(0 0.01 0)
(0.005 0.01 0)
(0.01 0.01 0)
(0.015 0.01 0)
(0.02 0.01 0)
(0.025 0.01 0)
(0.03 0.01 0)
(0.035 0.01 0)
(0.04 0.01 0)
(0.045 0.01 0)
(0.05 0.01 0)
(0.055 0.01 0)
(0.06 0.01 0)
(0.065 0.01 0)
(0.07 0.01 0)
(0.075 0.01 0)
(0.08 0.01 0)
(0.085 0.01 0)
(0.09 0.01 0)
(0.095 0.01 0)
(0.1 0.01 0)
(0.105 0.01 0)
(0.11 0.01 0)
(0.115 0.01 0)
(0.12 0.01 0)
(0.125 0.01 0)
(0.13 0.01 0)
(0.135 0.01 0)
(0.14 0.01 0)
(0.145 0.01 0)
(0.15 0.01 0)
(0.155 0.01 0)
(0.16 0.01 0)
(0.165 0.01 0)
(0.17 0.01 0)
(0.175 0.01 0)
(0.18 0.01 0)
(0.185 0.01 0)
(0.19 0.01 0)
(0.195 0.01 0)
(0.2 0.01 0)
(0.205 0.01 0)
(0.21 0.01 0)
(0.215 0.01 0)
(0.22 0.01 0)
(0.225 0.01 0)
(0.23 0.01 0)
(0.235 0.01 0)
(0.24 0.01 0)
(0.245 0.01 0)
(0.25 0.01 0)
(0.255 0.01 0)
(0.26 0.01 0)
(0.265 0.01 0)
(0.27 0.01 0)
(0.275 0.01 0)
(0.28 0.01 0)
(0.285 0.01 0)
(0.29 0.01 0)
(0.295 0.01 0)
(0.3 0.01 0)
(0 0 0.005)
(0.005 0 0.005)
(0.01 0 0.005)
(0.015 0 0.005)
(0.02 0 0.005)
(0.025 0 0.005)
(0.03 0 0.005)
(0.035 0 0.005)
(0.04 0 0.005)
(0.045 0 0.005)
(0.05 0 0.005)
(0.055 0 0.005)
(0.06 0 0.005)
(0.065 0 0.005)
(0.07 0 0.005)
(0.075 0 0.005)
(0.08 0 0.005)
(0.085 0 0.005)
(0.09 0 0.005)
(0.095 0 0.005)
(0.1 0 0.005)
(0.105 0 0.005)
(0.11 0 0.005)
(0.115 0 0.005)
(0.12 0 0.005)
(0.125 0 0.005)
(0.13 0 0.005)
(0.135 0 0.005)
(0.14 0 0.005)
(0.145 0 0.005)
(0.15 0 0.005)
(0.155 0 0.005)
(0.16 0 0.005)
(0.165 0 0.005)
(0.17 0 0.005)
(0.175 0 0.005)
(0.18 0 0.005)
(0.185 0 0.005)
(0.19 0 0.005)
(0.195 0 0.005)
(0.2 0 0.005)
(0.205 0 0.005)
(0.21 0 0.005)
(0.215 0 0.005)
(0.22 0 0.005)
(0.225 0 0.005)
(0.23 0 0.005)
(0.235 0 0.005)
(0.24 0 0.005)
(0.245 0 0.005)
(0.25 0 0.005)
(0.255 0 0.005)
(0.26 0 0.005)
(0.265 0 0.005)
(0.27 0 0.005)
(0.275 0 0.005)
(0.28 0 0.005)
(0.285 0 0.005)
(0.29 0 0.005)
(0.295 0 0.005)
(0.3 0 0.005)
(0 0.005 0.005)
(0.005 0.005 0.005)
(0.01 0.005 0.005)
(0.015 0.005 0.005)
(0.02 0.005 0.005)
(0.025 0.005 0.005)
(0.03 0.005 0.005)
(0.035 0.005 0.005)
(0.04 0.005 0.005)
(0.045 0.005 0.005)
(0.05 0.005 0.005)
(0.055 0.005 0.005)
(0.06 0.005 0.005)
(0.065 0.005 0.005)
(0.07 0.005 0.005)
(0.075 0.005 0.005)
(0.08 0.005 0.005)
(0.085 0.005 0.005)
(0.09 0.005 0.005)
(0.095 0.005 0.005)
(0.1 0.005 0.005)
(0.105 0.005 0.005)
(0.11 0.005 0.005)
(0.115 0.005 0.005)
(0.12 0.005 0.005)
(0.125 0.005 0.005)
(0.13 0.005 0.005)
(0.135 0.005 0.005)
(0.14 0.005 0.005)
(0.145 0.005 0.005)
(0.15 0.005 0.005)
(0.155 0.005 0.005)
(0.16 0.005 0.005)
(0.165 0.005 0.005)
(0.17 0.005 0.005)
(0.175 0.005 0.005)
(0.18 0.005 0.005)
(0.185 0.005 0.005)
(0.19 0.005 0.005)
(0.195 0.005 0.005)
(0.2 0.005 0.005)
(0.205 0.005 0.005)
(0.21 0.005 0.005)
(0.215 0.005 0.005)
(0.22 0.005 0.005)
(0.225 0.005 0.005)
(0.23 0.005 0.005)
(0.235 0.005 0.005)
(0.24 0.005 0.005)
(0.245 0.005 0.005)
(0.25 0.005 0.005)
(0.255 0.005 0.005)
(0.26 0.005 0.005)
(0.265 0.005 0.005)
(0.27 0.005 0.005)
(0.275 0.005 0.005)
(0.28 0.005 0.005)
(0.285 0.005 0.005)
(0.29 0.005 0.005)
(0.295 0.005 0.005)
(0.3 0.005 0.005)
(0 0.01 0.005)
(0.005 0.01 0.005)
(0.01 0.01 0.005)
(0.015 0.01 0.005)
(0.02 0.01 0.005)
(0.025 0.01 0.005)
(0.03 0.01 0.005)
(0.035 0.01 0.005)
(0.04 0.01 0.005)
(0.045 0.01 0.005)
(0.05 0.01 0.005)
(0.055 0.01 0.005)
(0.06 0.01 0.005)
(0.065 0.01 0.005)
(0.07 0.01 0.005)
(0.075 0.01 0.005)
(0.08 0.01 0.005)
(0.085 0.01 0.005)
(0.09 0.01 0.005)
(0.095 0.01 0.005)
(0.1 0.01 0.005)
(0.105 0.01 0.005)
(0.11 0.01 0.005)
(0.115 0.01 0.005)
(0.12 0.01 0.005)
(0.125 0.01 0.005)
(0.13 0.01 0.005)
(0.135 0.01 0.005)
(0.14 0.01 0.005)
(0.145 0.01 0.005)
(0.15 0.01 0.005)
(0.155 0.01 0.005)
(0.16 0.01 0.005)
(0.165 0.01 0.005)
(0.17 0.01 0.005)
(0.175 0.01 0.005)
(0.18 0.01 0.005)
(0.185 0.01 0.005)
(0.19 0.01 0.005)
(0.195 0.01 0.005)
(0.2 0.01 0.005)
(0.205 0.01 0.005)
(0.21 0.01 0.005)
(0.215 0.01 0.005)
(0.22 0.01 0.005)
(0.225 0.01 0.005)
(0.23 0.01 0.005)
(0.235 0.01 0.005)
(0.24 0.01 0.005)
(0.245 0.01 0.005)
(0.25 0.01 0.005)
(0.255 0.01 0.005)
(0.26 0.01 0.005)
(0.265 0.01 0.005)
(0.27 0.01 0.005)
(0.275 0.01 0.005)
(0.28 0.01 0.005)
(0.285 0.01 0.005)
(0.29 0.01 0.005)
(0.295 0.01 0.005)
(0.3 0.01 0.005)
(0 0 0.01)
(0.005 0 0.01)
(0.01 0 0.01)
(0.015 0 0.01)
(0.02 0 0.01)
(0.025 0 0.01)
(0.03 0 0.01)
(0.035 0 0.01)
(0.04 0 0.01)
(0.045 0 0.01)
(0.05 0 0.01)
(0.055 0 0.01)
(0.06 0 0.01)
(0.065 0 0.01)
(0.07 0 0.01)
(0.075 0 0.01)
(0.08 0 0.01)
(0.085 0 0.01)
(0.09 0 0.01)
(0.095 0 0.01)
(0.1 0 0.01)
(0.105 0 0.01)
(0.11 0 0.01)
(0.115 0 0.01)
(0.12 0 0.01)
(0.125 0 0.01)
(0.13 0 0.01)
(0.135 0 0.01)
(0.14 0 0.01)
(0.145 0 0.01)
(0.15 0 0.01)
(0.155 0 0.01)
(0.16 0 0.01)
(0.165 0 0.01)
(0.17 0 0.01)
(0.175 0 0.01)
(0.18 0 0.01)
(0.185 0 0.01)
(0.19 0 0.01)
(0.195 0 0.01)
(0.2 0 0.01)
(0.205 0 0.01)
(0.21 0 0.01)
(0.215 0 0.01)
(0.22 0 0.01)
(0.225 0 0.01)
(0.23 0 0.01)
(0.235 0 0.01)
(0.24 0 0.01)
(0.245 0 0.01)
(0.25 0 0.01)
(0.255 0 0.01)
(0.26 0 0.01)
(0.265 0 0.01)
(0.27 0 0.01)
(0.275 0 0.01)
(0.28 0 0.01)
(0.285 0 0.01)
(0.29 0 0.01)
(0.295 0 0.01)
(0.3 0 0.01)
(0 0.005 0.01)
(0.005 0.005 0.01)
(0.01 0.005 0.01)
(0.015 0.005 0.01)
(0.02 0.005 0.01)
(0.025 0.005 0.01)
(0.03 0.005 0.01)
(0.035 0.005 0.01)
(0.04 0.005 0.01)
(0.045 0.005 0.01)
(0.05 0.005 0.01)
(0.055 0.005 0.01)
(0.06 0.005 0.01)
(0.065 0.005 0.01)
(0.07 0.005 0.01)
(0.075 0.005 0.01)
(0.08 0.005 0.01)
(0.085 0.005 0.01)
(0.09 0.005 0.01)
(0.095 0.005 0.01)
(0.1 0.005 0.01)
(0.105 0.005 0.01)
(0.11 0.005 0.01)
(0.115 0.005 0.01)
(0.12 0.005 0.01)
(0.125 0.005 0.01)
(0.13 0.005 0.01)
(0.135 0.005 0.01)
(0.14 0.005 0.01)
(0.145 0.005 0.01)
(0.15 0.005 0.01)
(0.155 0.005 0.01)
(0.16 0.005 0.01)
(0.165 0.005 0.01)
(0.17 0.005 0.01)
(0.175 0.005 0.01)
(0.18 0.005 0.01)
(0.185 0.005 0.01)
(0.19 0.005 0.01)
(0.195 0.005 0.01)
(0.2 0.005 0.01)
(0.205 0.005 0.01)
(0.21 0.005 0.01)
(0.215 0.005 0.01)
(0.22 0.005 0.01)
(0.225 0.005 0.01)
(0.23 0.005 0.01)
(0.235 0.005 0.01)
(0.24 0.005 0.01)
(0.245 0.005 0.01)
(0.25 0.005 0.01)
(0.255 0.005 0.01)
(0.26 0.005 0.01)
(0.265 0.005 0.01)
(0.27 0.005 0.01)
(0.275 0.005 0.01)
(0.28 0.005 0.01)
(0.285 0.005 0.01)
(0.29 0.005 0.01)
(0.295 0.005 0.01)
(0.3 0.005 0.01)
(0 0.01 0.01)
(0.005 0.01 0.01)
(0.01 0.01 0.01)
(0.015 0.01 0.01)
(0.02 0.01 0.01)
(0.025 0.01 0.01)
(0.03 0.01 0.01)
(0.035 0.01 0.01)
(0.04 0.01 0.01)
(0.045 0.01 0.01)
(0.05 0.01 0.01)
(0.055 0.01 0.01)
(0.06 0.01 0.01)
(0.065 0.01 0.01)
(0.07 0.01 0.01)
(0.075 0.01 0.01)
(0.08 0.01 0.01)
(0.085 0.01 0.01)
(0.09 0.01 0.01)
(0.095 0.01 0.01)
(0.1 0.01 0.01)
(0.105 0.01 0.01)
(0.11 0.01 0.01)
(0.115 0.01 0.01)
(0.12 0.01 0.01)
(0.125 0.01 0.01)
(0.13 0.01 0.01)
(0.135 0.01 0.01)
(0.14 0.01 0.01)
(0.145 0.01 0.01)
(0.15 0.01 0.01)
(0.155 0.01 0.01)
(0.16 0.01 0.01)
(0.165 0.01 0.01)
(0.17 0.01 0.01)
(0.175 0.01 0.01)
(0.18 0.01 0.01)
(0.185 0.01 0.01)
(0.19 0.01 0.01)
(0.195 0.01 0.01)
(0.2 0.01 0.01)
(0.205 0.01 0.01)
(0.21 0.01 0.01)
(0.215 0.01 0.01)
(0.22 0.01 0.01)
(0.225 0.01 0.01)
(0.23 0.01 0.01)
(0.235 0.01 0.01)
(0.24 0.01 0.01)
(0.245 0.01 0.01)
(0.25 0.01 0.01)
(0.255 0.01 0.01)
(0.26 0.01 0.01)
(0.265 0.01 0.01)
(0.27 0.01 0.01)
(0.275 0.01 0.01)
(0.28 0.01 0.01)
(0.285 0.01 0.01)
(0.29 0.01 0.01)
(0.295 0.01 0.01)
(0.3 0.01 0.01)
(0 0 0.015)
(0.005 0 0.015)
(0.01 0 0.015)
(0.015 0 0.015)
(0.02 0 0.015)
(0.025 0 0.015)
(0.03 0 0.015)
(0.035 0 0.015)
(0.04 0 0.015)
(0.045 0 0.015)
(0.05 0 0.015)
(0.055 0 0.015)
(0.06 0 0.015)
(0.065 0 0.015)
(0.07 0 0.015)
(0.075 0 0.015)
(0.08 0 0.015)
(0.085 0 0.015)
(0.09 0 0.015)
(0.095 0 0.015)
(0.1 0 0.015)
(0.105 0 0.015)
(0.11 0 0.015)
(0.115 0 0.015)
(0.12 0 0.015)
(0.125 0 0.015)
(0.13 0 0.015)
(0.135 0 0.015)
(0.14 0 0.015)
(0.145 0 0.015)
(0.15 0 0.015)
(0.155 0 0.015)
(0.16 0 0.015)
(0.165 0 0.015)
(0.17 0 0.015)
(0.175 0 0.015)
(0.18 0 0.015)
(0.185 0 0.015)
(0.19 0 0.015)
(0.195 0 0.015)
(0.2 0 0.015)
(0.205 0 0.015)
(0.21 0 0.015)
(0.215 0 0.015)
(0.22 0 0.015)
(0.225 0 0.015)
(0.23 0 0.015)
(0.235 0 0.015)
(0.24 0 0.015)
(0.245 0 0.015)
(0.25 0 0.015)
(0.255 0 0.015)
(0.26 0 0.015)
(0.265 0 0.015)
(0.27 0 0.015)
(0.275 0 0.015)
(0.28 0 0.015)
(0.285 0 0.015)
(0.29 0 0.015)
(0.295 0 0.015)
(0.3 0 0.015)
(0 0.005 0.015)
(0.005 0.005 0.015)
(0.01 0.005 0.015)
(0.015 0.005 0.015)
(0.02 0.005 0.015)
(0.025 0.005 0.015)
(0.03 0.005 0.015)
(0.035 0.005 0.015)
(0.04 0.005 0.015)
(0.045 0.005 0.015)
(0.05 0.005 0.015)
(0.055 0.005 0.015)
(0.06 0.005 0.015)
(0.065 0.005 0.015)
(0.07 0.005 0.015)
(0.075 0.005 0.015)
(0.08 0.005 0.015)
(0.085 0.005 0.015)
(0.09 0.005 0.015)
(0.095 0.005 0.015)
(0.1 0.005 0.015)
(0.105 0.005 0.015)
(0.11 0.005 0.015)
(0.115 0.005 0.015)
(0.12 0.005 0.015)
(0.125 0.005 0.015)
(0.13 0.005 0.015)
(0.135 0.005 0.015)
(0.14 0.005 0.015)
(0.145 0.005 0.015)
(0.15 0.005 0.015)
(0.155 0.005 0.015)
(0.16 0.005 0.015)
(0.165 0.005 0.015)
(0.17 0.005 0.015)
(0.175 0.005 0.015)
(0.18 0.005 0.015)
(0.185 0.005 0.015)
(0.19 0.005 0.015)
(0.195 0.005 0.015)
(0.2 0.005 0.015)
(0.205 0.005 0.015)
(0.21 0.005 0.015)
(0.215 0.005 0.015)
(0.22 0.005 0.015)
(0.225 0.005 0.015)
(0.23 0.005 0.015)
(0.235 0.005 0.015)
(0.24 0.005 0.015)
(0.245 0.005 0.015)
(0.25 0.005 0.015)
(0.255 0.005 0.015)
(0.26 0.005 0.015)
(0.265 0.005 0.015)
(0.27 0.005 0.015)
(0.275 0.005 0.015)
(0.28 0.005 0.015)
(0.285 0.005 0.015)
(0.29 0.005 0.015)
(0.295 0.005 0.015)
(0.3 0.005 0.015)
(0 0.01 0.015)
(0.005 0.01 0.015)
(0.01 0.01 0.015)
(0.015 0.01 0.015)
(0.02 0.01 0.015)
(0.025 0.01 0.015)
(0.03 0.01 0.015)
(0.035 0.01 0.015)
(0.04 0.01 0.015)
(0.045 0.01 0.015)
(0.05 0.01 0.015)
(0.055 0.01 0.015)
(0.06 0.01 0.015)
(0.065 0.01 0.015)
(0.07 0.01 0.015)
(0.075 0.01 0.015)
(0.08 0.01 0.015)
(0.085 0.01 0.015)
(0.09 0.01 0.015)
(0.095 0.01 0.015)
(0.1 0.01 0.015)
(0.105 0.01 0.015)
(0.11 0.01 0.015)
(0.115 0.01 0.015)
(0.12 0.01 0.015)
(0.125 0.01 0.015)
(0.13 0.01 0.015)
(0.135 0.01 0.015)
(0.14 0.01 0.015)
(0.145 0.01 0.015)
(0.15 0.01 0.015)
(0.155 0.01 0.015)
(0.16 0.01 0.015)
(0.165 0.01 0.015)
(0.17 0.01 0.015)
(0.175 0.01 0.015)
(0.18 0.01 0.015)
(0.185 0.01 0.015)
(0.19 0.01 0.015)
(0.195 0.01 0.015)
(0.2 0.01 0.015)
(0.205 0.01 0.015)
(0.21 0.01 0.015)
(0.215 0.01 0.015)
(0.22 0.01 0.015)
(0.225 0.01 0.015)
(0.23 0.01 0.015)
(0.235 0.01 0.015)
(0.24 0.01 0.015)
(0.245 0.01 0.015)
(0.25 0.01 0.015)
(0.255 0.01 0.015)
(0.26 0.01 0.015)
(0.265 0.01 0.015)
(0.27 0.01 0.015)
(0.275 0.01 0.015)
(0.28 0.01 0.015)
(0.285 0.01 0.015)
(0.29 0.01 0.015)
(0.295 0.01 0.015)
(0.3 0.01 0.015)
(0 0 0.02)
(0.005 0 0.02)
(0.01 0 0.02)
(0.015 0 0.02)
(0.02 0 0.02)
(0.025 0 0.02)
(0.03 0 0.02)
(0.035 0 0.02)
(0.04 0 0.02)
(0.045 0 0.02)
(0.05 0 0.02)
(0.055 0 0.02)
(0.06 0 0.02)
(0.065 0 0.02)
(0.07 0 0.02)
(0.075 0 0.02)
(0.08 0 0.02)
(0.085 0 0.02)
(0.09 0 0.02)
(0.095 0 0.02)
(0.1 0 0.02)
(0.105 0 0.02)
(0.11 0 0.02)
(0.115 0 0.02)
(0.12 0 0.02)
(0.125 0 0.02)
(0.13 0 0.02)
(0.135 0 0.02)
(0.14 0 0.02)
(0.145 0 0.02)
(0.15 0 0.02)
(0.155 0 0.02)
(0.16 0 0.02)
(0.165 0 0.02)
(0.17 0 0.02)
(0.175 0 0.02)
(0.18 0 0.02)
(0.185 0 0.02)
(0.19 0 0.02)
(0.195 0 0.02)
(0.2 0 0.02)
(0.205 0 0.02)
(0.21 0 0.02)
(0.215 0 0.02)
(0.22 0 0.02)
(0.225 0 0.02)
(0.23 0 0.02)
(0.235 0 0.02)
(0.24 0 0.02)
(0.245 0 0.02)
(0.25 0 0.02)
(0.255 0 0.02)
(0.26 0 0.02)
(0.265 0 0.02)
(0.27 0 0.02)
(0.275 0 0.02)
(0.28 0 0.02)
(0.285 0 0.02)
(0.29 0 0.02)
(0.295 0 0.02)
(0.3 0 0.02)
(0 0.005 0.02)
(0.005 0.005 0.02)
(0.01 0.005 0.02)
(0.015 0.005 0.02)
(0.02 0.005 0.02)
(0.025 0.005 0.02)
(0.03 0.005 0.02)
(0.035 0.005 0.02)
(0.04 0.005 0.02)
(0.045 0.005 0.02)
(0.05 0.005 0.02)
(0.055 0.005 0.02)
(0.06 0.005 0.02)
(0.065 0.005 0.02)
(0.07 0.005 0.02)
(0.075 0.005 0.02)
(0.08 0.005 0.02)
(0.085 0.005 0.02)
(0.09 0.005 0.02)
(0.095 0.005 0.02)
(0.1 0.005 0.02)
(0.105 0.005 0.02)
(0.11 0.005 0.02)
(0.115 0.005 0.02)
(0.12 0.005 0.02)
(0.125 0.005 0.02)
(0.13 0.005 0.02)
(0.135 0.005 0.02)
(0.14 0.005 0.02)
(0.145 0.005 0.02)
(0.15 0.005 0.02)
(0.155 0.005 0.02)
(0.16 0.005 0.02)
(0.165 0.005 0.02)
(0.17 0.005 0.02)
(0.175 0.005 0.02)
(0.18 0.005 0.02)
(0.185 0.005 0.02)
(0.19 0.005 0.02)
(0.195 0.005 0.02)
(0.2 0.005 0.02)
(0.205 0.005 0.02)
(0.21 0.005 0.02)
(0.215 0.005 0.02)
(0.22 0.005 0.02)
(0.225 0.005 0.02)
(0.23 0.005 0.02)
(0.235 0.005 0.02)
(0.24 0.005 0.02)
(0.245 0.005 0.02)
(0.25 0.005 0.02)
(0.255 0.005 0.02)
(0.26 0.005 0.02)
(0.265 0.005 0.02)
(0.27 0.005 0.02)
(0.275 0.005 0.02)
(0.28 0.005 0.02)
(0.285 0.005 0.02)
(0.29 0.005 0.02)
(0.295 0.005 0.02)
(0.3 0.005 0.02)
(0 0.01 0.02)
(0.005 0.01 0.02)
(0.01 0.01 0.02)
(0.015 0.01 0.02)
(0.02 0.01 0.02)
(0.025 0.01 0.02)
(0.03 0.01 0.02)
(0.035 0.01 0.02)
(0.04 0.01 0.02)
(0.045 0.01 0.02)
(0.05 0.01 0.02)
(0.055 0.01 0.02)
(0.06 0.01 0.02)
(0.065 0.01 0.02)
(0.07 0.01 0.02)
(0.075 0.01 0.02)
(0.08 0.01 0.02)
(0.085 0.01 0.02)
(0.09 0.01 0.02)
(0.095 0.01 0.02)
(0.1 0.01 0.02)
(0.105 0.01 0.02)
(0.11 0.01 0.02)
(0.115 0.01 0.02)
(0.12 0.01 0.02)
(0.125 0.01 0.02)
(0.13 0.01 0.02)
(0.135 0.01 0.02)
(0.14 0.01 0.02)
(0.145 0.01 0.02)
(0.15 0.01 0.02)
(0.155 0.01 0.02)
(0.16 0.01 0.02)
(0.165 0.01 0.02)
(0.17 0.01 0.02)
(0.175 0.01 0.02)
(0.18 0.01 0.02)
(0.185 0.01 0.02)
(0.19 0.01 0.02)
(0.195 0.01 0.02)
(0.2 0.01 0.02)
(0.205 0.01 0.02)
(0.21 0.01 0.02)
(0.215 0.01 0.02)
(0.22 0.01 0.02)
(0.225 0.01 0.02)
(0.23 0.01 0.02)
(0.235 0.01 0.02)
(0.24 0.01 0.02)
(0.245 0.01 0.02)
(0.25 0.01 0.02)
(0.255 0.01 0.02)
(0.26 0.01 0.02)
(0.265 0.01 0.02)
(0.27 0.01 0.02)
(0.275 0.01 0.02)
(0.28 0.01 0.02)
(0.285 0.01 0.02)
(0.29 0.01 0.02)
(0.295 0.01 0.02)
(0.3 0.01 0.02)
(0 0 0.025)
(0.005 0 0.025)
(0.01 0 0.025)
(0.015 0 0.025)
(0.02 0 0.025)
(0.025 0 0.025)
(0.03 0 0.025)
(0.035 0 0.025)
(0.04 0 0.025)
(0.045 0 0.025)
(0.05 0 0.025)
(0.055 0 0.025)
(0.06 0 0.025)
(0.065 0 0.025)
(0.07 0 0.025)
(0.075 0 0.025)
(0.08 0 0.025)
(0.085 0 0.025)
(0.09 0 0.025)
(0.095 0 0.025)
(0.1 0 0.025)
(0.105 0 0.025)
(0.11 0 0.025)
(0.115 0 0.025)
(0.12 0 0.025)
(0.125 0 0.025)
(0.13 0 0.025)
(0.135 0 0.025)
(0.14 0 0.025)
(0.145 0 0.025)
(0.15 0 0.025)
(0.155 0 0.025)
(0.16 0 0.025)
(0.165 0 0.025)
(0.17 0 0.025)
(0.175 0 0.025)
(0.18 0 0.025)
(0.185 0 0.025)
(0.19 0 0.025)
(0.195 0 0.025)
(0.2 0 0.025)
(0.205 0 0.025)
(0.21 0 0.025)
(0.215 0 0.025)
(0.22 0 0.025)
(0.225 0 0.025)
(0.23 0 0.025)
(0.235 0 0.025)
(0.24 0 0.025)
(0.245 0 0.025)
(0.25 0 0.025)
(0.255 0 0.025)
(0.26 0 0.025)
(0.265 0 0.025)
(0.27 0 0.025)
(0.275 0 0.025)
(0.28 0 0.025)
(0.285 0 0.025)
(0.29 0 0.025)
(0.295 0 0.025)
(0.3 0 0.025)
(0 0.005 0.025)
(0.005 0.005 0.025)
(0.01 0.005 0.025)
(0.015 0.005 0.025)
(0.02 0.005 0.025)
(0.025 0.005 0.025)
(0.03 0.005 0.025)
(0.035 0.005 0.025)
(0.04 0.005 0.025)
(0.045 0.005 0.025)
(0.05 0.005 0.025)
(0.055 0.005 0.025)
(0.06 0.005 0.025)
(0.065 0.005 0.025)
(0.07 0.005 0.025)
(0.075 0.005 0.025)
(0.08 0.005 0.025)
(0.085 0.005 0.025)
(0.09 0.005 0.025)
(0.095 0.005 0.025)
(0.1 0.005 0.025)
(0.105 0.005 0.025)
(0.11 0.005 0.025)
(0.115 0.005 0.025)
(0.12 0.005 0.025)
(0.125 0.005 0.025)
(0.13 0.005 0.025)
(0.135 0.005 0.025)
(0.14 0.005 0.025)
(0.145 0.005 0.025)
(0.15 0.005 0.025)
(0.155 0.005 0.025)
(0.16 0.005 0.025)
(0.165 0.005 0.025)
(0.17 0.005 0.025)
(0.175 0.005 0.025)
(0.18 0.005 0.025)
(0.185 0.005 0.025)
(0.19 0.005 0.025)
(0.195 0.005 0.025)
(0.2 0.005 0.025)
(0.205 0.005 0.025)
(0.21 0.005 0.025)
(0.215 0.005 0.025)
(0.22 0.005 0.025)
(0.225 0.005 0.025)
(0.23 0.005 0.025)
(0.235 0.005 0.025)
(0.24 0.005 0.025)
(0.245 0.005 0.025)
(0.25 0.005 0.025)
(0.255 0.005 0.025)
(0.26 0.005 0.025)
(0.265 0.005 0.025)
(0.27 0.005 0.025)
(0.275 0.005 0.025)
(0.28 0.005 0.025)
(0.285 0.005 0.025)
(0.29 0.005 0.025)
(0.295 0.005 0.025)
(0.3 0.005 0.025)
(0 0.01 0.025)
(0.005 0.01 0.025)
(0.01 0.01 0.025)
(0.015 0.01 0.025)
(0.02 0.01 0.025)
(0.025 0.01 0.025)
(0.03 0.01 0.025)
(0.035 0.01 0.025)
(0.04 0.01 0.025)
(0.045 0.01 0.025)
(0.05 0.01 0.025)
(0.055 0.01 0.025)
(0.06 0.01 0.025)
(0.065 0.01 0.025)
(0.07 0.01 0.025)
(0.075 0.01 0.025)
(0.08 0.01 0.025)
(0.085 0.01 0.025)
(0.09 0.01 0.025)
(0.095 0.01 0.025)
(0.1 0.01 0.025)
(0.105 0.01 0.025)
(0.11 0.01 0.025)
(0.115 0.01 0.025)
(0.12 0.01 0.025)
(0.125 0.01 0.025)
(0.13 0.01 0.025)
(0.135 0.01 0.025)
(0.14 0.01 0.025)
(0.145 0.01 0.025)
(0.15 0.01 0.025)
(0.155 0.01 0.025)
(0.16 0.01 0.025)
(0.165 0.01 0.025)
(0.17 0.01 0.025)
(0.175 0.01 0.025)
(0.18 0.01 0.025)
(0.185 0.01 0.025)
(0.19 0.01 0.025)
(0.195 0.01 0.025)
(0.2 0.01 0.025)
(0.205 0.01 0.025)
(0.21 0.01 0.025)
(0.215 0.01 0.025)
(0.22 0.01 0.025)
(0.225 0.01 0.025)
(0.23 0.01 0.025)
(0.235 0.01 0.025)
(0.24 0.01 0.025)
(0.245 0.01 0.025)
(0.25 0.01 0.025)
(0.255 0.01 0.025)
(0.26 0.01 0.025)
(0.265 0.01 0.025)
(0.27 0.01 0.025)
(0.275 0.01 0.025)
(0.28 0.01 0.025)
(0.285 0.01 0.025)
(0.29 0.01 0.025)
(0.295 0.01 0.025)
(0.3 0.01 0.025)
(0 0 0.03)
(0.005 0 0.03)
(0.01 0 0.03)
(0.015 0 0.03)
(0.02 0 0.03)
(0.025 0 0.03)
(0.03 0 0.03)
(0.035 0 0.03)
(0.04 0 0.03)
(0.045 0 0.03)
(0.05 0 0.03)
(0.055 0 0.03)
(0.06 0 0.03)
(0.065 0 0.03)
(0.07 0 0.03)
(0.075 0 0.03)
(0.08 0 0.03)
(0.085 0 0.03)
(0.09 0 0.03)
(0.095 0 0.03)
(0.1 0 0.03)
(0.105 0 0.03)
(0.11 0 0.03)
(0.115 0 0.03)
(0.12 0 0.03)
(0.125 0 0.03)
(0.13 0 0.03)
(0.135 0 0.03)
(0.14 0 0.03)
(0.145 0 0.03)
(0.15 0 0.03)
(0.155 0 0.03)
(0.16 0 0.03)
(0.165 0 0.03)
(0.17 0 0.03)
(0.175 0 0.03)
(0.18 0 0.03)
(0.185 0 0.03)
(0.19 0 0.03)
(0.195 0 0.03)
(0.2 0 0.03)
(0.205 0 0.03)
(0.21 0 0.03)
(0.215 0 0.03)
(0.22 0 0.03)
(0.225 0 0.03)
(0.23 0 0.03)
(0.235 0 0.03)
(0.24 0 0.03)
(0.245 0 0.03)
(0.25 0 0.03)
(0.255 0 0.03)
(0.26 0 0.03)
(0.265 0 0.03)
(0.27 0 0.03)
(0.275 0 0.03)
(0.28 0 0.03)
(0.285 0 0.03)
(0.29 0 0.03)
(0.295 0 0.03)
(0.3 0 0.03)
(0 0.005 0.03)
(0.005 0.005 0.03)
(0.01 0.005 0.03)
(0.015 0.005 0.03)
(0.02 0.005 0.03)
(0.025 0.005 0.03)
(0.03 0.005 0.03)
(0.035 0.005 0.03)
(0.04 0.005 0.03)
(0.045 0.005 0.03)
(0.05 0.005 0.03)
(0.055 0.005 0.03)
(0.06 0.005 0.03)
(0.065 0.005 0.03)
(0.07 0.005 0.03)
(0.075 0.005 0.03)
(0.08 0.005 0.03)
(0.085 0.005 0.03)
(0.09 0.005 0.03)
(0.095 0.005 0.03)
(0.1 0.005 0.03)
(0.105 0.005 0.03)
(0.11 0.005 0.03)
(0.115 0.005 0.03)
(0.12 0.005 0.03)
(0.125 0.005 0.03)
(0.13 0.005 0.03)
(0.135 0.005 0.03)
(0.14 0.005 0.03)
(0.145 0.005 0.03)
(0.15 0.005 0.03)
(0.155 0.005 0.03)
(0.16 0.005 0.03)
(0.165 0.005 0.03)
(0.17 0.005 0.03)
(0.175 0.005 0.03)
(0.18 0.005 0.03)
(0.185 0.005 0.03)
(0.19 0.005 0.03)
(0.195 0.005 0.03)
(0.2 0.005 0.03)
(0.205 0.005 0.03)
(0.21 0.005 0.03)
(0.215 0.005 0.03)
(0.22 0.005 0.03)
(0.225 0.005 0.03)
(0.23 0.005 0.03)
(0.235 0.005 0.03)
(0.24 0.005 0.03)
(0.245 0.005 0.03)
(0.25 0.005 0.03)
(0.255 0.005 0.03)
(0.26 0.005 0.03)
(0.265 0.005 0.03)
(0.27 0.005 0.03)
(0.275 0.005 0.03)
(0.28 0.005 0.03)
(0.285 0.005 0.03)
(0.29 0.005 0.03)
(0.295 0.005 0.03)
(0.3 0.005 0.03)
(0 0.01 0.03)
(0.005 0.01 0.03)
(0.01 0.01 0.03)
(0.015 0.01 0.03)
(0.02 0.01 0.03)
(0.025 0.01 0.03)
(0.03 0.01 0.03)
(0.035 0.01 0.03)
(0.04 0.01 0.03)
(0.045 0.01 0.03)
(0.05 0.01 0.03)
(0.055 0.01 0.03)
(0.06 0.01 0.03)
(0.065 0.01 0.03)
(0.07 0.01 0.03)
(0.075 0.01 0.03)
(0.08 0.01 0.03)
(0.085 0.01 0.03)
(0.09 0.01 0.03)
(0.095 0.01 0.03)
(0.1 0.01 0.03)
(0.105 0.01 0.03)
(0.11 0.01 0.03)
(0.115 0.01 0.03)
(0.12 0.01 0.03)
(0.125 0.01 0.03)
(0.13 0.01 0.03)
(0.135 0.01 0.03)
(0.14 0.01 0.03)
(0.145 0.01 0.03)
(0.15 0.01 0.03)
(0.155 0.01 0.03)
(0.16 0.01 0.03)
(0.165 0.01 0.03)
(0.17 0.01 0.03)
(0.175 0.01 0.03)
(0.18 0.01 0.03)
(0.185 0.01 0.03)
(0.19 0.01 0.03)
(0.195 0.01 0.03)
(0.2 0.01 0.03)
(0.205 0.01 0.03)
(0.21 0.01 0.03)
(0.215 0.01 0.03)
(0.22 0.01 0.03)
(0.225 0.01 0.03)
(0.23 0.01 0.03)
(0.235 0.01 0.03)
(0.24 0.01 0.03)
(0.245 0.01 0.03)
(0.25 0.01 0.03)
(0.255 0.01 0.03)
(0.26 0.01 0.03)
(0.265 0.01 0.03)
(0.27 0.01 0.03)
(0.275 0.01 0.03)
(0.28 0.01 0.03)
(0.285 0.01 0.03)
(0.29 0.01 0.03)
(0.295 0.01 0.03)
(0.3 0.01 0.03)
(0 0 0.035)
(0.005 0 0.035)
(0.01 0 0.035)
(0.015 0 0.035)
(0.02 0 0.035)
(0.025 0 0.035)
(0.03 0 0.035)
(0.035 0 0.035)
(0.04 0 0.035)
(0.045 0 0.035)
(0.05 0 0.035)
(0.055 0 0.035)
(0.06 0 0.035)
(0.065 0 0.035)
(0.07 0 0.035)
(0.075 0 0.035)
(0.08 0 0.035)
(0.085 0 0.035)
(0.09 0 0.035)
(0.095 0 0.035)
(0.1 0 0.035)
(0.105 0 0.035)
(0.11 0 0.035)
(0.115 0 0.035)
(0.12 0 0.035)
(0.125 0 0.035)
(0.13 0 0.035)
(0.135 0 0.035)
(0.14 0 0.035)
(0.145 0 0.035)
(0.15 0 0.035)
(0.155 0 0.035)
(0.16 0 0.035)
(0.165 0 0.035)
(0.17 0 0.035)
(0.175 0 0.035)
(0.18 0 0.035)
(0.185 0 0.035)
(0.19 0 0.035)
(0.195 0 0.035)
(0.2 0 0.035)
(0.205 0 0.035)
(0.21 0 0.035)
(0.215 0 0.035)
(0.22 0 0.035)
(0.225 0 0.035)
(0.23 0 0.035)
(0.235 0 0.035)
(0.24 0 0.035)
(0.245 0 0.035)
(0.25 0 0.035)
(0.255 0 0.035)
(0.26 0 0.035)
(0.265 0 0.035)
(0.27 0 0.035)
(0.275 0 0.035)
(0.28 0 0.035)
(0.285 0 0.035)
(0.29 0 0.035)
(0.295 0 0.035)
(0.3 0 0.035)
(0 0.005 0.035)
(0.005 0.005 0.035)
(0.01 0.005 0.035)
(0.015 0.005 0.035)
(0.02 0.005 0.035)
(0.025 0.005 0.035)
(0.03 0.005 0.035)
(0.035 0.005 0.035)
(0.04 0.005 0.035)
(0.045 0.005 0.035)
(0.05 0.005 0.035)
(0.055 0.005 0.035)
(0.06 0.005 0.035)
(0.065 0.005 0.035)
(0.07 0.005 0.035)
(0.075 0.005 0.035)
(0.08 0.005 0.035)
(0.085 0.005 0.035)
(0.09 0.005 0.035)
(0.095 0.005 0.035)
(0.1 0.005 0.035)
(0.105 0.005 0.035)
(0.11 0.005 0.035)
(0.115 0.005 0.035)
(0.12 0.005 0.035)
(0.125 0.005 0.035)
(0.13 0.005 0.035)
(0.135 0.005 0.035)
(0.14 0.005 0.035)
(0.145 0.005 0.035)
(0.15 0.005 0.035)
(0.155 0.005 0.035)
(0.16 0.005 0.035)
(0.165 0.005 0.035)
(0.17 0.005 0.035)
(0.175 0.005 0.035)
(0.18 0.005 0.035)
(0.185 0.005 0.035)
(0.19 0.005 0.035)
(0.195 0.005 0.035)
(0.2 0.005 0.035)
(0.205 0.005 0.035)
(0.21 0.005 0.035)
(0.215 0.005 0.035)
(0.22 0.005 0.035)
(0.225 0.005 0.035)
(0.23 0.005 0.035)
(0.235 0.005 0.035)
(0.24 0.005 0.035)
(0.245 0.005 0.035)
(0.25 0.005 0.035)
(0.255 0.005 0.035)
(0.26 0.005 0.035)
(0.265 0.005 0.035)
(0.27 0.005 0.035)
(0.275 0.005 0.035)
(0.28 0.005 0.035)
(0.285 0.005 0.035)
(0.29 0.005 0.035)
(0.295 0.005 0.035)
(0.3 0.005 0.035)
(0 0.01 0.035)
(0.005 0.01 0.035)
(0.01 0.01 0.035)
(0.015 0.01 0.035)
(0.02 0.01 0.035)
(0.025 0.01 0.035)
(0.03 0.01 0.035)
(0.035 0.01 0.035)
(0.04 0.01 0.035)
(0.045 0.01 0.035)
(0.05 0.01 0.035)
(0.055 0.01 0.035)
(0.06 0.01 0.035)
(0.065 0.01 0.035)
(0.07 0.01 0.035)
(0.075 0.01 0.035)
(0.08 0.01 0.035)
(0.085 0.01 0.035)
(0.09 0.01 0.035)
(0.095 0.01 0.035)
(0.1 0.01 0.035)
(0.105 0.01 0.035)
(0.11 0.01 0.035)
(0.115 0.01 0.035)
(0.12 0.01 0.035)
(0.125 0.01 0.035)
(0.13 0.01 0.035)
(0.135 0.01 0.035)
(0.14 0.01 0.035)
(0.145 0.01 0.035)
(0.15 0.01 0.035)
(0.155 0.01 0.035)
(0.16 0.01 0.035)
(0.165 0.01 0.035)
(0.17 0.01 0.035)
(0.175 0.01 0.035)
(0.18 0.01 0.035)
(0.185 0.01 0.035)
(0.19 0.01 0.035)
(0.195 0.01 0.035)
(0.2 0.01 0.035)
(0.205 0.01 0.035)
(0.21 0.01 0.035)
(0.215 0.01 0.035)
(0.22 0.01 0.035)
(0.225 0.01 0.035)
(0.23 0.01 0.035)
(0.235 0.01 0.035)
(0.24 0.01 0.035)
(0.245 0.01 0.035)
(0.25 0.01 0.035)
(0.255 0.01 0.035)
(0.26 0.01 0.035)
(0.265 0.01 0.035)
(0.27 0.01 0.035)
(0.275 0.01 0.035)
(0.28 0.01 0.035)
(0.285 0.01 0.035)
(0.29 0.01 0.035)
(0.295 0.01 0.035)
(0.3 0.01 0.035)
(0 0 0.04)
(0.005 0 0.04)
(0.01 0 0.04)
(0.015 0 0.04)
(0.02 0 0.04)
(0.025 0 0.04)
(0.03 0 0.04)
(0.035 0 0.04)
(0.04 0 0.04)
(0.045 0 0.04)
(0.05 0 0.04)
(0.055 0 0.04)
(0.06 0 0.04)
(0.065 0 0.04)
(0.07 0 0.04)
(0.075 0 0.04)
(0.08 0 0.04)
(0.085 0 0.04)
(0.09 0 0.04)
(0.095 0 0.04)
(0.1 0 0.04)
(0.105 0 0.04)
(0.11 0 0.04)
(0.115 0 0.04)
(0.12 0 0.04)
(0.125 0 0.04)
(0.13 0 0.04)
(0.135 0 0.04)
(0.14 0 0.04)
(0.145 0 0.04)
(0.15 0 0.04)
(0.155 0 0.04)
(0.16 0 0.04)
(0.165 0 0.04)
(0.17 0 0.04)
(0.175 0 0.04)
(0.18 0 0.04)
(0.185 0 0.04)
(0.19 0 0.04)
(0.195 0 0.04)
(0.2 0 0.04)
(0.205 0 0.04)
(0.21 0 0.04)
(0.215 0 0.04)
(0.22 0 0.04)
(0.225 0 0.04)
(0.23 0 0.04)
(0.235 0 0.04)
(0.24 0 0.04)
(0.245 0 0.04)
(0.25 0 0.04)
(0.255 0 0.04)
(0.26 0 0.04)
(0.265 0 0.04)
(0.27 0 0.04)
(0.275 0 0.04)
(0.28 0 0.04)
(0.285 0 0.04)
(0.29 0 0.04)
(0.295 0 0.04)
(0.3 0 0.04)
(0 0.005 0.04)
(0.005 0.005 0.04)
(0.01 0.005 0.04)
(0.015 0.005 0.04)
(0.02 0.005 0.04)
(0.025 0.005 0.04)
(0.03 0.005 0.04)
(0.035 0.005 0.04)
(0.04 0.005 0.04)
(0.045 0.005 0.04)
(0.05 0.005 0.04)
(0.055 0.005 0.04)
(0.06 0.005 0.04)
(0.065 0.005 0.04)
(0.07 0.005 0.04)
(0.075 0.005 0.04)
(0.08 0.005 0.04)
(0.085 0.005 0.04)
(0.09 0.005 0.04)
(0.095 0.005 0.04)
(0.1 0.005 0.04)
(0.105 0.005 0.04)
(0.11 0.005 0.04)
(0.115 0.005 0.04)
(0.12 0.005 0.04)
(0.125 0.005 0.04)
(0.13 0.005 0.04)
(0.135 0.005 0.04)
(0.14 0.005 0.04)
(0.145 0.005 0.04)
(0.15 0.005 0.04)
(0.155 0.005 0.04)
(0.16 0.005 0.04)
(0.165 0.005 0.04)
(0.17 0.005 0.04)
(0.175 0.005 0.04)
(0.18 0.005 0.04)
(0.185 0.005 0.04)
(0.19 0.005 0.04)
(0.195 0.005 0.04)
(0.2 0.005 0.04)
(0.205 0.005 0.04)
(0.21 0.005 0.04)
(0.215 0.005 0.04)
(0.22 0.005 0.04)
(0.225 0.005 0.04)
(0.23 0.005 0.04)
(0.235 0.005 0.04)
(0.24 0.005 0.04)
(0.245 0.005 0.04)
(0.25 0.005 0.04)
(0.255 0.005 0.04)
(0.26 0.005 0.04)
(0.265 0.005 0.04)
(0.27 0.005 0.04)
(0.275 0.005 0.04)
(0.28 0.005 0.04)
(0.285 0.005 0.04)
(0.29 0.005 0.04)
(0.295 0.005 0.04)
(0.3 0.005 0.04)
(0 0.01 0.04)
(0.005 0.01 0.04)
(0.01 0.01 0.04)
(0.015 0.01 0.04)
(0.02 0.01 0.04)
(0.025 0.01 0.04)
(0.03 0.01 0.04)
(0.035 0.01 0.04)
(0.04 0.01 0.04)
(0.045 0.01 0.04)
(0.05 0.01 0.04)
(0.055 0.01 0.04)
(0.06 0.01 0.04)
(0.065 0.01 0.04)
(0.07 0.01 0.04)
(0.075 0.01 0.04)
(0.08 0.01 0.04)
(0.085 0.01 0.04)
(0.09 0.01 0.04)
(0.095 0.01 0.04)
(0.1 0.01 0.04)
(0.105 0.01 0.04)
(0.11 0.01 0.04)
(0.115 0.01 0.04)
(0.12 0.01 0.04)
(0.125 0.01 0.04)
(0.13 0.01 0.04)
(0.135 0.01 0.04)
(0.14 0.01 0.04)
(0.145 0.01 0.04)
(0.15 0.01 0.04)
(0.155 0.01 0.04)
(0.16 0.01 0.04)
(0.165 0.01 0.04)
(0.17 0.01 0.04)
(0.175 0.01 0.04)
(0.18 0.01 0.04)
(0.185 0.01 0.04)
(0.19 0.01 0.04)
(0.195 0.01 0.04)
(0.2 0.01 0.04)
(0.205 0.01 0.04)
(0.21 0.01 0.04)
(0.215 0.01 0.04)
(0.22 0.01 0.04)
(0.225 0.01 0.04)
(0.23 0.01 0.04)
(0.235 0.01 0.04)
(0.24 0.01 0.04)
(0.245 0.01 0.04)
(0.25 0.01 0.04)
(0.255 0.01 0.04)
(0.26 0.01 0.04)
(0.265 0.01 0.04)
(0.27 0.01 0.04)
(0.275 0.01 0.04)
(0.28 0.01 0.04)
(0.285 0.01 0.04)
(0.29 0.01 0.04)
(0.295 0.01 0.04)
(0.3 0.01 0.04)
(0 0 0.045)
(0.005 0 0.045)
(0.01 0 0.045)
(0.015 0 0.045)
(0.02 0 0.045)
(0.025 0 0.045)
(0.03 0 0.045)
(0.035 0 0.045)
(0.04 0 0.045)
(0.045 0 0.045)
(0.05 0 0.045)
(0.055 0 0.045)
(0.06 0 0.045)
(0.065 0 0.045)
(0.07 0 0.045)
(0.075 0 0.045)
(0.08 0 0.045)
(0.085 0 0.045)
(0.09 0 0.045)
(0.095 0 0.045)
(0.1 0 0.045)
(0.105 0 0.045)
(0.11 0 0.045)
(0.115 0 0.045)
(0.12 0 0.045)
(0.125 0 0.045)
(0.13 0 0.045)
(0.135 0 0.045)
(0.14 0 0.045)
(0.145 0 0.045)
(0.15 0 0.045)
(0.155 0 0.045)
(0.16 0 0.045)
(0.165 0 0.045)
(0.17 0 0.045)
(0.175 0 0.045)
(0.18 0 0.045)
(0.185 0 0.045)
(0.19 0 0.045)
(0.195 0 0.045)
(0.2 0 0.045)
(0.205 0 0.045)
(0.21 0 0.045)
(0.215 0 0.045)
(0.22 0 0.045)
(0.225 0 0.045)
(0.23 0 0.045)
(0.235 0 0.045)
(0.24 0 0.045)
(0.245 0 0.045)
(0.25 0 0.045)
(0.255 0 0.045)
(0.26 0 0.045)
(0.265 0 0.045)
(0.27 0 0.045)
(0.275 0 0.045)
(0.28 0 0.045)
(0.285 0 0.045)
(0.29 0 0.045)
(0.295 0 0.045)
(0.3 0 0.045)
(0 0.005 0.045)
(0.005 0.005 0.045)
(0.01 0.005 0.045)
(0.015 0.005 0.045)
(0.02 0.005 0.045)
(0.025 0.005 0.045)
(0.03 0.005 0.045)
(0.035 0.005 0.045)
(0.04 0.005 0.045)
(0.045 0.005 0.045)
(0.05 0.005 0.045)
(0.055 0.005 0.045)
(0.06 0.005 0.045)
(0.065 0.005 0.045)
(0.07 0.005 0.045)
(0.075 0.005 0.045)
(0.08 0.005 0.045)
(0.085 0.005 0.045)
(0.09 0.005 0.045)
(0.095 0.005 0.045)
(0.1 0.005 0.045)
(0.105 0.005 0.045)
(0.11 0.005 0.045)
(0.115 0.005 0.045)
(0.12 0.005 0.045)
(0.125 0.005 0.045)
(0.13 0.005 0.045)
(0.135 0.005 0.045)
(0.14 0.005 0.045)
(0.145 0.005 0.045)
(0.15 0.005 0.045)
(0.155 0.005 0.045)
(0.16 0.005 0.045)
(0.165 0.005 0.045)
(0.17 0.005 0.045)
(0.175 0.005 0.045)
(0.18 0.005 0.045)
(0.185 0.005 0.045)
(0.19 0.005 0.045)
(0.195 0.005 0.045)
(0.2 0.005 0.045)
(0.205 0.005 0.045)
(0.21 0.005 0.045)
(0.215 0.005 0.045)
(0.22 0.005 0.045)
(0.225 0.005 0.045)
(0.23 0.005 0.045)
(0.235 0.005 0.045)
(0.24 0.005 0.045)
(0.245 0.005 0.045)
(0.25 0.005 0.045)
(0.255 0.005 0.045)
(0.26 0.005 0.045)
(0.265 0.005 0.045)
(0.27 0.005 0.045)
(0.275 0.005 0.045)
(0.28 0.005 0.045)
(0.285 0.005 0.045)
(0.29 0.005 0.045)
(0.295 0.005 0.045)
(0.3 0.005 0.045)
(0 0.01 0.045)
(0.005 0.01 0.045)
(0.01 0.01 0.045)
(0.015 0.01 0.045)
(0.02 0.01 0.045)
(0.025 0.01 0.045)
(0.03 0.01 0.045)
(0.035 0.01 0.045)
(0.04 0.01 0.045)
(0.045 0.01 0.045)
(0.05 0.01 0.045)
(0.055 0.01 0.045)
(0.06 0.01 0.045)
(0.065 0.01 0.045)
(0.07 0.01 0.045)
(0.075 0.01 0.045)
(0.08 0.01 0.045)
(0.085 0.01 0.045)
(0.09 0.01 0.045)
(0.095 0.01 0.045)
(0.1 0.01 0.045)
(0.105 0.01 0.045)
(0.11 0.01 0.045)
(0.115 0.01 0.045)
(0.12 0.01 0.045)
(0.125 0.01 0.045)
(0.13 0.01 0.045)
(0.135 0.01 0.045)
(0.14 0.01 0.045)
(0.145 0.01 0.045)
(0.15 0.01 0.045)
(0.155 0.01 0.045)
(0.16 0.01 0.045)
(0.165 0.01 0.045)
(0.17 0.01 0.045)
(0.175 0.01 0.045)
(0.18 0.01 0.045)
(0.185 0.01 0.045)
(0.19 0.01 0.045)
(0.195 0.01 0.045)
(0.2 0.01 0.045)
(0.205 0.01 0.045)
(0.21 0.01 0.045)
(0.215 0.01 0.045)
(0.22 0.01 0.045)
(0.225 0.01 0.045)
(0.23 0.01 0.045)
(0.235 0.01 0.045)
(0.24 0.01 0.045)
(0.245 0.01 0.045)
(0.25 0.01 0.045)
(0.255 0.01 0.045)
(0.26 0.01 0.045)
(0.265 0.01 0.045)
(0.27 0.01 0.045)
(0.275 0.01 0.045)
(0.28 0.01 0.045)
(0.285 0.01 0.045)
(0.29 0.01 0.045)
(0.295 0.01 0.045)
(0.3 0.01 0.045)
(0 0 0.05)
(0.005 0 0.05)
(0.01 0 0.05)
(0.015 0 0.05)
(0.02 0 0.05)
(0.025 0 0.05)
(0.03 0 0.05)
(0.035 0 0.05)
(0.04 0 0.05)
(0.045 0 0.05)
(0.05 0 0.05)
(0.055 0 0.05)
(0.06 0 0.05)
(0.065 0 0.05)
(0.07 0 0.05)
(0.075 0 0.05)
(0.08 0 0.05)
(0.085 0 0.05)
(0.09 0 0.05)
(0.095 0 0.05)
(0.1 0 0.05)
(0.105 0 0.05)
(0.11 0 0.05)
(0.115 0 0.05)
(0.12 0 0.05)
(0.125 0 0.05)
(0.13 0 0.05)
(0.135 0 0.05)
(0.14 0 0.05)
(0.145 0 0.05)
(0.15 0 0.05)
(0.155 0 0.05)
(0.16 0 0.05)
(0.165 0 0.05)
(0.17 0 0.05)
(0.175 0 0.05)
(0.18 0 0.05)
(0.185 0 0.05)
(0.19 0 0.05)
(0.195 0 0.05)
(0.2 0 0.05)
(0.205 0 0.05)
(0.21 0 0.05)
(0.215 0 0.05)
(0.22 0 0.05)
(0.225 0 0.05)
(0.23 0 0.05)
(0.235 0 0.05)
(0.24 0 0.05)
(0.245 0 0.05)
(0.25 0 0.05)
(0.255 0 0.05)
(0.26 0 0.05)
(0.265 0 0.05)
(0.27 0 0.05)
(0.275 0 0.05)
(0.28 0 0.05)
(0.285 0 0.05)
(0.29 0 0.05)
(0.295 0 0.05)
(0.3 0 0.05)
(0 0.005 0.05)
(0.005 0.005 0.05)
(0.01 0.005 0.05)
(0.015 0.005 0.05)
(0.02 0.005 0.05)
(0.025 0.005 0.05)
(0.03 0.005 0.05)
(0.035 0.005 0.05)
(0.04 0.005 0.05)
(0.045 0.005 0.05)
(0.05 0.005 0.05)
(0.055 0.005 0.05)
(0.06 0.005 0.05)
(0.065 0.005 0.05)
(0.07 0.005 0.05)
(0.075 0.005 0.05)
(0.08 0.005 0.05)
(0.085 0.005 0.05)
(0.09 0.005 0.05)
(0.095 0.005 0.05)
(0.1 0.005 0.05)
(0.105 0.005 0.05)
(0.11 0.005 0.05)
(0.115 0.005 0.05)
(0.12 0.005 0.05)
(0.125 0.005 0.05)
(0.13 0.005 0.05)
(0.135 0.005 0.05)
(0.14 0.005 0.05)
(0.145 0.005 0.05)
(0.15 0.005 0.05)
(0.155 0.005 0.05)
(0.16 0.005 0.05)
(0.165 0.005 0.05)
(0.17 0.005 0.05)
(0.175 0.005 0.05)
(0.18 0.005 0.05)
(0.185 0.005 0.05)
(0.19 0.005 0.05)
(0.195 0.005 0.05)
(0.2 0.005 0.05)
(0.205 0.005 0.05)
(0.21 0.005 0.05)
(0.215 0.005 0.05)
(0.22 0.005 0.05)
(0.225 0.005 0.05)
(0.23 0.005 0.05)
(0.235 0.005 0.05)
(0.24 0.005 0.05)
(0.245 0.005 0.05)
(0.25 0.005 0.05)
(0.255 0.005 0.05)
(0.26 0.005 0.05)
(0.265 0.005 0.05)
(0.27 0.005 0.05)
(0.275 0.005 0.05)
(0.28 0.005 0.05)
(0.285 0.005 0.05)
(0.29 0.005 0.05)
(0.295 0.005 0.05)
(0.3 0.005 0.05)
(0 0.01 0.05)
(0.005 0.01 0.05)
(0.01 0.01 0.05)
(0.015 0.01 0.05)
(0.02 0.01 0.05)
(0.025 0.01 0.05)
(0.03 0.01 0.05)
(0.035 0.01 0.05)
(0.04 0.01 0.05)
(0.045 0.01 0.05)
(0.05 0.01 0.05)
(0.055 0.01 0.05)
(0.06 0.01 0.05)
(0.065 0.01 0.05)
(0.07 0.01 0.05)
(0.075 0.01 0.05)
(0.08 0.01 0.05)
(0.085 0.01 0.05)
(0.09 0.01 0.05)
(0.095 0.01 0.05)
(0.1 0.01 0.05)
(0.105 0.01 0.05)
(0.11 0.01 0.05)
(0.115 0.01 0.05)
(0.12 0.01 0.05)
(0.125 0.01 0.05)
(0.13 0.01 0.05)
(0.135 0.01 0.05)
(0.14 0.01 0.05)
(0.145 0.01 0.05)
(0.15 0.01 0.05)
(0.155 0.01 0.05)
(0.16 0.01 0.05)
(0.165 0.01 0.05)
(0.17 0.01 0.05)
(0.175 0.01 0.05)
(0.18 0.01 0.05)
(0.185 0.01 0.05)
(0.19 0.01 0.05)
(0.195 0.01 0.05)
(0.2 0.01 0.05)
(0.205 0.01 0.05)
(0.21 0.01 0.05)
(0.215 0.01 0.05)
(0.22 0.01 0.05)
(0.225 0.01 0.05)
(0.23 0.01 0.05)
(0.235 0.01 0.05)
(0.24 0.01 0.05)
(0.245 0.01 0.05)
(0.25 0.01 0.05)
(0.255 0.01 0.05)
(0.26 0.01 0.05)
(0.265 0.01 0.05)
(0.27 0.01 0.05)
(0.275 0.01 0.05)
(0.28 0.01 0.05)
(0.285 0.01 0.05)
(0.29 0.01 0.05)
(0.295 0.01 0.05)
(0.3 0.01 0.05)
(0 0 0.055)
(0.005 0 0.055)
(0.01 0 0.055)
(0.015 0 0.055)
(0.02 0 0.055)
(0.025 0 0.055)
(0.03 0 0.055)
(0.035 0 0.055)
(0.04 0 0.055)
(0.045 0 0.055)
(0.05 0 0.055)
(0.055 0 0.055)
(0.06 0 0.055)
(0.065 0 0.055)
(0.07 0 0.055)
(0.075 0 0.055)
(0.08 0 0.055)
(0.085 0 0.055)
(0.09 0 0.055)
(0.095 0 0.055)
(0.1 0 0.055)
(0.105 0 0.055)
(0.11 0 0.055)
(0.115 0 0.055)
(0.12 0 0.055)
(0.125 0 0.055)
(0.13 0 0.055)
(0.135 0 0.055)
(0.14 0 0.055)
(0.145 0 0.055)
(0.15 0 0.055)
(0.155 0 0.055)
(0.16 0 0.055)
(0.165 0 0.055)
(0.17 0 0.055)
(0.175 0 0.055)
(0.18 0 0.055)
(0.185 0 0.055)
(0.19 0 0.055)
(0.195 0 0.055)
(0.2 0 0.055)
(0.205 0 0.055)
(0.21 0 0.055)
(0.215 0 0.055)
(0.22 0 0.055)
(0.225 0 0.055)
(0.23 0 0.055)
(0.235 0 0.055)
(0.24 0 0.055)
(0.245 0 0.055)
(0.25 0 0.055)
(0.255 0 0.055)
(0.26 0 0.055)
(0.265 0 0.055)
(0.27 0 0.055)
(0.275 0 0.055)
(0.28 0 0.055)
(0.285 0 0.055)
(0.29 0 0.055)
(0.295 0 0.055)
(0.3 0 0.055)
(0 0.005 0.055)
(0.005 0.005 0.055)
(0.01 0.005 0.055)
(0.015 0.005 0.055)
(0.02 0.005 0.055)
(0.025 0.005 0.055)
(0.03 0.005 0.055)
(0.035 0.005 0.055)
(0.04 0.005 0.055)
(0.045 0.005 0.055)
(0.05 0.005 0.055)
(0.055 0.005 0.055)
(0.06 0.005 0.055)
(0.065 0.005 0.055)
(0.07 0.005 0.055)
(0.075 0.005 0.055)
(0.08 0.005 0.055)
(0.085 0.005 0.055)
(0.09 0.005 0.055)
(0.095 0.005 0.055)
(0.1 0.005 0.055)
(0.105 0.005 0.055)
(0.11 0.005 0.055)
(0.115 0.005 0.055)
(0.12 0.005 0.055)
(0.125 0.005 0.055)
(0.13 0.005 0.055)
(0.135 0.005 0.055)
(0.14 0.005 0.055)
(0.145 0.005 0.055)
(0.15 0.005 0.055)
(0.155 0.005 0.055)
(0.16 0.005 0.055)
(0.165 0.005 0.055)
(0.17 0.005 0.055)
(0.175 0.005 0.055)
(0.18 0.005 0.055)
(0.185 0.005 0.055)
(0.19 0.005 0.055)
(0.195 0.005 0.055)
(0.2 0.005 0.055)
(0.205 0.005 0.055)
(0.21 0.005 0.055)
(0.215 0.005 0.055)
(0.22 0.005 0.055)
(0.225 0.005 0.055)
(0.23 0.005 0.055)
(0.235 0.005 0.055)
(0.24 0.005 0.055)
(0.245 0.005 0.055)
(0.25 0.005 0.055)
(0.255 0.005 0.055)
(0.26 0.005 0.055)
(0.265 0.005 0.055)
(0.27 0.005 0.055)
(0.275 0.005 0.055)
(0.28 0.005 0.055)
(0.285 0.005 0.055)
(0.29 0.005 0.055)
(0.295 0.005 0.055)
(0.3 0.005 0.055)
(0 0.01 0.055)
(0.005 0.01 0.055)
(0.01 0.01 0.055)
(0.015 0.01 0.055)
(0.02 0.01 0.055)
(0.025 0.01 0.055)
(0.03 0.01 0.055)
(0.035 0.01 0.055)
(0.04 0.01 0.055)
(0.045 0.01 0.055)
(0.05 0.01 0.055)
(0.055 0.01 0.055)
(0.06 0.01 0.055)
(0.065 0.01 0.055)
(0.07 0.01 0.055)
(0.075 0.01 0.055)
(0.08 0.01 0.055)
(0.085 0.01 0.055)
(0.09 0.01 0.055)
(0.095 0.01 0.055)
(0.1 0.01 0.055)
(0.105 0.01 0.055)
(0.11 0.01 0.055)
(0.115 0.01 0.055)
(0.12 0.01 0.055)
(0.125 0.01 0.055)
(0.13 0.01 0.055)
(0.135 0.01 0.055)
(0.14 0.01 0.055)
(0.145 0.01 0.055)
(0.15 0.01 0.055)
(0.155 0.01 0.055)
(0.16 0.01 0.055)
(0.165 0.01 0.055)
(0.17 0.01 0.055)
(0.175 0.01 0.055)
(0.18 0.01 0.055)
(0.185 0.01 0.055)
(0.19 0.01 0.055)
(0.195 0.01 0.055)
(0.2 0.01 0.055)
(0.205 0.01 0.055)
(0.21 0.01 0.055)
(0.215 0.01 0.055)
(0.22 0.01 0.055)
(0.225 0.01 0.055)
(0.23 0.01 0.055)
(0.235 0.01 0.055)
(0.24 0.01 0.055)
(0.245 0.01 0.055)
(0.25 0.01 0.055)
(0.255 0.01 0.055)
(0.26 0.01 0.055)
(0.265 0.01 0.055)
(0.27 0.01 0.055)
(0.275 0.01 0.055)
(0.28 0.01 0.055)
(0.285 0.01 0.055)
(0.29 0.01 0.055)
(0.295 0.01 0.055)
(0.3 0.01 0.055)
(0 0 0.06)
(0.005 0 0.06)
(0.01 0 0.06)
(0.015 0 0.06)
(0.02 0 0.06)
(0.025 0 0.06)
(0.03 0 0.06)
(0.035 0 0.06)
(0.04 0 0.06)
(0.045 0 0.06)
(0.05 0 0.06)
(0.055 0 0.06)
(0.06 0 0.06)
(0.065 0 0.06)
(0.07 0 0.06)
(0.075 0 0.06)
(0.08 0 0.06)
(0.085 0 0.06)
(0.09 0 0.06)
(0.095 0 0.06)
(0.1 0 0.06)
(0.105 0 0.06)
(0.11 0 0.06)
(0.115 0 0.06)
(0.12 0 0.06)
(0.125 0 0.06)
(0.13 0 0.06)
(0.135 0 0.06)
(0.14 0 0.06)
(0.145 0 0.06)
(0.15 0 0.06)
(0.155 0 0.06)
(0.16 0 0.06)
(0.165 0 0.06)
(0.17 0 0.06)
(0.175 0 0.06)
(0.18 0 0.06)
(0.185 0 0.06)
(0.19 0 0.06)
(0.195 0 0.06)
(0.2 0 0.06)
(0.205 0 0.06)
(0.21 0 0.06)
(0.215 0 0.06)
(0.22 0 0.06)
(0.225 0 0.06)
(0.23 0 0.06)
(0.235 0 0.06)
(0.24 0 0.06)
(0.245 0 0.06)
(0.25 0 0.06)
(0.255 0 0.06)
(0.26 0 0.06)
(0.265 0 0.06)
(0.27 0 0.06)
(0.275 0 0.06)
(0.28 0 0.06)
(0.285 0 0.06)
(0.29 0 0.06)
(0.295 0 0.06)
(0.3 0 0.06)
(0 0.005 0.06)
(0.005 0.005 0.06)
(0.01 0.005 0.06)
(0.015 0.005 0.06)
(0.02 0.005 0.06)
(0.025 0.005 0.06)
(0.03 0.005 0.06)
(0.035 0.005 0.06)
(0.04 0.005 0.06)
(0.045 0.005 0.06)
(0.05 0.005 0.06)
(0.055 0.005 0.06)
(0.06 0.005 0.06)
(0.065 0.005 0.06)
(0.07 0.005 0.06)
(0.075 0.005 0.06)
(0.08 0.005 0.06)
(0.085 0.005 0.06)
(0.09 0.005 0.06)
(0.095 0.005 0.06)
(0.1 0.005 0.06)
(0.105 0.005 0.06)
(0.11 0.005 0.06)
(0.115 0.005 0.06)
(0.12 0.005 0.06)
(0.125 0.005 0.06)
(0.13 0.005 0.06)
(0.135 0.005 0.06)
(0.14 0.005 0.06)
(0.145 0.005 0.06)
(0.15 0.005 0.06)
(0.155 0.005 0.06)
(0.16 0.005 0.06)
(0.165 0.005 0.06)
(0.17 0.005 0.06)
(0.175 0.005 0.06)
(0.18 0.005 0.06)
(0.185 0.005 0.06)
(0.19 0.005 0.06)
(0.195 0.005 0.06)
(0.2 0.005 0.06)
(0.205 0.005 0.06)
(0.21 0.005 0.06)
(0.215 0.005 0.06)
(0.22 0.005 0.06)
(0.225 0.005 0.06)
(0.23 0.005 0.06)
(0.235 0.005 0.06)
(0.24 0.005 0.06)
(0.245 0.005 0.06)
(0.25 0.005 0.06)
(0.255 0.005 0.06)
(0.26 0.005 0.06)
(0.265 0.005 0.06)
(0.27 0.005 0.06)
(0.275 0.005 0.06)
(0.28 0.005 0.06)
(0.285 0.005 0.06)
(0.29 0.005 0.06)
(0.295 0.005 0.06)
(0.3 0.005 0.06)
(0 0.01 0.06)
(0.005 0.01 0.06)
(0.01 0.01 0.06)
(0.015 0.01 0.06)
(0.02 0.01 0.06)
(0.025 0.01 0.06)
(0.03 0.01 0.06)
(0.035 0.01 0.06)
(0.04 0.01 0.06)
(0.045 0.01 0.06)
(0.05 0.01 0.06)
(0.055 0.01 0.06)
(0.06 0.01 0.06)
(0.065 0.01 0.06)
(0.07 0.01 0.06)
(0.075 0.01 0.06)
(0.08 0.01 0.06)
(0.085 0.01 0.06)
(0.09 0.01 0.06)
(0.095 0.01 0.06)
(0.1 0.01 0.06)
(0.105 0.01 0.06)
(0.11 0.01 0.06)
(0.115 0.01 0.06)
(0.12 0.01 0.06)
(0.125 0.01 0.06)
(0.13 0.01 0.06)
(0.135 0.01 0.06)
(0.14 0.01 0.06)
(0.145 0.01 0.06)
(0.15 0.01 0.06)
(0.155 0.01 0.06)
(0.16 0.01 0.06)
(0.165 0.01 0.06)
(0.17 0.01 0.06)
(0.175 0.01 0.06)
(0.18 0.01 0.06)
(0.185 0.01 0.06)
(0.19 0.01 0.06)
(0.195 0.01 0.06)
(0.2 0.01 0.06)
(0.205 0.01 0.06)
(0.21 0.01 0.06)
(0.215 0.01 0.06)
(0.22 0.01 0.06)
(0.225 0.01 0.06)
(0.23 0.01 0.06)
(0.235 0.01 0.06)
(0.24 0.01 0.06)
(0.245 0.01 0.06)
(0.25 0.01 0.06)
(0.255 0.01 0.06)
(0.26 0.01 0.06)
(0.265 0.01 0.06)
(0.27 0.01 0.06)
(0.275 0.01 0.06)
(0.28 0.01 0.06)
(0.285 0.01 0.06)
(0.29 0.01 0.06)
(0.295 0.01 0.06)
(0.3 0.01 0.06)
(0 0 0.065)
(0.005 0 0.065)
(0.01 0 0.065)
(0.015 0 0.065)
(0.02 0 0.065)
(0.025 0 0.065)
(0.03 0 0.065)
(0.035 0 0.065)
(0.04 0 0.065)
(0.045 0 0.065)
(0.05 0 0.065)
(0.055 0 0.065)
(0.06 0 0.065)
(0.065 0 0.065)
(0.07 0 0.065)
(0.075 0 0.065)
(0.08 0 0.065)
(0.085 0 0.065)
(0.09 0 0.065)
(0.095 0 0.065)
(0.1 0 0.065)
(0.105 0 0.065)
(0.11 0 0.065)
(0.115 0 0.065)
(0.12 0 0.065)
(0.125 0 0.065)
(0.13 0 0.065)
(0.135 0 0.065)
(0.14 0 0.065)
(0.145 0 0.065)
(0.15 0 0.065)
(0.155 0 0.065)
(0.16 0 0.065)
(0.165 0 0.065)
(0.17 0 0.065)
(0.175 0 0.065)
(0.18 0 0.065)
(0.185 0 0.065)
(0.19 0 0.065)
(0.195 0 0.065)
(0.2 0 0.065)
(0.205 0 0.065)
(0.21 0 0.065)
(0.215 0 0.065)
(0.22 0 0.065)
(0.225 0 0.065)
(0.23 0 0.065)
(0.235 0 0.065)
(0.24 0 0.065)
(0.245 0 0.065)
(0.25 0 0.065)
(0.255 0 0.065)
(0.26 0 0.065)
(0.265 0 0.065)
(0.27 0 0.065)
(0.275 0 0.065)
(0.28 0 0.065)
(0.285 0 0.065)
(0.29 0 0.065)
(0.295 0 0.065)
(0.3 0 0.065)
(0 0.005 0.065)
(0.005 0.005 0.065)
(0.01 0.005 0.065)
(0.015 0.005 0.065)
(0.02 0.005 0.065)
(0.025 0.005 0.065)
(0.03 0.005 0.065)
(0.035 0.005 0.065)
(0.04 0.005 0.065)
(0.045 0.005 0.065)
(0.05 0.005 0.065)
(0.055 0.005 0.065)
(0.06 0.005 0.065)
(0.065 0.005 0.065)
(0.07 0.005 0.065)
(0.075 0.005 0.065)
(0.08 0.005 0.065)
(0.085 0.005 0.065)
(0.09 0.005 0.065)
(0.095 0.005 0.065)
(0.1 0.005 0.065)
(0.105 0.005 0.065)
(0.11 0.005 0.065)
(0.115 0.005 0.065)
(0.12 0.005 0.065)
(0.125 0.005 0.065)
(0.13 0.005 0.065)
(0.135 0.005 0.065)
(0.14 0.005 0.065)
(0.145 0.005 0.065)
(0.15 0.005 0.065)
(0.155 0.005 0.065)
(0.16 0.005 0.065)
(0.165 0.005 0.065)
(0.17 0.005 0.065)
(0.175 0.005 0.065)
(0.18 0.005 0.065)
(0.185 0.005 0.065)
(0.19 0.005 0.065)
(0.195 0.005 0.065)
(0.2 0.005 0.065)
(0.205 0.005 0.065)
(0.21 0.005 0.065)
(0.215 0.005 0.065)
(0.22 0.005 0.065)
(0.225 0.005 0.065)
(0.23 0.005 0.065)
(0.235 0.005 0.065)
(0.24 0.005 0.065)
(0.245 0.005 0.065)
(0.25 0.005 0.065)
(0.255 0.005 0.065)
(0.26 0.005 0.065)
(0.265 0.005 0.065)
(0.27 0.005 0.065)
(0.275 0.005 0.065)
(0.28 0.005 0.065)
(0.285 0.005 0.065)
(0.29 0.005 0.065)
(0.295 0.005 0.065)
(0.3 0.005 0.065)
(0 0.01 0.065)
(0.005 0.01 0.065)
(0.01 0.01 0.065)
(0.015 0.01 0.065)
(0.02 0.01 0.065)
(0.025 0.01 0.065)
(0.03 0.01 0.065)
(0.035 0.01 0.065)
(0.04 0.01 0.065)
(0.045 0.01 0.065)
(0.05 0.01 0.065)
(0.055 0.01 0.065)
(0.06 0.01 0.065)
(0.065 0.01 0.065)
(0.07 0.01 0.065)
(0.075 0.01 0.065)
(0.08 0.01 0.065)
(0.085 0.01 0.065)
(0.09 0.01 0.065)
(0.095 0.01 0.065)
(0.1 0.01 0.065)
(0.105 0.01 0.065)
(0.11 0.01 0.065)
(0.115 0.01 0.065)
(0.12 0.01 0.065)
(0.125 0.01 0.065)
(0.13 0.01 0.065)
(0.135 0.01 0.065)
(0.14 0.01 0.065)
(0.145 0.01 0.065)
(0.15 0.01 0.065)
(0.155 0.01 0.065)
(0.16 0.01 0.065)
(0.165 0.01 0.065)
(0.17 0.01 0.065)
(0.175 0.01 0.065)
(0.18 0.01 0.065)
(0.185 0.01 0.065)
(0.19 0.01 0.065)
(0.195 0.01 0.065)
(0.2 0.01 0.065)
(0.205 0.01 0.065)
(0.21 0.01 0.065)
(0.215 0.01 0.065)
(0.22 0.01 0.065)
(0.225 0.01 0.065)
(0.23 0.01 0.065)
(0.235 0.01 0.065)
(0.24 0.01 0.065)
(0.245 0.01 0.065)
(0.25 0.01 0.065)
(0.255 0.01 0.065)
(0.26 0.01 0.065)
(0.265 0.01 0.065)
(0.27 0.01 0.065)
(0.275 0.01 0.065)
(0.28 0.01 0.065)
(0.285 0.01 0.065)
(0.29 0.01 0.065)
(0.295 0.01 0.065)
(0.3 0.01 0.065)
(0 0 0.07)
(0.005 0 0.07)
(0.01 0 0.07)
(0.015 0 0.07)
(0.02 0 0.07)
(0.025 0 0.07)
(0.03 0 0.07)
(0.035 0 0.07)
(0.04 0 0.07)
(0.045 0 0.07)
(0.05 0 0.07)
(0.055 0 0.07)
(0.06 0 0.07)
(0.065 0 0.07)
(0.07 0 0.07)
(0.075 0 0.07)
(0.08 0 0.07)
(0.085 0 0.07)
(0.09 0 0.07)
(0.095 0 0.07)
(0.1 0 0.07)
(0.105 0 0.07)
(0.11 0 0.07)
(0.115 0 0.07)
(0.12 0 0.07)
(0.125 0 0.07)
(0.13 0 0.07)
(0.135 0 0.07)
(0.14 0 0.07)
(0.145 0 0.07)
(0.15 0 0.07)
(0.155 0 0.07)
(0.16 0 0.07)
(0.165 0 0.07)
(0.17 0 0.07)
(0.175 0 0.07)
(0.18 0 0.07)
(0.185 0 0.07)
(0.19 0 0.07)
(0.195 0 0.07)
(0.2 0 0.07)
(0.205 0 0.07)
(0.21 0 0.07)
(0.215 0 0.07)
(0.22 0 0.07)
(0.225 0 0.07)
(0.23 0 0.07)
(0.235 0 0.07)
(0.24 0 0.07)
(0.245 0 0.07)
(0.25 0 0.07)
(0.255 0 0.07)
(0.26 0 0.07)
(0.265 0 0.07)
(0.27 0 0.07)
(0.275 0 0.07)
(0.28 0 0.07)
(0.285 0 0.07)
(0.29 0 0.07)
(0.295 0 0.07)
(0.3 0 0.07)
(0 0.005 0.07)
(0.005 0.005 0.07)
(0.01 0.005 0.07)
(0.015 0.005 0.07)
(0.02 0.005 0.07)
(0.025 0.005 0.07)
(0.03 0.005 0.07)
(0.035 0.005 0.07)
(0.04 0.005 0.07)
(0.045 0.005 0.07)
(0.05 0.005 0.07)
(0.055 0.005 0.07)
(0.06 0.005 0.07)
(0.065 0.005 0.07)
(0.07 0.005 0.07)
(0.075 0.005 0.07)
(0.08 0.005 0.07)
(0.085 0.005 0.07)
(0.09 0.005 0.07)
(0.095 0.005 0.07)
(0.1 0.005 0.07)
(0.105 0.005 0.07)
(0.11 0.005 0.07)
(0.115 0.005 0.07)
(0.12 0.005 0.07)
(0.125 0.005 0.07)
(0.13 0.005 0.07)
(0.135 0.005 0.07)
(0.14 0.005 0.07)
(0.145 0.005 0.07)
(0.15 0.005 0.07)
(0.155 0.005 0.07)
(0.16 0.005 0.07)
(0.165 0.005 0.07)
(0.17 0.005 0.07)
(0.175 0.005 0.07)
(0.18 0.005 0.07)
(0.185 0.005 0.07)
(0.19 0.005 0.07)
(0.195 0.005 0.07)
(0.2 0.005 0.07)
(0.205 0.005 0.07)
(0.21 0.005 0.07)
(0.215 0.005 0.07)
(0.22 0.005 0.07)
(0.225 0.005 0.07)
(0.23 0.005 0.07)
(0.235 0.005 0.07)
(0.24 0.005 0.07)
(0.245 0.005 0.07)
(0.25 0.005 0.07)
(0.255 0.005 0.07)
(0.26 0.005 0.07)
(0.265 0.005 0.07)
(0.27 0.005 0.07)
(0.275 0.005 0.07)
(0.28 0.005 0.07)
(0.285 0.005 0.07)
(0.29 0.005 0.07)
(0.295 0.005 0.07)
(0.3 0.005 0.07)
(0 0.01 0.07)
(0.005 0.01 0.07)
(0.01 0.01 0.07)
(0.015 0.01 0.07)
(0.02 0.01 0.07)
(0.025 0.01 0.07)
(0.03 0.01 0.07)
(0.035 0.01 0.07)
(0.04 0.01 0.07)
(0.045 0.01 0.07)
(0.05 0.01 0.07)
(0.055 0.01 0.07)
(0.06 0.01 0.07)
(0.065 0.01 0.07)
(0.07 0.01 0.07)
(0.075 0.01 0.07)
(0.08 0.01 0.07)
(0.085 0.01 0.07)
(0.09 0.01 0.07)
(0.095 0.01 0.07)
(0.1 0.01 0.07)
(0.105 0.01 0.07)
(0.11 0.01 0.07)
(0.115 0.01 0.07)
(0.12 0.01 0.07)
(0.125 0.01 0.07)
(0.13 0.01 0.07)
(0.135 0.01 0.07)
(0.14 0.01 0.07)
(0.145 0.01 0.07)
(0.15 0.01 0.07)
(0.155 0.01 0.07)
(0.16 0.01 0.07)
(0.165 0.01 0.07)
(0.17 0.01 0.07)
(0.175 0.01 0.07)
(0.18 0.01 0.07)
(0.185 0.01 0.07)
(0.19 0.01 0.07)
(0.195 0.01 0.07)
(0.2 0.01 0.07)
(0.205 0.01 0.07)
(0.21 0.01 0.07)
(0.215 0.01 0.07)
(0.22 0.01 0.07)
(0.225 0.01 0.07)
(0.23 0.01 0.07)
(0.235 0.01 0.07)
(0.24 0.01 0.07)
(0.245 0.01 0.07)
(0.25 0.01 0.07)
(0.255 0.01 0.07)
(0.26 0.01 0.07)
(0.265 0.01 0.07)
(0.27 0.01 0.07)
(0.275 0.01 0.07)
(0.28 0.01 0.07)
(0.285 0.01 0.07)
(0.29 0.01 0.07)
(0.295 0.01 0.07)
(0.3 0.01 0.07)
(0 0 0.075)
(0.005 0 0.075)
(0.01 0 0.075)
(0.015 0 0.075)
(0.02 0 0.075)
(0.025 0 0.075)
(0.03 0 0.075)
(0.035 0 0.075)
(0.04 0 0.075)
(0.045 0 0.075)
(0.05 0 0.075)
(0.055 0 0.075)
(0.06 0 0.075)
(0.065 0 0.075)
(0.07 0 0.075)
(0.075 0 0.075)
(0.08 0 0.075)
(0.085 0 0.075)
(0.09 0 0.075)
(0.095 0 0.075)
(0.1 0 0.075)
(0.105 0 0.075)
(0.11 0 0.075)
(0.115 0 0.075)
(0.12 0 0.075)
(0.125 0 0.075)
(0.13 0 0.075)
(0.135 0 0.075)
(0.14 0 0.075)
(0.145 0 0.075)
(0.15 0 0.075)
(0.155 0 0.075)
(0.16 0 0.075)
(0.165 0 0.075)
(0.17 0 0.075)
(0.175 0 0.075)
(0.18 0 0.075)
(0.185 0 0.075)
(0.19 0 0.075)
(0.195 0 0.075)
(0.2 0 0.075)
(0.205 0 0.075)
(0.21 0 0.075)
(0.215 0 0.075)
(0.22 0 0.075)
(0.225 0 0.075)
(0.23 0 0.075)
(0.235 0 0.075)
(0.24 0 0.075)
(0.245 0 0.075)
(0.25 0 0.075)
(0.255 0 0.075)
(0.26 0 0.075)
(0.265 0 0.075)
(0.27 0 0.075)
(0.275 0 0.075)
(0.28 0 0.075)
(0.285 0 0.075)
(0.29 0 0.075)
(0.295 0 0.075)
(0.3 0 0.075)
(0 0.005 0.075)
(0.005 0.005 0.075)
(0.01 0.005 0.075)
(0.015 0.005 0.075)
(0.02 0.005 0.075)
(0.025 0.005 0.075)
(0.03 0.005 0.075)
(0.035 0.005 0.075)
(0.04 0.005 0.075)
(0.045 0.005 0.075)
(0.05 0.005 0.075)
(0.055 0.005 0.075)
(0.06 0.005 0.075)
(0.065 0.005 0.075)
(0.07 0.005 0.075)
(0.075 0.005 0.075)
(0.08 0.005 0.075)
(0.085 0.005 0.075)
(0.09 0.005 0.075)
(0.095 0.005 0.075)
(0.1 0.005 0.075)
(0.105 0.005 0.075)
(0.11 0.005 0.075)
(0.115 0.005 0.075)
(0.12 0.005 0.075)
(0.125 0.005 0.075)
(0.13 0.005 0.075)
(0.135 0.005 0.075)
(0.14 0.005 0.075)
(0.145 0.005 0.075)
(0.15 0.005 0.075)
(0.155 0.005 0.075)
(0.16 0.005 0.075)
(0.165 0.005 0.075)
(0.17 0.005 0.075)
(0.175 0.005 0.075)
(0.18 0.005 0.075)
(0.185 0.005 0.075)
(0.19 0.005 0.075)
(0.195 0.005 0.075)
(0.2 0.005 0.075)
(0.205 0.005 0.075)
(0.21 0.005 0.075)
(0.215 0.005 0.075)
(0.22 0.005 0.075)
(0.225 0.005 0.075)
(0.23 0.005 0.075)
(0.235 0.005 0.075)
(0.24 0.005 0.075)
(0.245 0.005 0.075)
(0.25 0.005 0.075)
(0.255 0.005 0.075)
(0.26 0.005 0.075)
(0.265 0.005 0.075)
(0.27 0.005 0.075)
(0.275 0.005 0.075)
(0.28 0.005 0.075)
(0.285 0.005 0.075)
(0.29 0.005 0.075)
(0.295 0.005 0.075)
(0.3 0.005 0.075)
(0 0.01 0.075)
(0.005 0.01 0.075)
(0.01 0.01 0.075)
(0.015 0.01 0.075)
(0.02 0.01 0.075)
(0.025 0.01 0.075)
(0.03 0.01 0.075)
(0.035 0.01 0.075)
(0.04 0.01 0.075)
(0.045 0.01 0.075)
(0.05 0.01 0.075)
(0.055 0.01 0.075)
(0.06 0.01 0.075)
(0.065 0.01 0.075)
(0.07 0.01 0.075)
(0.075 0.01 0.075)
(0.08 0.01 0.075)
(0.085 0.01 0.075)
(0.09 0.01 0.075)
(0.095 0.01 0.075)
(0.1 0.01 0.075)
(0.105 0.01 0.075)
(0.11 0.01 0.075)
(0.115 0.01 0.075)
(0.12 0.01 0.075)
(0.125 0.01 0.075)
(0.13 0.01 0.075)
(0.135 0.01 0.075)
(0.14 0.01 0.075)
(0.145 0.01 0.075)
(0.15 0.01 0.075)
(0.155 0.01 0.075)
(0.16 0.01 0.075)
(0.165 0.01 0.075)
(0.17 0.01 0.075)
(0.175 0.01 0.075)
(0.18 0.01 0.075)
(0.185 0.01 0.075)
(0.19 0.01 0.075)
(0.195 0.01 0.075)
(0.2 0.01 0.075)
(0.205 0.01 0.075)
(0.21 0.01 0.075)
(0.215 0.01 0.075)
(0.22 0.01 0.075)
(0.225 0.01 0.075)
(0.23 0.01 0.075)
(0.235 0.01 0.075)
(0.24 0.01 0.075)
(0.245 0.01 0.075)
(0.25 0.01 0.075)
(0.255 0.01 0.075)
(0.26 0.01 0.075)
(0.265 0.01 0.075)
(0.27 0.01 0.075)
(0.275 0.01 0.075)
(0.28 0.01 0.075)
(0.285 0.01 0.075)
(0.29 0.01 0.075)
(0.295 0.01 0.075)
(0.3 0.01 0.075)
(0 0 0.08)
(0.005 0 0.08)
(0.01 0 0.08)
(0.015 0 0.08)
(0.02 0 0.08)
(0.025 0 0.08)
(0.03 0 0.08)
(0.035 0 0.08)
(0.04 0 0.08)
(0.045 0 0.08)
(0.05 0 0.08)
(0.055 0 0.08)
(0.06 0 0.08)
(0.065 0 0.08)
(0.07 0 0.08)
(0.075 0 0.08)
(0.08 0 0.08)
(0.085 0 0.08)
(0.09 0 0.08)
(0.095 0 0.08)
(0.1 0 0.08)
(0.105 0 0.08)
(0.11 0 0.08)
(0.115 0 0.08)
(0.12 0 0.08)
(0.125 0 0.08)
(0.13 0 0.08)
(0.135 0 0.08)
(0.14 0 0.08)
(0.145 0 0.08)
(0.15 0 0.08)
(0.155 0 0.08)
(0.16 0 0.08)
(0.165 0 0.08)
(0.17 0 0.08)
(0.175 0 0.08)
(0.18 0 0.08)
(0.185 0 0.08)
(0.19 0 0.08)
(0.195 0 0.08)
(0.2 0 0.08)
(0.205 0 0.08)
(0.21 0 0.08)
(0.215 0 0.08)
(0.22 0 0.08)
(0.225 0 0.08)
(0.23 0 0.08)
(0.235 0 0.08)
(0.24 0 0.08)
(0.245 0 0.08)
(0.25 0 0.08)
(0.255 0 0.08)
(0.26 0 0.08)
(0.265 0 0.08)
(0.27 0 0.08)
(0.275 0 0.08)
(0.28 0 0.08)
(0.285 0 0.08)
(0.29 0 0.08)
(0.295 0 0.08)
(0.3 0 0.08)
(0 0.005 0.08)
(0.005 0.005 0.08)
(0.01 0.005 0.08)
(0.015 0.005 0.08)
(0.02 0.005 0.08)
(0.025 0.005 0.08)
(0.03 0.005 0.08)
(0.035 0.005 0.08)
(0.04 0.005 0.08)
(0.045 0.005 0.08)
(0.05 0.005 0.08)
(0.055 0.005 0.08)
(0.06 0.005 0.08)
(0.065 0.005 0.08)
(0.07 0.005 0.08)
(0.075 0.005 0.08)
(0.08 0.005 0.08)
(0.085 0.005 0.08)
(0.09 0.005 0.08)
(0.095 0.005 0.08)
(0.1 0.005 0.08)
(0.105 0.005 0.08)
(0.11 0.005 0.08)
(0.115 0.005 0.08)
(0.12 0.005 0.08)
(0.125 0.005 0.08)
(0.13 0.005 0.08)
(0.135 0.005 0.08)
(0.14 0.005 0.08)
(0.145 0.005 0.08)
(0.15 0.005 0.08)
(0.155 0.005 0.08)
(0.16 0.005 0.08)
(0.165 0.005 0.08)
(0.17 0.005 0.08)
(0.175 0.005 0.08)
(0.18 0.005 0.08)
(0.185 0.005 0.08)
(0.19 0.005 0.08)
(0.195 0.005 0.08)
(0.2 0.005 0.08)
(0.205 0.005 0.08)
(0.21 0.005 0.08)
(0.215 0.005 0.08)
(0.22 0.005 0.08)
(0.225 0.005 0.08)
(0.23 0.005 0.08)
(0.235 0.005 0.08)
(0.24 0.005 0.08)
(0.245 0.005 0.08)
(0.25 0.005 0.08)
(0.255 0.005 0.08)
(0.26 0.005 0.08)
(0.265 0.005 0.08)
(0.27 0.005 0.08)
(0.275 0.005 0.08)
(0.28 0.005 0.08)
(0.285 0.005 0.08)
(0.29 0.005 0.08)
(0.295 0.005 0.08)
(0.3 0.005 0.08)
(0 0.01 0.08)
(0.005 0.01 0.08)
(0.01 0.01 0.08)
(0.015 0.01 0.08)
(0.02 0.01 0.08)
(0.025 0.01 0.08)
(0.03 0.01 0.08)
(0.035 0.01 0.08)
(0.04 0.01 0.08)
(0.045 0.01 0.08)
(0.05 0.01 0.08)
(0.055 0.01 0.08)
(0.06 0.01 0.08)
(0.065 0.01 0.08)
(0.07 0.01 0.08)
(0.075 0.01 0.08)
(0.08 0.01 0.08)
(0.085 0.01 0.08)
(0.09 0.01 0.08)
(0.095 0.01 0.08)
(0.1 0.01 0.08)
(0.105 0.01 0.08)
(0.11 0.01 0.08)
(0.115 0.01 0.08)
(0.12 0.01 0.08)
(0.125 0.01 0.08)
(0.13 0.01 0.08)
(0.135 0.01 0.08)
(0.14 0.01 0.08)
(0.145 0.01 0.08)
(0.15 0.01 0.08)
(0.155 0.01 0.08)
(0.16 0.01 0.08)
(0.165 0.01 0.08)
(0.17 0.01 0.08)
(0.175 0.01 0.08)
(0.18 0.01 0.08)
(0.185 0.01 0.08)
(0.19 0.01 0.08)
(0.195 0.01 0.08)
(0.2 0.01 0.08)
(0.205 0.01 0.08)
(0.21 0.01 0.08)
(0.215 0.01 0.08)
(0.22 0.01 0.08)
(0.225 0.01 0.08)
(0.23 0.01 0.08)
(0.235 0.01 0.08)
(0.24 0.01 0.08)
(0.245 0.01 0.08)
(0.25 0.01 0.08)
(0.255 0.01 0.08)
(0.26 0.01 0.08)
(0.265 0.01 0.08)
(0.27 0.01 0.08)
(0.275 0.01 0.08)
(0.28 0.01 0.08)
(0.285 0.01 0.08)
(0.29 0.01 0.08)
(0.295 0.01 0.08)
(0.3 0.01 0.08)
(0 0 0.085)
(0.005 0 0.085)
(0.01 0 0.085)
(0.015 0 0.085)
(0.02 0 0.085)
(0.025 0 0.085)
(0.03 0 0.085)
(0.035 0 0.085)
(0.04 0 0.085)
(0.045 0 0.085)
(0.05 0 0.085)
(0.055 0 0.085)
(0.06 0 0.085)
(0.065 0 0.085)
(0.07 0 0.085)
(0.075 0 0.085)
(0.08 0 0.085)
(0.085 0 0.085)
(0.09 0 0.085)
(0.095 0 0.085)
(0.1 0 0.085)
(0.105 0 0.085)
(0.11 0 0.085)
(0.115 0 0.085)
(0.12 0 0.085)
(0.125 0 0.085)
(0.13 0 0.085)
(0.135 0 0.085)
(0.14 0 0.085)
(0.145 0 0.085)
(0.15 0 0.085)
(0.155 0 0.085)
(0.16 0 0.085)
(0.165 0 0.085)
(0.17 0 0.085)
(0.175 0 0.085)
(0.18 0 0.085)
(0.185 0 0.085)
(0.19 0 0.085)
(0.195 0 0.085)
(0.2 0 0.085)
(0.205 0 0.085)
(0.21 0 0.085)
(0.215 0 0.085)
(0.22 0 0.085)
(0.225 0 0.085)
(0.23 0 0.085)
(0.235 0 0.085)
(0.24 0 0.085)
(0.245 0 0.085)
(0.25 0 0.085)
(0.255 0 0.085)
(0.26 0 0.085)
(0.265 0 0.085)
(0.27 0 0.085)
(0.275 0 0.085)
(0.28 0 0.085)
(0.285 0 0.085)
(0.29 0 0.085)
(0.295 0 0.085)
(0.3 0 0.085)
(0 0.005 0.085)
(0.005 0.005 0.085)
(0.01 0.005 0.085)
(0.015 0.005 0.085)
(0.02 0.005 0.085)
(0.025 0.005 0.085)
(0.03 0.005 0.085)
(0.035 0.005 0.085)
(0.04 0.005 0.085)
(0.045 0.005 0.085)
(0.05 0.005 0.085)
(0.055 0.005 0.085)
(0.06 0.005 0.085)
(0.065 0.005 0.085)
(0.07 0.005 0.085)
(0.075 0.005 0.085)
(0.08 0.005 0.085)
(0.085 0.005 0.085)
(0.09 0.005 0.085)
(0.095 0.005 0.085)
(0.1 0.005 0.085)
(0.105 0.005 0.085)
(0.11 0.005 0.085)
(0.115 0.005 0.085)
(0.12 0.005 0.085)
(0.125 0.005 0.085)
(0.13 0.005 0.085)
(0.135 0.005 0.085)
(0.14 0.005 0.085)
(0.145 0.005 0.085)
(0.15 0.005 0.085)
(0.155 0.005 0.085)
(0.16 0.005 0.085)
(0.165 0.005 0.085)
(0.17 0.005 0.085)
(0.175 0.005 0.085)
(0.18 0.005 0.085)
(0.185 0.005 0.085)
(0.19 0.005 0.085)
(0.195 0.005 0.085)
(0.2 0.005 0.085)
(0.205 0.005 0.085)
(0.21 0.005 0.085)
(0.215 0.005 0.085)
(0.22 0.005 0.085)
(0.225 0.005 0.085)
(0.23 0.005 0.085)
(0.235 0.005 0.085)
(0.24 0.005 0.085)
(0.245 0.005 0.085)
(0.25 0.005 0.085)
(0.255 0.005 0.085)
(0.26 0.005 0.085)
(0.265 0.005 0.085)
(0.27 0.005 0.085)
(0.275 0.005 0.085)
(0.28 0.005 0.085)
(0.285 0.005 0.085)
(0.29 0.005 0.085)
(0.295 0.005 0.085)
(0.3 0.005 0.085)
(0 0.01 0.085)
(0.005 0.01 0.085)
(0.01 0.01 0.085)
(0.015 0.01 0.085)
(0.02 0.01 0.085)
(0.025 0.01 0.085)
(0.03 0.01 0.085)
(0.035 0.01 0.085)
(0.04 0.01 0.085)
(0.045 0.01 0.085)
(0.05 0.01 0.085)
(0.055 0.01 0.085)
(0.06 0.01 0.085)
(0.065 0.01 0.085)
(0.07 0.01 0.085)
(0.075 0.01 0.085)
(0.08 0.01 0.085)
(0.085 0.01 0.085)
(0.09 0.01 0.085)
(0.095 0.01 0.085)
(0.1 0.01 0.085)
(0.105 0.01 0.085)
(0.11 0.01 0.085)
(0.115 0.01 0.085)
(0.12 0.01 0.085)
(0.125 0.01 0.085)
(0.13 0.01 0.085)
(0.135 0.01 0.085)
(0.14 0.01 0.085)
(0.145 0.01 0.085)
(0.15 0.01 0.085)
(0.155 0.01 0.085)
(0.16 0.01 0.085)
(0.165 0.01 0.085)
(0.17 0.01 0.085)
(0.175 0.01 0.085)
(0.18 0.01 0.085)
(0.185 0.01 0.085)
(0.19 0.01 0.085)
(0.195 0.01 0.085)
(0.2 0.01 0.085)
(0.205 0.01 0.085)
(0.21 0.01 0.085)
(0.215 0.01 0.085)
(0.22 0.01 0.085)
(0.225 0.01 0.085)
(0.23 0.01 0.085)
(0.235 0.01 0.085)
(0.24 0.01 0.085)
(0.245 0.01 0.085)
(0.25 0.01 0.085)
(0.255 0.01 0.085)
(0.26 0.01 0.085)
(0.265 0.01 0.085)
(0.27 0.01 0.085)
(0.275 0.01 0.085)
(0.28 0.01 0.085)
(0.285 0.01 0.085)
(0.29 0.01 0.085)
(0.295 0.01 0.085)
(0.3 0.01 0.085)
(0 0 0.09)
(0.005 0 0.09)
(0.01 0 0.09)
(0.015 0 0.09)
(0.02 0 0.09)
(0.025 0 0.09)
(0.03 0 0.09)
(0.035 0 0.09)
(0.04 0 0.09)
(0.045 0 0.09)
(0.05 0 0.09)
(0.055 0 0.09)
(0.06 0 0.09)
(0.065 0 0.09)
(0.07 0 0.09)
(0.075 0 0.09)
(0.08 0 0.09)
(0.085 0 0.09)
(0.09 0 0.09)
(0.095 0 0.09)
(0.1 0 0.09)
(0.105 0 0.09)
(0.11 0 0.09)
(0.115 0 0.09)
(0.12 0 0.09)
(0.125 0 0.09)
(0.13 0 0.09)
(0.135 0 0.09)
(0.14 0 0.09)
(0.145 0 0.09)
(0.15 0 0.09)
(0.155 0 0.09)
(0.16 0 0.09)
(0.165 0 0.09)
(0.17 0 0.09)
(0.175 0 0.09)
(0.18 0 0.09)
(0.185 0 0.09)
(0.19 0 0.09)
(0.195 0 0.09)
(0.2 0 0.09)
(0.205 0 0.09)
(0.21 0 0.09)
(0.215 0 0.09)
(0.22 0 0.09)
(0.225 0 0.09)
(0.23 0 0.09)
(0.235 0 0.09)
(0.24 0 0.09)
(0.245 0 0.09)
(0.25 0 0.09)
(0.255 0 0.09)
(0.26 0 0.09)
(0.265 0 0.09)
(0.27 0 0.09)
(0.275 0 0.09)
(0.28 0 0.09)
(0.285 0 0.09)
(0.29 0 0.09)
(0.295 0 0.09)
(0.3 0 0.09)
(0 0.005 0.09)
(0.005 0.005 0.09)
(0.01 0.005 0.09)
(0.015 0.005 0.09)
(0.02 0.005 0.09)
(0.025 0.005 0.09)
(0.03 0.005 0.09)
(0.035 0.005 0.09)
(0.04 0.005 0.09)
(0.045 0.005 0.09)
(0.05 0.005 0.09)
(0.055 0.005 0.09)
(0.06 0.005 0.09)
(0.065 0.005 0.09)
(0.07 0.005 0.09)
(0.075 0.005 0.09)
(0.08 0.005 0.09)
(0.085 0.005 0.09)
(0.09 0.005 0.09)
(0.095 0.005 0.09)
(0.1 0.005 0.09)
(0.105 0.005 0.09)
(0.11 0.005 0.09)
(0.115 0.005 0.09)
(0.12 0.005 0.09)
(0.125 0.005 0.09)
(0.13 0.005 0.09)
(0.135 0.005 0.09)
(0.14 0.005 0.09)
(0.145 0.005 0.09)
(0.15 0.005 0.09)
(0.155 0.005 0.09)
(0.16 0.005 0.09)
(0.165 0.005 0.09)
(0.17 0.005 0.09)
(0.175 0.005 0.09)
(0.18 0.005 0.09)
(0.185 0.005 0.09)
(0.19 0.005 0.09)
(0.195 0.005 0.09)
(0.2 0.005 0.09)
(0.205 0.005 0.09)
(0.21 0.005 0.09)
(0.215 0.005 0.09)
(0.22 0.005 0.09)
(0.225 0.005 0.09)
(0.23 0.005 0.09)
(0.235 0.005 0.09)
(0.24 0.005 0.09)
(0.245 0.005 0.09)
(0.25 0.005 0.09)
(0.255 0.005 0.09)
(0.26 0.005 0.09)
(0.265 0.005 0.09)
(0.27 0.005 0.09)
(0.275 0.005 0.09)
(0.28 0.005 0.09)
(0.285 0.005 0.09)
(0.29 0.005 0.09)
(0.295 0.005 0.09)
(0.3 0.005 0.09)
(0 0.01 0.09)
(0.005 0.01 0.09)
(0.01 0.01 0.09)
(0.015 0.01 0.09)
(0.02 0.01 0.09)
(0.025 0.01 0.09)
(0.03 0.01 0.09)
(0.035 0.01 0.09)
(0.04 0.01 0.09)
(0.045 0.01 0.09)
(0.05 0.01 0.09)
(0.055 0.01 0.09)
(0.06 0.01 0.09)
(0.065 0.01 0.09)
(0.07 0.01 0.09)
(0.075 0.01 0.09)
(0.08 0.01 0.09)
(0.085 0.01 0.09)
(0.09 0.01 0.09)
(0.095 0.01 0.09)
(0.1 0.01 0.09)
(0.105 0.01 0.09)
(0.11 0.01 0.09)
(0.115 0.01 0.09)
(0.12 0.01 0.09)
(0.125 0.01 0.09)
(0.13 0.01 0.09)
(0.135 0.01 0.09)
(0.14 0.01 0.09)
(0.145 0.01 0.09)
(0.15 0.01 0.09)
(0.155 0.01 0.09)
(0.16 0.01 0.09)
(0.165 0.01 0.09)
(0.17 0.01 0.09)
(0.175 0.01 0.09)
(0.18 0.01 0.09)
(0.185 0.01 0.09)
(0.19 0.01 0.09)
(0.195 0.01 0.09)
(0.2 0.01 0.09)
(0.205 0.01 0.09)
(0.21 0.01 0.09)
(0.215 0.01 0.09)
(0.22 0.01 0.09)
(0.225 0.01 0.09)
(0.23 0.01 0.09)
(0.235 0.01 0.09)
(0.24 0.01 0.09)
(0.245 0.01 0.09)
(0.25 0.01 0.09)
(0.255 0.01 0.09)
(0.26 0.01 0.09)
(0.265 0.01 0.09)
(0.27 0.01 0.09)
(0.275 0.01 0.09)
(0.28 0.01 0.09)
(0.285 0.01 0.09)
(0.29 0.01 0.09)
(0.295 0.01 0.09)
(0.3 0.01 0.09)
(0 0 0.095)
(0.005 0 0.095)
(0.01 0 0.095)
(0.015 0 0.095)
(0.02 0 0.095)
(0.025 0 0.095)
(0.03 0 0.095)
(0.035 0 0.095)
(0.04 0 0.095)
(0.045 0 0.095)
(0.05 0 0.095)
(0.055 0 0.095)
(0.06 0 0.095)
(0.065 0 0.095)
(0.07 0 0.095)
(0.075 0 0.095)
(0.08 0 0.095)
(0.085 0 0.095)
(0.09 0 0.095)
(0.095 0 0.095)
(0.1 0 0.095)
(0.105 0 0.095)
(0.11 0 0.095)
(0.115 0 0.095)
(0.12 0 0.095)
(0.125 0 0.095)
(0.13 0 0.095)
(0.135 0 0.095)
(0.14 0 0.095)
(0.145 0 0.095)
(0.15 0 0.095)
(0.155 0 0.095)
(0.16 0 0.095)
(0.165 0 0.095)
(0.17 0 0.095)
(0.175 0 0.095)
(0.18 0 0.095)
(0.185 0 0.095)
(0.19 0 0.095)
(0.195 0 0.095)
(0.2 0 0.095)
(0.205 0 0.095)
(0.21 0 0.095)
(0.215 0 0.095)
(0.22 0 0.095)
(0.225 0 0.095)
(0.23 0 0.095)
(0.235 0 0.095)
(0.24 0 0.095)
(0.245 0 0.095)
(0.25 0 0.095)
(0.255 0 0.095)
(0.26 0 0.095)
(0.265 0 0.095)
(0.27 0 0.095)
(0.275 0 0.095)
(0.28 0 0.095)
(0.285 0 0.095)
(0.29 0 0.095)
(0.295 0 0.095)
(0.3 0 0.095)
(0 0.005 0.095)
(0.005 0.005 0.095)
(0.01 0.005 0.095)
(0.015 0.005 0.095)
(0.02 0.005 0.095)
(0.025 0.005 0.095)
(0.03 0.005 0.095)
(0.035 0.005 0.095)
(0.04 0.005 0.095)
(0.045 0.005 0.095)
(0.05 0.005 0.095)
(0.055 0.005 0.095)
(0.06 0.005 0.095)
(0.065 0.005 0.095)
(0.07 0.005 0.095)
(0.075 0.005 0.095)
(0.08 0.005 0.095)
(0.085 0.005 0.095)
(0.09 0.005 0.095)
(0.095 0.005 0.095)
(0.1 0.005 0.095)
(0.105 0.005 0.095)
(0.11 0.005 0.095)
(0.115 0.005 0.095)
(0.12 0.005 0.095)
(0.125 0.005 0.095)
(0.13 0.005 0.095)
(0.135 0.005 0.095)
(0.14 0.005 0.095)
(0.145 0.005 0.095)
(0.15 0.005 0.095)
(0.155 0.005 0.095)
(0.16 0.005 0.095)
(0.165 0.005 0.095)
(0.17 0.005 0.095)
(0.175 0.005 0.095)
(0.18 0.005 0.095)
(0.185 0.005 0.095)
(0.19 0.005 0.095)
(0.195 0.005 0.095)
(0.2 0.005 0.095)
(0.205 0.005 0.095)
(0.21 0.005 0.095)
(0.215 0.005 0.095)
(0.22 0.005 0.095)
(0.225 0.005 0.095)
(0.23 0.005 0.095)
(0.235 0.005 0.095)
(0.24 0.005 0.095)
(0.245 0.005 0.095)
(0.25 0.005 0.095)
(0.255 0.005 0.095)
(0.26 0.005 0.095)
(0.265 0.005 0.095)
(0.27 0.005 0.095)
(0.275 0.005 0.095)
(0.28 0.005 0.095)
(0.285 0.005 0.095)
(0.29 0.005 0.095)
(0.295 0.005 0.095)
(0.3 0.005 0.095)
(0 0.01 0.095)
(0.005 0.01 0.095)
(0.01 0.01 0.095)
(0.015 0.01 0.095)
(0.02 0.01 0.095)
(0.025 0.01 0.095)
(0.03 0.01 0.095)
(0.035 0.01 0.095)
(0.04 0.01 0.095)
(0.045 0.01 0.095)
(0.05 0.01 0.095)
(0.055 0.01 0.095)
(0.06 0.01 0.095)
(0.065 0.01 0.095)
(0.07 0.01 0.095)
(0.075 0.01 0.095)
(0.08 0.01 0.095)
(0.085 0.01 0.095)
(0.09 0.01 0.095)
(0.095 0.01 0.095)
(0.1 0.01 0.095)
(0.105 0.01 0.095)
(0.11 0.01 0.095)
(0.115 0.01 0.095)
(0.12 0.01 0.095)
(0.125 0.01 0.095)
(0.13 0.01 0.095)
(0.135 0.01 0.095)
(0.14 0.01 0.095)
(0.145 0.01 0.095)
(0.15 0.01 0.095)
(0.155 0.01 0.095)
(0.16 0.01 0.095)
(0.165 0.01 0.095)
(0.17 0.01 0.095)
(0.175 0.01 0.095)
(0.18 0.01 0.095)
(0.185 0.01 0.095)
(0.19 0.01 0.095)
(0.195 0.01 0.095)
(0.2 0.01 0.095)
(0.205 0.01 0.095)
(0.21 0.01 0.095)
(0.215 0.01 0.095)
(0.22 0.01 0.095)
(0.225 0.01 0.095)
(0.23 0.01 0.095)
(0.235 0.01 0.095)
(0.24 0.01 0.095)
(0.245 0.01 0.095)
(0.25 0.01 0.095)
(0.255 0.01 0.095)
(0.26 0.01 0.095)
(0.265 0.01 0.095)
(0.27 0.01 0.095)
(0.275 0.01 0.095)
(0.28 0.01 0.095)
(0.285 0.01 0.095)
(0.29 0.01 0.095)
(0.295 0.01 0.095)
(0.3 0.01 0.095)
(0 0 0.1)
(0.005 0 0.1)
(0.01 0 0.1)
(0.015 0 0.1)
(0.02 0 0.1)
(0.025 0 0.1)
(0.03 0 0.1)
(0.035 0 0.1)
(0.04 0 0.1)
(0.045 0 0.1)
(0.05 0 0.1)
(0.055 0 0.1)
(0.06 0 0.1)
(0.065 0 0.1)
(0.07 0 0.1)
(0.075 0 0.1)
(0.08 0 0.1)
(0.085 0 0.1)
(0.09 0 0.1)
(0.095 0 0.1)
(0.1 0 0.1)
(0.105 0 0.1)
(0.11 0 0.1)
(0.115 0 0.1)
(0.12 0 0.1)
(0.125 0 0.1)
(0.13 0 0.1)
(0.135 0 0.1)
(0.14 0 0.1)
(0.145 0 0.1)
(0.15 0 0.1)
(0.155 0 0.1)
(0.16 0 0.1)
(0.165 0 0.1)
(0.17 0 0.1)
(0.175 0 0.1)
(0.18 0 0.1)
(0.185 0 0.1)
(0.19 0 0.1)
(0.195 0 0.1)
(0.2 0 0.1)
(0.205 0 0.1)
(0.21 0 0.1)
(0.215 0 0.1)
(0.22 0 0.1)
(0.225 0 0.1)
(0.23 0 0.1)
(0.235 0 0.1)
(0.24 0 0.1)
(0.245 0 0.1)
(0.25 0 0.1)
(0.255 0 0.1)
(0.26 0 0.1)
(0.265 0 0.1)
(0.27 0 0.1)
(0.275 0 0.1)
(0.28 0 0.1)
(0.285 0 0.1)
(0.29 0 0.1)
(0.295 0 0.1)
(0.3 0 0.1)
(0 0.005 0.1)
(0.005 0.005 0.1)
(0.01 0.005 0.1)
(0.015 0.005 0.1)
(0.02 0.005 0.1)
(0.025 0.005 0.1)
(0.03 0.005 0.1)
(0.035 0.005 0.1)
(0.04 0.005 0.1)
(0.045 0.005 0.1)
(0.05 0.005 0.1)
(0.055 0.005 0.1)
(0.06 0.005 0.1)
(0.065 0.005 0.1)
(0.07 0.005 0.1)
(0.075 0.005 0.1)
(0.08 0.005 0.1)
(0.085 0.005 0.1)
(0.09 0.005 0.1)
(0.095 0.005 0.1)
(0.1 0.005 0.1)
(0.105 0.005 0.1)
(0.11 0.005 0.1)
(0.115 0.005 0.1)
(0.12 0.005 0.1)
(0.125 0.005 0.1)
(0.13 0.005 0.1)
(0.135 0.005 0.1)
(0.14 0.005 0.1)
(0.145 0.005 0.1)
(0.15 0.005 0.1)
(0.155 0.005 0.1)
(0.16 0.005 0.1)
(0.165 0.005 0.1)
(0.17 0.005 0.1)
(0.175 0.005 0.1)
(0.18 0.005 0.1)
(0.185 0.005 0.1)
(0.19 0.005 0.1)
(0.195 0.005 0.1)
(0.2 0.005 0.1)
(0.205 0.005 0.1)
(0.21 0.005 0.1)
(0.215 0.005 0.1)
(0.22 0.005 0.1)
(0.225 0.005 0.1)
(0.23 0.005 0.1)
(0.235 0.005 0.1)
(0.24 0.005 0.1)
(0.245 0.005 0.1)
(0.25 0.005 0.1)
(0.255 0.005 0.1)
(0.26 0.005 0.1)
(0.265 0.005 0.1)
(0.27 0.005 0.1)
(0.275 0.005 0.1)
(0.28 0.005 0.1)
(0.285 0.005 0.1)
(0.29 0.005 0.1)
(0.295 0.005 0.1)
(0.3 0.005 0.1)
(0 0.01 0.1)
(0.005 0.01 0.1)
(0.01 0.01 0.1)
(0.015 0.01 0.1)
(0.02 0.01 0.1)
(0.025 0.01 0.1)
(0.03 0.01 0.1)
(0.035 0.01 0.1)
(0.04 0.01 0.1)
(0.045 0.01 0.1)
(0.05 0.01 0.1)
(0.055 0.01 0.1)
(0.06 0.01 0.1)
(0.065 0.01 0.1)
(0.07 0.01 0.1)
(0.075 0.01 0.1)
(0.08 0.01 0.1)
(0.085 0.01 0.1)
(0.09 0.01 0.1)
(0.095 0.01 0.1)
(0.1 0.01 0.1)
(0.105 0.01 0.1)
(0.11 0.01 0.1)
(0.115 0.01 0.1)
(0.12 0.01 0.1)
(0.125 0.01 0.1)
(0.13 0.01 0.1)
(0.135 0.01 0.1)
(0.14 0.01 0.1)
(0.145 0.01 0.1)
(0.15 0.01 0.1)
(0.155 0.01 0.1)
(0.16 0.01 0.1)
(0.165 0.01 0.1)
(0.17 0.01 0.1)
(0.175 0.01 0.1)
(0.18 0.01 0.1)
(0.185 0.01 0.1)
(0.19 0.01 0.1)
(0.195 0.01 0.1)
(0.2 0.01 0.1)
(0.205 0.01 0.1)
(0.21 0.01 0.1)
(0.215 0.01 0.1)
(0.22 0.01 0.1)
(0.225 0.01 0.1)
(0.23 0.01 0.1)
(0.235 0.01 0.1)
(0.24 0.01 0.1)
(0.245 0.01 0.1)
(0.25 0.01 0.1)
(0.255 0.01 0.1)
(0.26 0.01 0.1)
(0.265 0.01 0.1)
(0.27 0.01 0.1)
(0.275 0.01 0.1)
(0.28 0.01 0.1)
(0.285 0.01 0.1)
(0.29 0.01 0.1)
(0.295 0.01 0.1)
(0.3 0.01 0.1)
(0 0 0.105)
(0.005 0 0.105)
(0.01 0 0.105)
(0.015 0 0.105)
(0.02 0 0.105)
(0.025 0 0.105)
(0.03 0 0.105)
(0.035 0 0.105)
(0.04 0 0.105)
(0.045 0 0.105)
(0.05 0 0.105)
(0.055 0 0.105)
(0.06 0 0.105)
(0.065 0 0.105)
(0.07 0 0.105)
(0.075 0 0.105)
(0.08 0 0.105)
(0.085 0 0.105)
(0.09 0 0.105)
(0.095 0 0.105)
(0.1 0 0.105)
(0.105 0 0.105)
(0.11 0 0.105)
(0.115 0 0.105)
(0.12 0 0.105)
(0.125 0 0.105)
(0.13 0 0.105)
(0.135 0 0.105)
(0.14 0 0.105)
(0.145 0 0.105)
(0.15 0 0.105)
(0.155 0 0.105)
(0.16 0 0.105)
(0.165 0 0.105)
(0.17 0 0.105)
(0.175 0 0.105)
(0.18 0 0.105)
(0.185 0 0.105)
(0.19 0 0.105)
(0.195 0 0.105)
(0.2 0 0.105)
(0.205 0 0.105)
(0.21 0 0.105)
(0.215 0 0.105)
(0.22 0 0.105)
(0.225 0 0.105)
(0.23 0 0.105)
(0.235 0 0.105)
(0.24 0 0.105)
(0.245 0 0.105)
(0.25 0 0.105)
(0.255 0 0.105)
(0.26 0 0.105)
(0.265 0 0.105)
(0.27 0 0.105)
(0.275 0 0.105)
(0.28 0 0.105)
(0.285 0 0.105)
(0.29 0 0.105)
(0.295 0 0.105)
(0.3 0 0.105)
(0 0.005 0.105)
(0.005 0.005 0.105)
(0.01 0.005 0.105)
(0.015 0.005 0.105)
(0.02 0.005 0.105)
(0.025 0.005 0.105)
(0.03 0.005 0.105)
(0.035 0.005 0.105)
(0.04 0.005 0.105)
(0.045 0.005 0.105)
(0.05 0.005 0.105)
(0.055 0.005 0.105)
(0.06 0.005 0.105)
(0.065 0.005 0.105)
(0.07 0.005 0.105)
(0.075 0.005 0.105)
(0.08 0.005 0.105)
(0.085 0.005 0.105)
(0.09 0.005 0.105)
(0.095 0.005 0.105)
(0.1 0.005 0.105)
(0.105 0.005 0.105)
(0.11 0.005 0.105)
(0.115 0.005 0.105)
(0.12 0.005 0.105)
(0.125 0.005 0.105)
(0.13 0.005 0.105)
(0.135 0.005 0.105)
(0.14 0.005 0.105)
(0.145 0.005 0.105)
(0.15 0.005 0.105)
(0.155 0.005 0.105)
(0.16 0.005 0.105)
(0.165 0.005 0.105)
(0.17 0.005 0.105)
(0.175 0.005 0.105)
(0.18 0.005 0.105)
(0.185 0.005 0.105)
(0.19 0.005 0.105)
(0.195 0.005 0.105)
(0.2 0.005 0.105)
(0.205 0.005 0.105)
(0.21 0.005 0.105)
(0.215 0.005 0.105)
(0.22 0.005 0.105)
(0.225 0.005 0.105)
(0.23 0.005 0.105)
(0.235 0.005 0.105)
(0.24 0.005 0.105)
(0.245 0.005 0.105)
(0.25 0.005 0.105)
(0.255 0.005 0.105)
(0.26 0.005 0.105)
(0.265 0.005 0.105)
(0.27 0.005 0.105)
(0.275 0.005 0.105)
(0.28 0.005 0.105)
(0.285 0.005 0.105)
(0.29 0.005 0.105)
(0.295 0.005 0.105)
(0.3 0.005 0.105)
(0 0.01 0.105)
(0.005 0.01 0.105)
(0.01 0.01 0.105)
(0.015 0.01 0.105)
(0.02 0.01 0.105)
(0.025 0.01 0.105)
(0.03 0.01 0.105)
(0.035 0.01 0.105)
(0.04 0.01 0.105)
(0.045 0.01 0.105)
(0.05 0.01 0.105)
(0.055 0.01 0.105)
(0.06 0.01 0.105)
(0.065 0.01 0.105)
(0.07 0.01 0.105)
(0.075 0.01 0.105)
(0.08 0.01 0.105)
(0.085 0.01 0.105)
(0.09 0.01 0.105)
(0.095 0.01 0.105)
(0.1 0.01 0.105)
(0.105 0.01 0.105)
(0.11 0.01 0.105)
(0.115 0.01 0.105)
(0.12 0.01 0.105)
(0.125 0.01 0.105)
(0.13 0.01 0.105)
(0.135 0.01 0.105)
(0.14 0.01 0.105)
(0.145 0.01 0.105)
(0.15 0.01 0.105)
(0.155 0.01 0.105)
(0.16 0.01 0.105)
(0.165 0.01 0.105)
(0.17 0.01 0.105)
(0.175 0.01 0.105)
(0.18 0.01 0.105)
(0.185 0.01 0.105)
(0.19 0.01 0.105)
(0.195 0.01 0.105)
(0.2 0.01 0.105)
(0.205 0.01 0.105)
(0.21 0.01 0.105)
(0.215 0.01 0.105)
(0.22 0.01 0.105)
(0.225 0.01 0.105)
(0.23 0.01 0.105)
(0.235 0.01 0.105)
(0.24 0.01 0.105)
(0.245 0.01 0.105)
(0.25 0.01 0.105)
(0.255 0.01 0.105)
(0.26 0.01 0.105)
(0.265 0.01 0.105)
(0.27 0.01 0.105)
(0.275 0.01 0.105)
(0.28 0.01 0.105)
(0.285 0.01 0.105)
(0.29 0.01 0.105)
(0.295 0.01 0.105)
(0.3 0.01 0.105)
(0 0 0.11)
(0.005 0 0.11)
(0.01 0 0.11)
(0.015 0 0.11)
(0.02 0 0.11)
(0.025 0 0.11)
(0.03 0 0.11)
(0.035 0 0.11)
(0.04 0 0.11)
(0.045 0 0.11)
(0.05 0 0.11)
(0.055 0 0.11)
(0.06 0 0.11)
(0.065 0 0.11)
(0.07 0 0.11)
(0.075 0 0.11)
(0.08 0 0.11)
(0.085 0 0.11)
(0.09 0 0.11)
(0.095 0 0.11)
(0.1 0 0.11)
(0.105 0 0.11)
(0.11 0 0.11)
(0.115 0 0.11)
(0.12 0 0.11)
(0.125 0 0.11)
(0.13 0 0.11)
(0.135 0 0.11)
(0.14 0 0.11)
(0.145 0 0.11)
(0.15 0 0.11)
(0.155 0 0.11)
(0.16 0 0.11)
(0.165 0 0.11)
(0.17 0 0.11)
(0.175 0 0.11)
(0.18 0 0.11)
(0.185 0 0.11)
(0.19 0 0.11)
(0.195 0 0.11)
(0.2 0 0.11)
(0.205 0 0.11)
(0.21 0 0.11)
(0.215 0 0.11)
(0.22 0 0.11)
(0.225 0 0.11)
(0.23 0 0.11)
(0.235 0 0.11)
(0.24 0 0.11)
(0.245 0 0.11)
(0.25 0 0.11)
(0.255 0 0.11)
(0.26 0 0.11)
(0.265 0 0.11)
(0.27 0 0.11)
(0.275 0 0.11)
(0.28 0 0.11)
(0.285 0 0.11)
(0.29 0 0.11)
(0.295 0 0.11)
(0.3 0 0.11)
(0 0.005 0.11)
(0.005 0.005 0.11)
(0.01 0.005 0.11)
(0.015 0.005 0.11)
(0.02 0.005 0.11)
(0.025 0.005 0.11)
(0.03 0.005 0.11)
(0.035 0.005 0.11)
(0.04 0.005 0.11)
(0.045 0.005 0.11)
(0.05 0.005 0.11)
(0.055 0.005 0.11)
(0.06 0.005 0.11)
(0.065 0.005 0.11)
(0.07 0.005 0.11)
(0.075 0.005 0.11)
(0.08 0.005 0.11)
(0.085 0.005 0.11)
(0.09 0.005 0.11)
(0.095 0.005 0.11)
(0.1 0.005 0.11)
(0.105 0.005 0.11)
(0.11 0.005 0.11)
(0.115 0.005 0.11)
(0.12 0.005 0.11)
(0.125 0.005 0.11)
(0.13 0.005 0.11)
(0.135 0.005 0.11)
(0.14 0.005 0.11)
(0.145 0.005 0.11)
(0.15 0.005 0.11)
(0.155 0.005 0.11)
(0.16 0.005 0.11)
(0.165 0.005 0.11)
(0.17 0.005 0.11)
(0.175 0.005 0.11)
(0.18 0.005 0.11)
(0.185 0.005 0.11)
(0.19 0.005 0.11)
(0.195 0.005 0.11)
(0.2 0.005 0.11)
(0.205 0.005 0.11)
(0.21 0.005 0.11)
(0.215 0.005 0.11)
(0.22 0.005 0.11)
(0.225 0.005 0.11)
(0.23 0.005 0.11)
(0.235 0.005 0.11)
(0.24 0.005 0.11)
(0.245 0.005 0.11)
(0.25 0.005 0.11)
(0.255 0.005 0.11)
(0.26 0.005 0.11)
(0.265 0.005 0.11)
(0.27 0.005 0.11)
(0.275 0.005 0.11)
(0.28 0.005 0.11)
(0.285 0.005 0.11)
(0.29 0.005 0.11)
(0.295 0.005 0.11)
(0.3 0.005 0.11)
(0 0.01 0.11)
(0.005 0.01 0.11)
(0.01 0.01 0.11)
(0.015 0.01 0.11)
(0.02 0.01 0.11)
(0.025 0.01 0.11)
(0.03 0.01 0.11)
(0.035 0.01 0.11)
(0.04 0.01 0.11)
(0.045 0.01 0.11)
(0.05 0.01 0.11)
(0.055 0.01 0.11)
(0.06 0.01 0.11)
(0.065 0.01 0.11)
(0.07 0.01 0.11)
(0.075 0.01 0.11)
(0.08 0.01 0.11)
(0.085 0.01 0.11)
(0.09 0.01 0.11)
(0.095 0.01 0.11)
(0.1 0.01 0.11)
(0.105 0.01 0.11)
(0.11 0.01 0.11)
(0.115 0.01 0.11)
(0.12 0.01 0.11)
(0.125 0.01 0.11)
(0.13 0.01 0.11)
(0.135 0.01 0.11)
(0.14 0.01 0.11)
(0.145 0.01 0.11)
(0.15 0.01 0.11)
(0.155 0.01 0.11)
(0.16 0.01 0.11)
(0.165 0.01 0.11)
(0.17 0.01 0.11)
(0.175 0.01 0.11)
(0.18 0.01 0.11)
(0.185 0.01 0.11)
(0.19 0.01 0.11)
(0.195 0.01 0.11)
(0.2 0.01 0.11)
(0.205 0.01 0.11)
(0.21 0.01 0.11)
(0.215 0.01 0.11)
(0.22 0.01 0.11)
(0.225 0.01 0.11)
(0.23 0.01 0.11)
(0.235 0.01 0.11)
(0.24 0.01 0.11)
(0.245 0.01 0.11)
(0.25 0.01 0.11)
(0.255 0.01 0.11)
(0.26 0.01 0.11)
(0.265 0.01 0.11)
(0.27 0.01 0.11)
(0.275 0.01 0.11)
(0.28 0.01 0.11)
(0.285 0.01 0.11)
(0.29 0.01 0.11)
(0.295 0.01 0.11)
(0.3 0.01 0.11)
(0 0 0.115)
(0.005 0 0.115)
(0.01 0 0.115)
(0.015 0 0.115)
(0.02 0 0.115)
(0.025 0 0.115)
(0.03 0 0.115)
(0.035 0 0.115)
(0.04 0 0.115)
(0.045 0 0.115)
(0.05 0 0.115)
(0.055 0 0.115)
(0.06 0 0.115)
(0.065 0 0.115)
(0.07 0 0.115)
(0.075 0 0.115)
(0.08 0 0.115)
(0.085 0 0.115)
(0.09 0 0.115)
(0.095 0 0.115)
(0.1 0 0.115)
(0.105 0 0.115)
(0.11 0 0.115)
(0.115 0 0.115)
(0.12 0 0.115)
(0.125 0 0.115)
(0.13 0 0.115)
(0.135 0 0.115)
(0.14 0 0.115)
(0.145 0 0.115)
(0.15 0 0.115)
(0.155 0 0.115)
(0.16 0 0.115)
(0.165 0 0.115)
(0.17 0 0.115)
(0.175 0 0.115)
(0.18 0 0.115)
(0.185 0 0.115)
(0.19 0 0.115)
(0.195 0 0.115)
(0.2 0 0.115)
(0.205 0 0.115)
(0.21 0 0.115)
(0.215 0 0.115)
(0.22 0 0.115)
(0.225 0 0.115)
(0.23 0 0.115)
(0.235 0 0.115)
(0.24 0 0.115)
(0.245 0 0.115)
(0.25 0 0.115)
(0.255 0 0.115)
(0.26 0 0.115)
(0.265 0 0.115)
(0.27 0 0.115)
(0.275 0 0.115)
(0.28 0 0.115)
(0.285 0 0.115)
(0.29 0 0.115)
(0.295 0 0.115)
(0.3 0 0.115)
(0 0.005 0.115)
(0.005 0.005 0.115)
(0.01 0.005 0.115)
(0.015 0.005 0.115)
(0.02 0.005 0.115)
(0.025 0.005 0.115)
(0.03 0.005 0.115)
(0.035 0.005 0.115)
(0.04 0.005 0.115)
(0.045 0.005 0.115)
(0.05 0.005 0.115)
(0.055 0.005 0.115)
(0.06 0.005 0.115)
(0.065 0.005 0.115)
(0.07 0.005 0.115)
(0.075 0.005 0.115)
(0.08 0.005 0.115)
(0.085 0.005 0.115)
(0.09 0.005 0.115)
(0.095 0.005 0.115)
(0.1 0.005 0.115)
(0.105 0.005 0.115)
(0.11 0.005 0.115)
(0.115 0.005 0.115)
(0.12 0.005 0.115)
(0.125 0.005 0.115)
(0.13 0.005 0.115)
(0.135 0.005 0.115)
(0.14 0.005 0.115)
(0.145 0.005 0.115)
(0.15 0.005 0.115)
(0.155 0.005 0.115)
(0.16 0.005 0.115)
(0.165 0.005 0.115)
(0.17 0.005 0.115)
(0.175 0.005 0.115)
(0.18 0.005 0.115)
(0.185 0.005 0.115)
(0.19 0.005 0.115)
(0.195 0.005 0.115)
(0.2 0.005 0.115)
(0.205 0.005 0.115)
(0.21 0.005 0.115)
(0.215 0.005 0.115)
(0.22 0.005 0.115)
(0.225 0.005 0.115)
(0.23 0.005 0.115)
(0.235 0.005 0.115)
(0.24 0.005 0.115)
(0.245 0.005 0.115)
(0.25 0.005 0.115)
(0.255 0.005 0.115)
(0.26 0.005 0.115)
(0.265 0.005 0.115)
(0.27 0.005 0.115)
(0.275 0.005 0.115)
(0.28 0.005 0.115)
(0.285 0.005 0.115)
(0.29 0.005 0.115)
(0.295 0.005 0.115)
(0.3 0.005 0.115)
(0 0.01 0.115)
(0.005 0.01 0.115)
(0.01 0.01 0.115)
(0.015 0.01 0.115)
(0.02 0.01 0.115)
(0.025 0.01 0.115)
(0.03 0.01 0.115)
(0.035 0.01 0.115)
(0.04 0.01 0.115)
(0.045 0.01 0.115)
(0.05 0.01 0.115)
(0.055 0.01 0.115)
(0.06 0.01 0.115)
(0.065 0.01 0.115)
(0.07 0.01 0.115)
(0.075 0.01 0.115)
(0.08 0.01 0.115)
(0.085 0.01 0.115)
(0.09 0.01 0.115)
(0.095 0.01 0.115)
(0.1 0.01 0.115)
(0.105 0.01 0.115)
(0.11 0.01 0.115)
(0.115 0.01 0.115)
(0.12 0.01 0.115)
(0.125 0.01 0.115)
(0.13 0.01 0.115)
(0.135 0.01 0.115)
(0.14 0.01 0.115)
(0.145 0.01 0.115)
(0.15 0.01 0.115)
(0.155 0.01 0.115)
(0.16 0.01 0.115)
(0.165 0.01 0.115)
(0.17 0.01 0.115)
(0.175 0.01 0.115)
(0.18 0.01 0.115)
(0.185 0.01 0.115)
(0.19 0.01 0.115)
(0.195 0.01 0.115)
(0.2 0.01 0.115)
(0.205 0.01 0.115)
(0.21 0.01 0.115)
(0.215 0.01 0.115)
(0.22 0.01 0.115)
(0.225 0.01 0.115)
(0.23 0.01 0.115)
(0.235 0.01 0.115)
(0.24 0.01 0.115)
(0.245 0.01 0.115)
(0.25 0.01 0.115)
(0.255 0.01 0.115)
(0.26 0.01 0.115)
(0.265 0.01 0.115)
(0.27 0.01 0.115)
(0.275 0.01 0.115)
(0.28 0.01 0.115)
(0.285 0.01 0.115)
(0.29 0.01 0.115)
(0.295 0.01 0.115)
(0.3 0.01 0.115)
(0 0 0.12)
(0.005 0 0.12)
(0.01 0 0.12)
(0.015 0 0.12)
(0.02 0 0.12)
(0.025 0 0.12)
(0.03 0 0.12)
(0.035 0 0.12)
(0.04 0 0.12)
(0.045 0 0.12)
(0.05 0 0.12)
(0.055 0 0.12)
(0.06 0 0.12)
(0.065 0 0.12)
(0.07 0 0.12)
(0.075 0 0.12)
(0.08 0 0.12)
(0.085 0 0.12)
(0.09 0 0.12)
(0.095 0 0.12)
(0.1 0 0.12)
(0.105 0 0.12)
(0.11 0 0.12)
(0.115 0 0.12)
(0.12 0 0.12)
(0.125 0 0.12)
(0.13 0 0.12)
(0.135 0 0.12)
(0.14 0 0.12)
(0.145 0 0.12)
(0.15 0 0.12)
(0.155 0 0.12)
(0.16 0 0.12)
(0.165 0 0.12)
(0.17 0 0.12)
(0.175 0 0.12)
(0.18 0 0.12)
(0.185 0 0.12)
(0.19 0 0.12)
(0.195 0 0.12)
(0.2 0 0.12)
(0.205 0 0.12)
(0.21 0 0.12)
(0.215 0 0.12)
(0.22 0 0.12)
(0.225 0 0.12)
(0.23 0 0.12)
(0.235 0 0.12)
(0.24 0 0.12)
(0.245 0 0.12)
(0.25 0 0.12)
(0.255 0 0.12)
(0.26 0 0.12)
(0.265 0 0.12)
(0.27 0 0.12)
(0.275 0 0.12)
(0.28 0 0.12)
(0.285 0 0.12)
(0.29 0 0.12)
(0.295 0 0.12)
(0.3 0 0.12)
(0 0.005 0.12)
(0.005 0.005 0.12)
(0.01 0.005 0.12)
(0.015 0.005 0.12)
(0.02 0.005 0.12)
(0.025 0.005 0.12)
(0.03 0.005 0.12)
(0.035 0.005 0.12)
(0.04 0.005 0.12)
(0.045 0.005 0.12)
(0.05 0.005 0.12)
(0.055 0.005 0.12)
(0.06 0.005 0.12)
(0.065 0.005 0.12)
(0.07 0.005 0.12)
(0.075 0.005 0.12)
(0.08 0.005 0.12)
(0.085 0.005 0.12)
(0.09 0.005 0.12)
(0.095 0.005 0.12)
(0.1 0.005 0.12)
(0.105 0.005 0.12)
(0.11 0.005 0.12)
(0.115 0.005 0.12)
(0.12 0.005 0.12)
(0.125 0.005 0.12)
(0.13 0.005 0.12)
(0.135 0.005 0.12)
(0.14 0.005 0.12)
(0.145 0.005 0.12)
(0.15 0.005 0.12)
(0.155 0.005 0.12)
(0.16 0.005 0.12)
(0.165 0.005 0.12)
(0.17 0.005 0.12)
(0.175 0.005 0.12)
(0.18 0.005 0.12)
(0.185 0.005 0.12)
(0.19 0.005 0.12)
(0.195 0.005 0.12)
(0.2 0.005 0.12)
(0.205 0.005 0.12)
(0.21 0.005 0.12)
(0.215 0.005 0.12)
(0.22 0.005 0.12)
(0.225 0.005 0.12)
(0.23 0.005 0.12)
(0.235 0.005 0.12)
(0.24 0.005 0.12)
(0.245 0.005 0.12)
(0.25 0.005 0.12)
(0.255 0.005 0.12)
(0.26 0.005 0.12)
(0.265 0.005 0.12)
(0.27 0.005 0.12)
(0.275 0.005 0.12)
(0.28 0.005 0.12)
(0.285 0.005 0.12)
(0.29 0.005 0.12)
(0.295 0.005 0.12)
(0.3 0.005 0.12)
(0 0.01 0.12)
(0.005 0.01 0.12)
(0.01 0.01 0.12)
(0.015 0.01 0.12)
(0.02 0.01 0.12)
(0.025 0.01 0.12)
(0.03 0.01 0.12)
(0.035 0.01 0.12)
(0.04 0.01 0.12)
(0.045 0.01 0.12)
(0.05 0.01 0.12)
(0.055 0.01 0.12)
(0.06 0.01 0.12)
(0.065 0.01 0.12)
(0.07 0.01 0.12)
(0.075 0.01 0.12)
(0.08 0.01 0.12)
(0.085 0.01 0.12)
(0.09 0.01 0.12)
(0.095 0.01 0.12)
(0.1 0.01 0.12)
(0.105 0.01 0.12)
(0.11 0.01 0.12)
(0.115 0.01 0.12)
(0.12 0.01 0.12)
(0.125 0.01 0.12)
(0.13 0.01 0.12)
(0.135 0.01 0.12)
(0.14 0.01 0.12)
(0.145 0.01 0.12)
(0.15 0.01 0.12)
(0.155 0.01 0.12)
(0.16 0.01 0.12)
(0.165 0.01 0.12)
(0.17 0.01 0.12)
(0.175 0.01 0.12)
(0.18 0.01 0.12)
(0.185 0.01 0.12)
(0.19 0.01 0.12)
(0.195 0.01 0.12)
(0.2 0.01 0.12)
(0.205 0.01 0.12)
(0.21 0.01 0.12)
(0.215 0.01 0.12)
(0.22 0.01 0.12)
(0.225 0.01 0.12)
(0.23 0.01 0.12)
(0.235 0.01 0.12)
(0.24 0.01 0.12)
(0.245 0.01 0.12)
(0.25 0.01 0.12)
(0.255 0.01 0.12)
(0.26 0.01 0.12)
(0.265 0.01 0.12)
(0.27 0.01 0.12)
(0.275 0.01 0.12)
(0.28 0.01 0.12)
(0.285 0.01 0.12)
(0.29 0.01 0.12)
(0.295 0.01 0.12)
(0.3 0.01 0.12)
(0 0 0.125)
(0.005 0 0.125)
(0.01 0 0.125)
(0.015 0 0.125)
(0.02 0 0.125)
(0.025 0 0.125)
(0.03 0 0.125)
(0.035 0 0.125)
(0.04 0 0.125)
(0.045 0 0.125)
(0.05 0 0.125)
(0.055 0 0.125)
(0.06 0 0.125)
(0.065 0 0.125)
(0.07 0 0.125)
(0.075 0 0.125)
(0.08 0 0.125)
(0.085 0 0.125)
(0.09 0 0.125)
(0.095 0 0.125)
(0.1 0 0.125)
(0.105 0 0.125)
(0.11 0 0.125)
(0.115 0 0.125)
(0.12 0 0.125)
(0.125 0 0.125)
(0.13 0 0.125)
(0.135 0 0.125)
(0.14 0 0.125)
(0.145 0 0.125)
(0.15 0 0.125)
(0.155 0 0.125)
(0.16 0 0.125)
(0.165 0 0.125)
(0.17 0 0.125)
(0.175 0 0.125)
(0.18 0 0.125)
(0.185 0 0.125)
(0.19 0 0.125)
(0.195 0 0.125)
(0.2 0 0.125)
(0.205 0 0.125)
(0.21 0 0.125)
(0.215 0 0.125)
(0.22 0 0.125)
(0.225 0 0.125)
(0.23 0 0.125)
(0.235 0 0.125)
(0.24 0 0.125)
(0.245 0 0.125)
(0.25 0 0.125)
(0.255 0 0.125)
(0.26 0 0.125)
(0.265 0 0.125)
(0.27 0 0.125)
(0.275 0 0.125)
(0.28 0 0.125)
(0.285 0 0.125)
(0.29 0 0.125)
(0.295 0 0.125)
(0.3 0 0.125)
(0 0.005 0.125)
(0.005 0.005 0.125)
(0.01 0.005 0.125)
(0.015 0.005 0.125)
(0.02 0.005 0.125)
(0.025 0.005 0.125)
(0.03 0.005 0.125)
(0.035 0.005 0.125)
(0.04 0.005 0.125)
(0.045 0.005 0.125)
(0.05 0.005 0.125)
(0.055 0.005 0.125)
(0.06 0.005 0.125)
(0.065 0.005 0.125)
(0.07 0.005 0.125)
(0.075 0.005 0.125)
(0.08 0.005 0.125)
(0.085 0.005 0.125)
(0.09 0.005 0.125)
(0.095 0.005 0.125)
(0.1 0.005 0.125)
(0.105 0.005 0.125)
(0.11 0.005 0.125)
(0.115 0.005 0.125)
(0.12 0.005 0.125)
(0.125 0.005 0.125)
(0.13 0.005 0.125)
(0.135 0.005 0.125)
(0.14 0.005 0.125)
(0.145 0.005 0.125)
(0.15 0.005 0.125)
(0.155 0.005 0.125)
(0.16 0.005 0.125)
(0.165 0.005 0.125)
(0.17 0.005 0.125)
(0.175 0.005 0.125)
(0.18 0.005 0.125)
(0.185 0.005 0.125)
(0.19 0.005 0.125)
(0.195 0.005 0.125)
(0.2 0.005 0.125)
(0.205 0.005 0.125)
(0.21 0.005 0.125)
(0.215 0.005 0.125)
(0.22 0.005 0.125)
(0.225 0.005 0.125)
(0.23 0.005 0.125)
(0.235 0.005 0.125)
(0.24 0.005 0.125)
(0.245 0.005 0.125)
(0.25 0.005 0.125)
(0.255 0.005 0.125)
(0.26 0.005 0.125)
(0.265 0.005 0.125)
(0.27 0.005 0.125)
(0.275 0.005 0.125)
(0.28 0.005 0.125)
(0.285 0.005 0.125)
(0.29 0.005 0.125)
(0.295 0.005 0.125)
(0.3 0.005 0.125)
(0 0.01 0.125)
(0.005 0.01 0.125)
(0.01 0.01 0.125)
(0.015 0.01 0.125)
(0.02 0.01 0.125)
(0.025 0.01 0.125)
(0.03 0.01 0.125)
(0.035 0.01 0.125)
(0.04 0.01 0.125)
(0.045 0.01 0.125)
(0.05 0.01 0.125)
(0.055 0.01 0.125)
(0.06 0.01 0.125)
(0.065 0.01 0.125)
(0.07 0.01 0.125)
(0.075 0.01 0.125)
(0.08 0.01 0.125)
(0.085 0.01 0.125)
(0.09 0.01 0.125)
(0.095 0.01 0.125)
(0.1 0.01 0.125)
(0.105 0.01 0.125)
(0.11 0.01 0.125)
(0.115 0.01 0.125)
(0.12 0.01 0.125)
(0.125 0.01 0.125)
(0.13 0.01 0.125)
(0.135 0.01 0.125)
(0.14 0.01 0.125)
(0.145 0.01 0.125)
(0.15 0.01 0.125)
(0.155 0.01 0.125)
(0.16 0.01 0.125)
(0.165 0.01 0.125)
(0.17 0.01 0.125)
(0.175 0.01 0.125)
(0.18 0.01 0.125)
(0.185 0.01 0.125)
(0.19 0.01 0.125)
(0.195 0.01 0.125)
(0.2 0.01 0.125)
(0.205 0.01 0.125)
(0.21 0.01 0.125)
(0.215 0.01 0.125)
(0.22 0.01 0.125)
(0.225 0.01 0.125)
(0.23 0.01 0.125)
(0.235 0.01 0.125)
(0.24 0.01 0.125)
(0.245 0.01 0.125)
(0.25 0.01 0.125)
(0.255 0.01 0.125)
(0.26 0.01 0.125)
(0.265 0.01 0.125)
(0.27 0.01 0.125)
(0.275 0.01 0.125)
(0.28 0.01 0.125)
(0.285 0.01 0.125)
(0.29 0.01 0.125)
(0.295 0.01 0.125)
(0.3 0.01 0.125)
(0 0 0.13)
(0.005 0 0.13)
(0.01 0 0.13)
(0.015 0 0.13)
(0.02 0 0.13)
(0.025 0 0.13)
(0.03 0 0.13)
(0.035 0 0.13)
(0.04 0 0.13)
(0.045 0 0.13)
(0.05 0 0.13)
(0.055 0 0.13)
(0.06 0 0.13)
(0.065 0 0.13)
(0.07 0 0.13)
(0.075 0 0.13)
(0.08 0 0.13)
(0.085 0 0.13)
(0.09 0 0.13)
(0.095 0 0.13)
(0.1 0 0.13)
(0.105 0 0.13)
(0.11 0 0.13)
(0.115 0 0.13)
(0.12 0 0.13)
(0.125 0 0.13)
(0.13 0 0.13)
(0.135 0 0.13)
(0.14 0 0.13)
(0.145 0 0.13)
(0.15 0 0.13)
(0.155 0 0.13)
(0.16 0 0.13)
(0.165 0 0.13)
(0.17 0 0.13)
(0.175 0 0.13)
(0.18 0 0.13)
(0.185 0 0.13)
(0.19 0 0.13)
(0.195 0 0.13)
(0.2 0 0.13)
(0.205 0 0.13)
(0.21 0 0.13)
(0.215 0 0.13)
(0.22 0 0.13)
(0.225 0 0.13)
(0.23 0 0.13)
(0.235 0 0.13)
(0.24 0 0.13)
(0.245 0 0.13)
(0.25 0 0.13)
(0.255 0 0.13)
(0.26 0 0.13)
(0.265 0 0.13)
(0.27 0 0.13)
(0.275 0 0.13)
(0.28 0 0.13)
(0.285 0 0.13)
(0.29 0 0.13)
(0.295 0 0.13)
(0.3 0 0.13)
(0 0.005 0.13)
(0.005 0.005 0.13)
(0.01 0.005 0.13)
(0.015 0.005 0.13)
(0.02 0.005 0.13)
(0.025 0.005 0.13)
(0.03 0.005 0.13)
(0.035 0.005 0.13)
(0.04 0.005 0.13)
(0.045 0.005 0.13)
(0.05 0.005 0.13)
(0.055 0.005 0.13)
(0.06 0.005 0.13)
(0.065 0.005 0.13)
(0.07 0.005 0.13)
(0.075 0.005 0.13)
(0.08 0.005 0.13)
(0.085 0.005 0.13)
(0.09 0.005 0.13)
(0.095 0.005 0.13)
(0.1 0.005 0.13)
(0.105 0.005 0.13)
(0.11 0.005 0.13)
(0.115 0.005 0.13)
(0.12 0.005 0.13)
(0.125 0.005 0.13)
(0.13 0.005 0.13)
(0.135 0.005 0.13)
(0.14 0.005 0.13)
(0.145 0.005 0.13)
(0.15 0.005 0.13)
(0.155 0.005 0.13)
(0.16 0.005 0.13)
(0.165 0.005 0.13)
(0.17 0.005 0.13)
(0.175 0.005 0.13)
(0.18 0.005 0.13)
(0.185 0.005 0.13)
(0.19 0.005 0.13)
(0.195 0.005 0.13)
(0.2 0.005 0.13)
(0.205 0.005 0.13)
(0.21 0.005 0.13)
(0.215 0.005 0.13)
(0.22 0.005 0.13)
(0.225 0.005 0.13)
(0.23 0.005 0.13)
(0.235 0.005 0.13)
(0.24 0.005 0.13)
(0.245 0.005 0.13)
(0.25 0.005 0.13)
(0.255 0.005 0.13)
(0.26 0.005 0.13)
(0.265 0.005 0.13)
(0.27 0.005 0.13)
(0.275 0.005 0.13)
(0.28 0.005 0.13)
(0.285 0.005 0.13)
(0.29 0.005 0.13)
(0.295 0.005 0.13)
(0.3 0.005 0.13)
(0 0.01 0.13)
(0.005 0.01 0.13)
(0.01 0.01 0.13)
(0.015 0.01 0.13)
(0.02 0.01 0.13)
(0.025 0.01 0.13)
(0.03 0.01 0.13)
(0.035 0.01 0.13)
(0.04 0.01 0.13)
(0.045 0.01 0.13)
(0.05 0.01 0.13)
(0.055 0.01 0.13)
(0.06 0.01 0.13)
(0.065 0.01 0.13)
(0.07 0.01 0.13)
(0.075 0.01 0.13)
(0.08 0.01 0.13)
(0.085 0.01 0.13)
(0.09 0.01 0.13)
(0.095 0.01 0.13)
(0.1 0.01 0.13)
(0.105 0.01 0.13)
(0.11 0.01 0.13)
(0.115 0.01 0.13)
(0.12 0.01 0.13)
(0.125 0.01 0.13)
(0.13 0.01 0.13)
(0.135 0.01 0.13)
(0.14 0.01 0.13)
(0.145 0.01 0.13)
(0.15 0.01 0.13)
(0.155 0.01 0.13)
(0.16 0.01 0.13)
(0.165 0.01 0.13)
(0.17 0.01 0.13)
(0.175 0.01 0.13)
(0.18 0.01 0.13)
(0.185 0.01 0.13)
(0.19 0.01 0.13)
(0.195 0.01 0.13)
(0.2 0.01 0.13)
(0.205 0.01 0.13)
(0.21 0.01 0.13)
(0.215 0.01 0.13)
(0.22 0.01 0.13)
(0.225 0.01 0.13)
(0.23 0.01 0.13)
(0.235 0.01 0.13)
(0.24 0.01 0.13)
(0.245 0.01 0.13)
(0.25 0.01 0.13)
(0.255 0.01 0.13)
(0.26 0.01 0.13)
(0.265 0.01 0.13)
(0.27 0.01 0.13)
(0.275 0.01 0.13)
(0.28 0.01 0.13)
(0.285 0.01 0.13)
(0.29 0.01 0.13)
(0.295 0.01 0.13)
(0.3 0.01 0.13)
(0 0 0.135)
(0.005 0 0.135)
(0.01 0 0.135)
(0.015 0 0.135)
(0.02 0 0.135)
(0.025 0 0.135)
(0.03 0 0.135)
(0.035 0 0.135)
(0.04 0 0.135)
(0.045 0 0.135)
(0.05 0 0.135)
(0.055 0 0.135)
(0.06 0 0.135)
(0.065 0 0.135)
(0.07 0 0.135)
(0.075 0 0.135)
(0.08 0 0.135)
(0.085 0 0.135)
(0.09 0 0.135)
(0.095 0 0.135)
(0.1 0 0.135)
(0.105 0 0.135)
(0.11 0 0.135)
(0.115 0 0.135)
(0.12 0 0.135)
(0.125 0 0.135)
(0.13 0 0.135)
(0.135 0 0.135)
(0.14 0 0.135)
(0.145 0 0.135)
(0.15 0 0.135)
(0.155 0 0.135)
(0.16 0 0.135)
(0.165 0 0.135)
(0.17 0 0.135)
(0.175 0 0.135)
(0.18 0 0.135)
(0.185 0 0.135)
(0.19 0 0.135)
(0.195 0 0.135)
(0.2 0 0.135)
(0.205 0 0.135)
(0.21 0 0.135)
(0.215 0 0.135)
(0.22 0 0.135)
(0.225 0 0.135)
(0.23 0 0.135)
(0.235 0 0.135)
(0.24 0 0.135)
(0.245 0 0.135)
(0.25 0 0.135)
(0.255 0 0.135)
(0.26 0 0.135)
(0.265 0 0.135)
(0.27 0 0.135)
(0.275 0 0.135)
(0.28 0 0.135)
(0.285 0 0.135)
(0.29 0 0.135)
(0.295 0 0.135)
(0.3 0 0.135)
(0 0.005 0.135)
(0.005 0.005 0.135)
(0.01 0.005 0.135)
(0.015 0.005 0.135)
(0.02 0.005 0.135)
(0.025 0.005 0.135)
(0.03 0.005 0.135)
(0.035 0.005 0.135)
(0.04 0.005 0.135)
(0.045 0.005 0.135)
(0.05 0.005 0.135)
(0.055 0.005 0.135)
(0.06 0.005 0.135)
(0.065 0.005 0.135)
(0.07 0.005 0.135)
(0.075 0.005 0.135)
(0.08 0.005 0.135)
(0.085 0.005 0.135)
(0.09 0.005 0.135)
(0.095 0.005 0.135)
(0.1 0.005 0.135)
(0.105 0.005 0.135)
(0.11 0.005 0.135)
(0.115 0.005 0.135)
(0.12 0.005 0.135)
(0.125 0.005 0.135)
(0.13 0.005 0.135)
(0.135 0.005 0.135)
(0.14 0.005 0.135)
(0.145 0.005 0.135)
(0.15 0.005 0.135)
(0.155 0.005 0.135)
(0.16 0.005 0.135)
(0.165 0.005 0.135)
(0.17 0.005 0.135)
(0.175 0.005 0.135)
(0.18 0.005 0.135)
(0.185 0.005 0.135)
(0.19 0.005 0.135)
(0.195 0.005 0.135)
(0.2 0.005 0.135)
(0.205 0.005 0.135)
(0.21 0.005 0.135)
(0.215 0.005 0.135)
(0.22 0.005 0.135)
(0.225 0.005 0.135)
(0.23 0.005 0.135)
(0.235 0.005 0.135)
(0.24 0.005 0.135)
(0.245 0.005 0.135)
(0.25 0.005 0.135)
(0.255 0.005 0.135)
(0.26 0.005 0.135)
(0.265 0.005 0.135)
(0.27 0.005 0.135)
(0.275 0.005 0.135)
(0.28 0.005 0.135)
(0.285 0.005 0.135)
(0.29 0.005 0.135)
(0.295 0.005 0.135)
(0.3 0.005 0.135)
(0 0.01 0.135)
(0.005 0.01 0.135)
(0.01 0.01 0.135)
(0.015 0.01 0.135)
(0.02 0.01 0.135)
(0.025 0.01 0.135)
(0.03 0.01 0.135)
(0.035 0.01 0.135)
(0.04 0.01 0.135)
(0.045 0.01 0.135)
(0.05 0.01 0.135)
(0.055 0.01 0.135)
(0.06 0.01 0.135)
(0.065 0.01 0.135)
(0.07 0.01 0.135)
(0.075 0.01 0.135)
(0.08 0.01 0.135)
(0.085 0.01 0.135)
(0.09 0.01 0.135)
(0.095 0.01 0.135)
(0.1 0.01 0.135)
(0.105 0.01 0.135)
(0.11 0.01 0.135)
(0.115 0.01 0.135)
(0.12 0.01 0.135)
(0.125 0.01 0.135)
(0.13 0.01 0.135)
(0.135 0.01 0.135)
(0.14 0.01 0.135)
(0.145 0.01 0.135)
(0.15 0.01 0.135)
(0.155 0.01 0.135)
(0.16 0.01 0.135)
(0.165 0.01 0.135)
(0.17 0.01 0.135)
(0.175 0.01 0.135)
(0.18 0.01 0.135)
(0.185 0.01 0.135)
(0.19 0.01 0.135)
(0.195 0.01 0.135)
(0.2 0.01 0.135)
(0.205 0.01 0.135)
(0.21 0.01 0.135)
(0.215 0.01 0.135)
(0.22 0.01 0.135)
(0.225 0.01 0.135)
(0.23 0.01 0.135)
(0.235 0.01 0.135)
(0.24 0.01 0.135)
(0.245 0.01 0.135)
(0.25 0.01 0.135)
(0.255 0.01 0.135)
(0.26 0.01 0.135)
(0.265 0.01 0.135)
(0.27 0.01 0.135)
(0.275 0.01 0.135)
(0.28 0.01 0.135)
(0.285 0.01 0.135)
(0.29 0.01 0.135)
(0.295 0.01 0.135)
(0.3 0.01 0.135)
(0 0 0.14)
(0.005 0 0.14)
(0.01 0 0.14)
(0.015 0 0.14)
(0.02 0 0.14)
(0.025 0 0.14)
(0.03 0 0.14)
(0.035 0 0.14)
(0.04 0 0.14)
(0.045 0 0.14)
(0.05 0 0.14)
(0.055 0 0.14)
(0.06 0 0.14)
(0.065 0 0.14)
(0.07 0 0.14)
(0.075 0 0.14)
(0.08 0 0.14)
(0.085 0 0.14)
(0.09 0 0.14)
(0.095 0 0.14)
(0.1 0 0.14)
(0.105 0 0.14)
(0.11 0 0.14)
(0.115 0 0.14)
(0.12 0 0.14)
(0.125 0 0.14)
(0.13 0 0.14)
(0.135 0 0.14)
(0.14 0 0.14)
(0.145 0 0.14)
(0.15 0 0.14)
(0.155 0 0.14)
(0.16 0 0.14)
(0.165 0 0.14)
(0.17 0 0.14)
(0.175 0 0.14)
(0.18 0 0.14)
(0.185 0 0.14)
(0.19 0 0.14)
(0.195 0 0.14)
(0.2 0 0.14)
(0.205 0 0.14)
(0.21 0 0.14)
(0.215 0 0.14)
(0.22 0 0.14)
(0.225 0 0.14)
(0.23 0 0.14)
(0.235 0 0.14)
(0.24 0 0.14)
(0.245 0 0.14)
(0.25 0 0.14)
(0.255 0 0.14)
(0.26 0 0.14)
(0.265 0 0.14)
(0.27 0 0.14)
(0.275 0 0.14)
(0.28 0 0.14)
(0.285 0 0.14)
(0.29 0 0.14)
(0.295 0 0.14)
(0.3 0 0.14)
(0 0.005 0.14)
(0.005 0.005 0.14)
(0.01 0.005 0.14)
(0.015 0.005 0.14)
(0.02 0.005 0.14)
(0.025 0.005 0.14)
(0.03 0.005 0.14)
(0.035 0.005 0.14)
(0.04 0.005 0.14)
(0.045 0.005 0.14)
(0.05 0.005 0.14)
(0.055 0.005 0.14)
(0.06 0.005 0.14)
(0.065 0.005 0.14)
(0.07 0.005 0.14)
(0.075 0.005 0.14)
(0.08 0.005 0.14)
(0.085 0.005 0.14)
(0.09 0.005 0.14)
(0.095 0.005 0.14)
(0.1 0.005 0.14)
(0.105 0.005 0.14)
(0.11 0.005 0.14)
(0.115 0.005 0.14)
(0.12 0.005 0.14)
(0.125 0.005 0.14)
(0.13 0.005 0.14)
(0.135 0.005 0.14)
(0.14 0.005 0.14)
(0.145 0.005 0.14)
(0.15 0.005 0.14)
(0.155 0.005 0.14)
(0.16 0.005 0.14)
(0.165 0.005 0.14)
(0.17 0.005 0.14)
(0.175 0.005 0.14)
(0.18 0.005 0.14)
(0.185 0.005 0.14)
(0.19 0.005 0.14)
(0.195 0.005 0.14)
(0.2 0.005 0.14)
(0.205 0.005 0.14)
(0.21 0.005 0.14)
(0.215 0.005 0.14)
(0.22 0.005 0.14)
(0.225 0.005 0.14)
(0.23 0.005 0.14)
(0.235 0.005 0.14)
(0.24 0.005 0.14)
(0.245 0.005 0.14)
(0.25 0.005 0.14)
(0.255 0.005 0.14)
(0.26 0.005 0.14)
(0.265 0.005 0.14)
(0.27 0.005 0.14)
(0.275 0.005 0.14)
(0.28 0.005 0.14)
(0.285 0.005 0.14)
(0.29 0.005 0.14)
(0.295 0.005 0.14)
(0.3 0.005 0.14)
(0 0.01 0.14)
(0.005 0.01 0.14)
(0.01 0.01 0.14)
(0.015 0.01 0.14)
(0.02 0.01 0.14)
(0.025 0.01 0.14)
(0.03 0.01 0.14)
(0.035 0.01 0.14)
(0.04 0.01 0.14)
(0.045 0.01 0.14)
(0.05 0.01 0.14)
(0.055 0.01 0.14)
(0.06 0.01 0.14)
(0.065 0.01 0.14)
(0.07 0.01 0.14)
(0.075 0.01 0.14)
(0.08 0.01 0.14)
(0.085 0.01 0.14)
(0.09 0.01 0.14)
(0.095 0.01 0.14)
(0.1 0.01 0.14)
(0.105 0.01 0.14)
(0.11 0.01 0.14)
(0.115 0.01 0.14)
(0.12 0.01 0.14)
(0.125 0.01 0.14)
(0.13 0.01 0.14)
(0.135 0.01 0.14)
(0.14 0.01 0.14)
(0.145 0.01 0.14)
(0.15 0.01 0.14)
(0.155 0.01 0.14)
(0.16 0.01 0.14)
(0.165 0.01 0.14)
(0.17 0.01 0.14)
(0.175 0.01 0.14)
(0.18 0.01 0.14)
(0.185 0.01 0.14)
(0.19 0.01 0.14)
(0.195 0.01 0.14)
(0.2 0.01 0.14)
(0.205 0.01 0.14)
(0.21 0.01 0.14)
(0.215 0.01 0.14)
(0.22 0.01 0.14)
(0.225 0.01 0.14)
(0.23 0.01 0.14)
(0.235 0.01 0.14)
(0.24 0.01 0.14)
(0.245 0.01 0.14)
(0.25 0.01 0.14)
(0.255 0.01 0.14)
(0.26 0.01 0.14)
(0.265 0.01 0.14)
(0.27 0.01 0.14)
(0.275 0.01 0.14)
(0.28 0.01 0.14)
(0.285 0.01 0.14)
(0.29 0.01 0.14)
(0.295 0.01 0.14)
(0.3 0.01 0.14)
(0 0 0.145)
(0.005 0 0.145)
(0.01 0 0.145)
(0.015 0 0.145)
(0.02 0 0.145)
(0.025 0 0.145)
(0.03 0 0.145)
(0.035 0 0.145)
(0.04 0 0.145)
(0.045 0 0.145)
(0.05 0 0.145)
(0.055 0 0.145)
(0.06 0 0.145)
(0.065 0 0.145)
(0.07 0 0.145)
(0.075 0 0.145)
(0.08 0 0.145)
(0.085 0 0.145)
(0.09 0 0.145)
(0.095 0 0.145)
(0.1 0 0.145)
(0.105 0 0.145)
(0.11 0 0.145)
(0.115 0 0.145)
(0.12 0 0.145)
(0.125 0 0.145)
(0.13 0 0.145)
(0.135 0 0.145)
(0.14 0 0.145)
(0.145 0 0.145)
(0.15 0 0.145)
(0.155 0 0.145)
(0.16 0 0.145)
(0.165 0 0.145)
(0.17 0 0.145)
(0.175 0 0.145)
(0.18 0 0.145)
(0.185 0 0.145)
(0.19 0 0.145)
(0.195 0 0.145)
(0.2 0 0.145)
(0.205 0 0.145)
(0.21 0 0.145)
(0.215 0 0.145)
(0.22 0 0.145)
(0.225 0 0.145)
(0.23 0 0.145)
(0.235 0 0.145)
(0.24 0 0.145)
(0.245 0 0.145)
(0.25 0 0.145)
(0.255 0 0.145)
(0.26 0 0.145)
(0.265 0 0.145)
(0.27 0 0.145)
(0.275 0 0.145)
(0.28 0 0.145)
(0.285 0 0.145)
(0.29 0 0.145)
(0.295 0 0.145)
(0.3 0 0.145)
(0 0.005 0.145)
(0.005 0.005 0.145)
(0.01 0.005 0.145)
(0.015 0.005 0.145)
(0.02 0.005 0.145)
(0.025 0.005 0.145)
(0.03 0.005 0.145)
(0.035 0.005 0.145)
(0.04 0.005 0.145)
(0.045 0.005 0.145)
(0.05 0.005 0.145)
(0.055 0.005 0.145)
(0.06 0.005 0.145)
(0.065 0.005 0.145)
(0.07 0.005 0.145)
(0.075 0.005 0.145)
(0.08 0.005 0.145)
(0.085 0.005 0.145)
(0.09 0.005 0.145)
(0.095 0.005 0.145)
(0.1 0.005 0.145)
(0.105 0.005 0.145)
(0.11 0.005 0.145)
(0.115 0.005 0.145)
(0.12 0.005 0.145)
(0.125 0.005 0.145)
(0.13 0.005 0.145)
(0.135 0.005 0.145)
(0.14 0.005 0.145)
(0.145 0.005 0.145)
(0.15 0.005 0.145)
(0.155 0.005 0.145)
(0.16 0.005 0.145)
(0.165 0.005 0.145)
(0.17 0.005 0.145)
(0.175 0.005 0.145)
(0.18 0.005 0.145)
(0.185 0.005 0.145)
(0.19 0.005 0.145)
(0.195 0.005 0.145)
(0.2 0.005 0.145)
(0.205 0.005 0.145)
(0.21 0.005 0.145)
(0.215 0.005 0.145)
(0.22 0.005 0.145)
(0.225 0.005 0.145)
(0.23 0.005 0.145)
(0.235 0.005 0.145)
(0.24 0.005 0.145)
(0.245 0.005 0.145)
(0.25 0.005 0.145)
(0.255 0.005 0.145)
(0.26 0.005 0.145)
(0.265 0.005 0.145)
(0.27 0.005 0.145)
(0.275 0.005 0.145)
(0.28 0.005 0.145)
(0.285 0.005 0.145)
(0.29 0.005 0.145)
(0.295 0.005 0.145)
(0.3 0.005 0.145)
(0 0.01 0.145)
(0.005 0.01 0.145)
(0.01 0.01 0.145)
(0.015 0.01 0.145)
(0.02 0.01 0.145)
(0.025 0.01 0.145)
(0.03 0.01 0.145)
(0.035 0.01 0.145)
(0.04 0.01 0.145)
(0.045 0.01 0.145)
(0.05 0.01 0.145)
(0.055 0.01 0.145)
(0.06 0.01 0.145)
(0.065 0.01 0.145)
(0.07 0.01 0.145)
(0.075 0.01 0.145)
(0.08 0.01 0.145)
(0.085 0.01 0.145)
(0.09 0.01 0.145)
(0.095 0.01 0.145)
(0.1 0.01 0.145)
(0.105 0.01 0.145)
(0.11 0.01 0.145)
(0.115 0.01 0.145)
(0.12 0.01 0.145)
(0.125 0.01 0.145)
(0.13 0.01 0.145)
(0.135 0.01 0.145)
(0.14 0.01 0.145)
(0.145 0.01 0.145)
(0.15 0.01 0.145)
(0.155 0.01 0.145)
(0.16 0.01 0.145)
(0.165 0.01 0.145)
(0.17 0.01 0.145)
(0.175 0.01 0.145)
(0.18 0.01 0.145)
(0.185 0.01 0.145)
(0.19 0.01 0.145)
(0.195 0.01 0.145)
(0.2 0.01 0.145)
(0.205 0.01 0.145)
(0.21 0.01 0.145)
(0.215 0.01 0.145)
(0.22 0.01 0.145)
(0.225 0.01 0.145)
(0.23 0.01 0.145)
(0.235 0.01 0.145)
(0.24 0.01 0.145)
(0.245 0.01 0.145)
(0.25 0.01 0.145)
(0.255 0.01 0.145)
(0.26 0.01 0.145)
(0.265 0.01 0.145)
(0.27 0.01 0.145)
(0.275 0.01 0.145)
(0.28 0.01 0.145)
(0.285 0.01 0.145)
(0.29 0.01 0.145)
(0.295 0.01 0.145)
(0.3 0.01 0.145)
(0 0 0.15)
(0.005 0 0.15)
(0.01 0 0.15)
(0.015 0 0.15)
(0.02 0 0.15)
(0.025 0 0.15)
(0.03 0 0.15)
(0.035 0 0.15)
(0.04 0 0.15)
(0.045 0 0.15)
(0.05 0 0.15)
(0.055 0 0.15)
(0.06 0 0.15)
(0.065 0 0.15)
(0.07 0 0.15)
(0.075 0 0.15)
(0.08 0 0.15)
(0.085 0 0.15)
(0.09 0 0.15)
(0.095 0 0.15)
(0.1 0 0.15)
(0.105 0 0.15)
(0.11 0 0.15)
(0.115 0 0.15)
(0.12 0 0.15)
(0.125 0 0.15)
(0.13 0 0.15)
(0.135 0 0.15)
(0.14 0 0.15)
(0.145 0 0.15)
(0.15 0 0.15)
(0.155 0 0.15)
(0.16 0 0.15)
(0.165 0 0.15)
(0.17 0 0.15)
(0.175 0 0.15)
(0.18 0 0.15)
(0.185 0 0.15)
(0.19 0 0.15)
(0.195 0 0.15)
(0.2 0 0.15)
(0.205 0 0.15)
(0.21 0 0.15)
(0.215 0 0.15)
(0.22 0 0.15)
(0.225 0 0.15)
(0.23 0 0.15)
(0.235 0 0.15)
(0.24 0 0.15)
(0.245 0 0.15)
(0.25 0 0.15)
(0.255 0 0.15)
(0.26 0 0.15)
(0.265 0 0.15)
(0.27 0 0.15)
(0.275 0 0.15)
(0.28 0 0.15)
(0.285 0 0.15)
(0.29 0 0.15)
(0.295 0 0.15)
(0.3 0 0.15)
(0 0.005 0.15)
(0.005 0.005 0.15)
(0.01 0.005 0.15)
(0.015 0.005 0.15)
(0.02 0.005 0.15)
(0.025 0.005 0.15)
(0.03 0.005 0.15)
(0.035 0.005 0.15)
(0.04 0.005 0.15)
(0.045 0.005 0.15)
(0.05 0.005 0.15)
(0.055 0.005 0.15)
(0.06 0.005 0.15)
(0.065 0.005 0.15)
(0.07 0.005 0.15)
(0.075 0.005 0.15)
(0.08 0.005 0.15)
(0.085 0.005 0.15)
(0.09 0.005 0.15)
(0.095 0.005 0.15)
(0.1 0.005 0.15)
(0.105 0.005 0.15)
(0.11 0.005 0.15)
(0.115 0.005 0.15)
(0.12 0.005 0.15)
(0.125 0.005 0.15)
(0.13 0.005 0.15)
(0.135 0.005 0.15)
(0.14 0.005 0.15)
(0.145 0.005 0.15)
(0.15 0.005 0.15)
(0.155 0.005 0.15)
(0.16 0.005 0.15)
(0.165 0.005 0.15)
(0.17 0.005 0.15)
(0.175 0.005 0.15)
(0.18 0.005 0.15)
(0.185 0.005 0.15)
(0.19 0.005 0.15)
(0.195 0.005 0.15)
(0.2 0.005 0.15)
(0.205 0.005 0.15)
(0.21 0.005 0.15)
(0.215 0.005 0.15)
(0.22 0.005 0.15)
(0.225 0.005 0.15)
(0.23 0.005 0.15)
(0.235 0.005 0.15)
(0.24 0.005 0.15)
(0.245 0.005 0.15)
(0.25 0.005 0.15)
(0.255 0.005 0.15)
(0.26 0.005 0.15)
(0.265 0.005 0.15)
(0.27 0.005 0.15)
(0.275 0.005 0.15)
(0.28 0.005 0.15)
(0.285 0.005 0.15)
(0.29 0.005 0.15)
(0.295 0.005 0.15)
(0.3 0.005 0.15)
(0 0.01 0.15)
(0.005 0.01 0.15)
(0.01 0.01 0.15)
(0.015 0.01 0.15)
(0.02 0.01 0.15)
(0.025 0.01 0.15)
(0.03 0.01 0.15)
(0.035 0.01 0.15)
(0.04 0.01 0.15)
(0.045 0.01 0.15)
(0.05 0.01 0.15)
(0.055 0.01 0.15)
(0.06 0.01 0.15)
(0.065 0.01 0.15)
(0.07 0.01 0.15)
(0.075 0.01 0.15)
(0.08 0.01 0.15)
(0.085 0.01 0.15)
(0.09 0.01 0.15)
(0.095 0.01 0.15)
(0.1 0.01 0.15)
(0.105 0.01 0.15)
(0.11 0.01 0.15)
(0.115 0.01 0.15)
(0.12 0.01 0.15)
(0.125 0.01 0.15)
(0.13 0.01 0.15)
(0.135 0.01 0.15)
(0.14 0.01 0.15)
(0.145 0.01 0.15)
(0.15 0.01 0.15)
(0.155 0.01 0.15)
(0.16 0.01 0.15)
(0.165 0.01 0.15)
(0.17 0.01 0.15)
(0.175 0.01 0.15)
(0.18 0.01 0.15)
(0.185 0.01 0.15)
(0.19 0.01 0.15)
(0.195 0.01 0.15)
(0.2 0.01 0.15)
(0.205 0.01 0.15)
(0.21 0.01 0.15)
(0.215 0.01 0.15)
(0.22 0.01 0.15)
(0.225 0.01 0.15)
(0.23 0.01 0.15)
(0.235 0.01 0.15)
(0.24 0.01 0.15)
(0.245 0.01 0.15)
(0.25 0.01 0.15)
(0.255 0.01 0.15)
(0.26 0.01 0.15)
(0.265 0.01 0.15)
(0.27 0.01 0.15)
(0.275 0.01 0.15)
(0.28 0.01 0.15)
(0.285 0.01 0.15)
(0.29 0.01 0.15)
(0.295 0.01 0.15)
(0.3 0.01 0.15)
(0 0 0.155)
(0.005 0 0.155)
(0.01 0 0.155)
(0.015 0 0.155)
(0.02 0 0.155)
(0.025 0 0.155)
(0.03 0 0.155)
(0.035 0 0.155)
(0.04 0 0.155)
(0.045 0 0.155)
(0.05 0 0.155)
(0.055 0 0.155)
(0.06 0 0.155)
(0.065 0 0.155)
(0.07 0 0.155)
(0.075 0 0.155)
(0.08 0 0.155)
(0.085 0 0.155)
(0.09 0 0.155)
(0.095 0 0.155)
(0.1 0 0.155)
(0.105 0 0.155)
(0.11 0 0.155)
(0.115 0 0.155)
(0.12 0 0.155)
(0.125 0 0.155)
(0.13 0 0.155)
(0.135 0 0.155)
(0.14 0 0.155)
(0.145 0 0.155)
(0.15 0 0.155)
(0.155 0 0.155)
(0.16 0 0.155)
(0.165 0 0.155)
(0.17 0 0.155)
(0.175 0 0.155)
(0.18 0 0.155)
(0.185 0 0.155)
(0.19 0 0.155)
(0.195 0 0.155)
(0.2 0 0.155)
(0.205 0 0.155)
(0.21 0 0.155)
(0.215 0 0.155)
(0.22 0 0.155)
(0.225 0 0.155)
(0.23 0 0.155)
(0.235 0 0.155)
(0.24 0 0.155)
(0.245 0 0.155)
(0.25 0 0.155)
(0.255 0 0.155)
(0.26 0 0.155)
(0.265 0 0.155)
(0.27 0 0.155)
(0.275 0 0.155)
(0.28 0 0.155)
(0.285 0 0.155)
(0.29 0 0.155)
(0.295 0 0.155)
(0.3 0 0.155)
(0 0.005 0.155)
(0.005 0.005 0.155)
(0.01 0.005 0.155)
(0.015 0.005 0.155)
(0.02 0.005 0.155)
(0.025 0.005 0.155)
(0.03 0.005 0.155)
(0.035 0.005 0.155)
(0.04 0.005 0.155)
(0.045 0.005 0.155)
(0.05 0.005 0.155)
(0.055 0.005 0.155)
(0.06 0.005 0.155)
(0.065 0.005 0.155)
(0.07 0.005 0.155)
(0.075 0.005 0.155)
(0.08 0.005 0.155)
(0.085 0.005 0.155)
(0.09 0.005 0.155)
(0.095 0.005 0.155)
(0.1 0.005 0.155)
(0.105 0.005 0.155)
(0.11 0.005 0.155)
(0.115 0.005 0.155)
(0.12 0.005 0.155)
(0.125 0.005 0.155)
(0.13 0.005 0.155)
(0.135 0.005 0.155)
(0.14 0.005 0.155)
(0.145 0.005 0.155)
(0.15 0.005 0.155)
(0.155 0.005 0.155)
(0.16 0.005 0.155)
(0.165 0.005 0.155)
(0.17 0.005 0.155)
(0.175 0.005 0.155)
(0.18 0.005 0.155)
(0.185 0.005 0.155)
(0.19 0.005 0.155)
(0.195 0.005 0.155)
(0.2 0.005 0.155)
(0.205 0.005 0.155)
(0.21 0.005 0.155)
(0.215 0.005 0.155)
(0.22 0.005 0.155)
(0.225 0.005 0.155)
(0.23 0.005 0.155)
(0.235 0.005 0.155)
(0.24 0.005 0.155)
(0.245 0.005 0.155)
(0.25 0.005 0.155)
(0.255 0.005 0.155)
(0.26 0.005 0.155)
(0.265 0.005 0.155)
(0.27 0.005 0.155)
(0.275 0.005 0.155)
(0.28 0.005 0.155)
(0.285 0.005 0.155)
(0.29 0.005 0.155)
(0.295 0.005 0.155)
(0.3 0.005 0.155)
(0 0.01 0.155)
(0.005 0.01 0.155)
(0.01 0.01 0.155)
(0.015 0.01 0.155)
(0.02 0.01 0.155)
(0.025 0.01 0.155)
(0.03 0.01 0.155)
(0.035 0.01 0.155)
(0.04 0.01 0.155)
(0.045 0.01 0.155)
(0.05 0.01 0.155)
(0.055 0.01 0.155)
(0.06 0.01 0.155)
(0.065 0.01 0.155)
(0.07 0.01 0.155)
(0.075 0.01 0.155)
(0.08 0.01 0.155)
(0.085 0.01 0.155)
(0.09 0.01 0.155)
(0.095 0.01 0.155)
(0.1 0.01 0.155)
(0.105 0.01 0.155)
(0.11 0.01 0.155)
(0.115 0.01 0.155)
(0.12 0.01 0.155)
(0.125 0.01 0.155)
(0.13 0.01 0.155)
(0.135 0.01 0.155)
(0.14 0.01 0.155)
(0.145 0.01 0.155)
(0.15 0.01 0.155)
(0.155 0.01 0.155)
(0.16 0.01 0.155)
(0.165 0.01 0.155)
(0.17 0.01 0.155)
(0.175 0.01 0.155)
(0.18 0.01 0.155)
(0.185 0.01 0.155)
(0.19 0.01 0.155)
(0.195 0.01 0.155)
(0.2 0.01 0.155)
(0.205 0.01 0.155)
(0.21 0.01 0.155)
(0.215 0.01 0.155)
(0.22 0.01 0.155)
(0.225 0.01 0.155)
(0.23 0.01 0.155)
(0.235 0.01 0.155)
(0.24 0.01 0.155)
(0.245 0.01 0.155)
(0.25 0.01 0.155)
(0.255 0.01 0.155)
(0.26 0.01 0.155)
(0.265 0.01 0.155)
(0.27 0.01 0.155)
(0.275 0.01 0.155)
(0.28 0.01 0.155)
(0.285 0.01 0.155)
(0.29 0.01 0.155)
(0.295 0.01 0.155)
(0.3 0.01 0.155)
(0 0 0.16)
(0.005 0 0.16)
(0.01 0 0.16)
(0.015 0 0.16)
(0.02 0 0.16)
(0.025 0 0.16)
(0.03 0 0.16)
(0.035 0 0.16)
(0.04 0 0.16)
(0.045 0 0.16)
(0.05 0 0.16)
(0.055 0 0.16)
(0.06 0 0.16)
(0.065 0 0.16)
(0.07 0 0.16)
(0.075 0 0.16)
(0.08 0 0.16)
(0.085 0 0.16)
(0.09 0 0.16)
(0.095 0 0.16)
(0.1 0 0.16)
(0.105 0 0.16)
(0.11 0 0.16)
(0.115 0 0.16)
(0.12 0 0.16)
(0.125 0 0.16)
(0.13 0 0.16)
(0.135 0 0.16)
(0.14 0 0.16)
(0.145 0 0.16)
(0.15 0 0.16)
(0.155 0 0.16)
(0.16 0 0.16)
(0.165 0 0.16)
(0.17 0 0.16)
(0.175 0 0.16)
(0.18 0 0.16)
(0.185 0 0.16)
(0.19 0 0.16)
(0.195 0 0.16)
(0.2 0 0.16)
(0.205 0 0.16)
(0.21 0 0.16)
(0.215 0 0.16)
(0.22 0 0.16)
(0.225 0 0.16)
(0.23 0 0.16)
(0.235 0 0.16)
(0.24 0 0.16)
(0.245 0 0.16)
(0.25 0 0.16)
(0.255 0 0.16)
(0.26 0 0.16)
(0.265 0 0.16)
(0.27 0 0.16)
(0.275 0 0.16)
(0.28 0 0.16)
(0.285 0 0.16)
(0.29 0 0.16)
(0.295 0 0.16)
(0.3 0 0.16)
(0 0.005 0.16)
(0.005 0.005 0.16)
(0.01 0.005 0.16)
(0.015 0.005 0.16)
(0.02 0.005 0.16)
(0.025 0.005 0.16)
(0.03 0.005 0.16)
(0.035 0.005 0.16)
(0.04 0.005 0.16)
(0.045 0.005 0.16)
(0.05 0.005 0.16)
(0.055 0.005 0.16)
(0.06 0.005 0.16)
(0.065 0.005 0.16)
(0.07 0.005 0.16)
(0.075 0.005 0.16)
(0.08 0.005 0.16)
(0.085 0.005 0.16)
(0.09 0.005 0.16)
(0.095 0.005 0.16)
(0.1 0.005 0.16)
(0.105 0.005 0.16)
(0.11 0.005 0.16)
(0.115 0.005 0.16)
(0.12 0.005 0.16)
(0.125 0.005 0.16)
(0.13 0.005 0.16)
(0.135 0.005 0.16)
(0.14 0.005 0.16)
(0.145 0.005 0.16)
(0.15 0.005 0.16)
(0.155 0.005 0.16)
(0.16 0.005 0.16)
(0.165 0.005 0.16)
(0.17 0.005 0.16)
(0.175 0.005 0.16)
(0.18 0.005 0.16)
(0.185 0.005 0.16)
(0.19 0.005 0.16)
(0.195 0.005 0.16)
(0.2 0.005 0.16)
(0.205 0.005 0.16)
(0.21 0.005 0.16)
(0.215 0.005 0.16)
(0.22 0.005 0.16)
(0.225 0.005 0.16)
(0.23 0.005 0.16)
(0.235 0.005 0.16)
(0.24 0.005 0.16)
(0.245 0.005 0.16)
(0.25 0.005 0.16)
(0.255 0.005 0.16)
(0.26 0.005 0.16)
(0.265 0.005 0.16)
(0.27 0.005 0.16)
(0.275 0.005 0.16)
(0.28 0.005 0.16)
(0.285 0.005 0.16)
(0.29 0.005 0.16)
(0.295 0.005 0.16)
(0.3 0.005 0.16)
(0 0.01 0.16)
(0.005 0.01 0.16)
(0.01 0.01 0.16)
(0.015 0.01 0.16)
(0.02 0.01 0.16)
(0.025 0.01 0.16)
(0.03 0.01 0.16)
(0.035 0.01 0.16)
(0.04 0.01 0.16)
(0.045 0.01 0.16)
(0.05 0.01 0.16)
(0.055 0.01 0.16)
(0.06 0.01 0.16)
(0.065 0.01 0.16)
(0.07 0.01 0.16)
(0.075 0.01 0.16)
(0.08 0.01 0.16)
(0.085 0.01 0.16)
(0.09 0.01 0.16)
(0.095 0.01 0.16)
(0.1 0.01 0.16)
(0.105 0.01 0.16)
(0.11 0.01 0.16)
(0.115 0.01 0.16)
(0.12 0.01 0.16)
(0.125 0.01 0.16)
(0.13 0.01 0.16)
(0.135 0.01 0.16)
(0.14 0.01 0.16)
(0.145 0.01 0.16)
(0.15 0.01 0.16)
(0.155 0.01 0.16)
(0.16 0.01 0.16)
(0.165 0.01 0.16)
(0.17 0.01 0.16)
(0.175 0.01 0.16)
(0.18 0.01 0.16)
(0.185 0.01 0.16)
(0.19 0.01 0.16)
(0.195 0.01 0.16)
(0.2 0.01 0.16)
(0.205 0.01 0.16)
(0.21 0.01 0.16)
(0.215 0.01 0.16)
(0.22 0.01 0.16)
(0.225 0.01 0.16)
(0.23 0.01 0.16)
(0.235 0.01 0.16)
(0.24 0.01 0.16)
(0.245 0.01 0.16)
(0.25 0.01 0.16)
(0.255 0.01 0.16)
(0.26 0.01 0.16)
(0.265 0.01 0.16)
(0.27 0.01 0.16)
(0.275 0.01 0.16)
(0.28 0.01 0.16)
(0.285 0.01 0.16)
(0.29 0.01 0.16)
(0.295 0.01 0.16)
(0.3 0.01 0.16)
(0 0 0.165)
(0.005 0 0.165)
(0.01 0 0.165)
(0.015 0 0.165)
(0.02 0 0.165)
(0.025 0 0.165)
(0.03 0 0.165)
(0.035 0 0.165)
(0.04 0 0.165)
(0.045 0 0.165)
(0.05 0 0.165)
(0.055 0 0.165)
(0.06 0 0.165)
(0.065 0 0.165)
(0.07 0 0.165)
(0.075 0 0.165)
(0.08 0 0.165)
(0.085 0 0.165)
(0.09 0 0.165)
(0.095 0 0.165)
(0.1 0 0.165)
(0.105 0 0.165)
(0.11 0 0.165)
(0.115 0 0.165)
(0.12 0 0.165)
(0.125 0 0.165)
(0.13 0 0.165)
(0.135 0 0.165)
(0.14 0 0.165)
(0.145 0 0.165)
(0.15 0 0.165)
(0.155 0 0.165)
(0.16 0 0.165)
(0.165 0 0.165)
(0.17 0 0.165)
(0.175 0 0.165)
(0.18 0 0.165)
(0.185 0 0.165)
(0.19 0 0.165)
(0.195 0 0.165)
(0.2 0 0.165)
(0.205 0 0.165)
(0.21 0 0.165)
(0.215 0 0.165)
(0.22 0 0.165)
(0.225 0 0.165)
(0.23 0 0.165)
(0.235 0 0.165)
(0.24 0 0.165)
(0.245 0 0.165)
(0.25 0 0.165)
(0.255 0 0.165)
(0.26 0 0.165)
(0.265 0 0.165)
(0.27 0 0.165)
(0.275 0 0.165)
(0.28 0 0.165)
(0.285 0 0.165)
(0.29 0 0.165)
(0.295 0 0.165)
(0.3 0 0.165)
(0 0.005 0.165)
(0.005 0.005 0.165)
(0.01 0.005 0.165)
(0.015 0.005 0.165)
(0.02 0.005 0.165)
(0.025 0.005 0.165)
(0.03 0.005 0.165)
(0.035 0.005 0.165)
(0.04 0.005 0.165)
(0.045 0.005 0.165)
(0.05 0.005 0.165)
(0.055 0.005 0.165)
(0.06 0.005 0.165)
(0.065 0.005 0.165)
(0.07 0.005 0.165)
(0.075 0.005 0.165)
(0.08 0.005 0.165)
(0.085 0.005 0.165)
(0.09 0.005 0.165)
(0.095 0.005 0.165)
(0.1 0.005 0.165)
(0.105 0.005 0.165)
(0.11 0.005 0.165)
(0.115 0.005 0.165)
(0.12 0.005 0.165)
(0.125 0.005 0.165)
(0.13 0.005 0.165)
(0.135 0.005 0.165)
(0.14 0.005 0.165)
(0.145 0.005 0.165)
(0.15 0.005 0.165)
(0.155 0.005 0.165)
(0.16 0.005 0.165)
(0.165 0.005 0.165)
(0.17 0.005 0.165)
(0.175 0.005 0.165)
(0.18 0.005 0.165)
(0.185 0.005 0.165)
(0.19 0.005 0.165)
(0.195 0.005 0.165)
(0.2 0.005 0.165)
(0.205 0.005 0.165)
(0.21 0.005 0.165)
(0.215 0.005 0.165)
(0.22 0.005 0.165)
(0.225 0.005 0.165)
(0.23 0.005 0.165)
(0.235 0.005 0.165)
(0.24 0.005 0.165)
(0.245 0.005 0.165)
(0.25 0.005 0.165)
(0.255 0.005 0.165)
(0.26 0.005 0.165)
(0.265 0.005 0.165)
(0.27 0.005 0.165)
(0.275 0.005 0.165)
(0.28 0.005 0.165)
(0.285 0.005 0.165)
(0.29 0.005 0.165)
(0.295 0.005 0.165)
(0.3 0.005 0.165)
(0 0.01 0.165)
(0.005 0.01 0.165)
(0.01 0.01 0.165)
(0.015 0.01 0.165)
(0.02 0.01 0.165)
(0.025 0.01 0.165)
(0.03 0.01 0.165)
(0.035 0.01 0.165)
(0.04 0.01 0.165)
(0.045 0.01 0.165)
(0.05 0.01 0.165)
(0.055 0.01 0.165)
(0.06 0.01 0.165)
(0.065 0.01 0.165)
(0.07 0.01 0.165)
(0.075 0.01 0.165)
(0.08 0.01 0.165)
(0.085 0.01 0.165)
(0.09 0.01 0.165)
(0.095 0.01 0.165)
(0.1 0.01 0.165)
(0.105 0.01 0.165)
(0.11 0.01 0.165)
(0.115 0.01 0.165)
(0.12 0.01 0.165)
(0.125 0.01 0.165)
(0.13 0.01 0.165)
(0.135 0.01 0.165)
(0.14 0.01 0.165)
(0.145 0.01 0.165)
(0.15 0.01 0.165)
(0.155 0.01 0.165)
(0.16 0.01 0.165)
(0.165 0.01 0.165)
(0.17 0.01 0.165)
(0.175 0.01 0.165)
(0.18 0.01 0.165)
(0.185 0.01 0.165)
(0.19 0.01 0.165)
(0.195 0.01 0.165)
(0.2 0.01 0.165)
(0.205 0.01 0.165)
(0.21 0.01 0.165)
(0.215 0.01 0.165)
(0.22 0.01 0.165)
(0.225 0.01 0.165)
(0.23 0.01 0.165)
(0.235 0.01 0.165)
(0.24 0.01 0.165)
(0.245 0.01 0.165)
(0.25 0.01 0.165)
(0.255 0.01 0.165)
(0.26 0.01 0.165)
(0.265 0.01 0.165)
(0.27 0.01 0.165)
(0.275 0.01 0.165)
(0.28 0.01 0.165)
(0.285 0.01 0.165)
(0.29 0.01 0.165)
(0.295 0.01 0.165)
(0.3 0.01 0.165)
(0 0 0.17)
(0.005 0 0.17)
(0.01 0 0.17)
(0.015 0 0.17)
(0.02 0 0.17)
(0.025 0 0.17)
(0.03 0 0.17)
(0.035 0 0.17)
(0.04 0 0.17)
(0.045 0 0.17)
(0.05 0 0.17)
(0.055 0 0.17)
(0.06 0 0.17)
(0.065 0 0.17)
(0.07 0 0.17)
(0.075 0 0.17)
(0.08 0 0.17)
(0.085 0 0.17)
(0.09 0 0.17)
(0.095 0 0.17)
(0.1 0 0.17)
(0.105 0 0.17)
(0.11 0 0.17)
(0.115 0 0.17)
(0.12 0 0.17)
(0.125 0 0.17)
(0.13 0 0.17)
(0.135 0 0.17)
(0.14 0 0.17)
(0.145 0 0.17)
(0.15 0 0.17)
(0.155 0 0.17)
(0.16 0 0.17)
(0.165 0 0.17)
(0.17 0 0.17)
(0.175 0 0.17)
(0.18 0 0.17)
(0.185 0 0.17)
(0.19 0 0.17)
(0.195 0 0.17)
(0.2 0 0.17)
(0.205 0 0.17)
(0.21 0 0.17)
(0.215 0 0.17)
(0.22 0 0.17)
(0.225 0 0.17)
(0.23 0 0.17)
(0.235 0 0.17)
(0.24 0 0.17)
(0.245 0 0.17)
(0.25 0 0.17)
(0.255 0 0.17)
(0.26 0 0.17)
(0.265 0 0.17)
(0.27 0 0.17)
(0.275 0 0.17)
(0.28 0 0.17)
(0.285 0 0.17)
(0.29 0 0.17)
(0.295 0 0.17)
(0.3 0 0.17)
(0 0.005 0.17)
(0.005 0.005 0.17)
(0.01 0.005 0.17)
(0.015 0.005 0.17)
(0.02 0.005 0.17)
(0.025 0.005 0.17)
(0.03 0.005 0.17)
(0.035 0.005 0.17)
(0.04 0.005 0.17)
(0.045 0.005 0.17)
(0.05 0.005 0.17)
(0.055 0.005 0.17)
(0.06 0.005 0.17)
(0.065 0.005 0.17)
(0.07 0.005 0.17)
(0.075 0.005 0.17)
(0.08 0.005 0.17)
(0.085 0.005 0.17)
(0.09 0.005 0.17)
(0.095 0.005 0.17)
(0.1 0.005 0.17)
(0.105 0.005 0.17)
(0.11 0.005 0.17)
(0.115 0.005 0.17)
(0.12 0.005 0.17)
(0.125 0.005 0.17)
(0.13 0.005 0.17)
(0.135 0.005 0.17)
(0.14 0.005 0.17)
(0.145 0.005 0.17)
(0.15 0.005 0.17)
(0.155 0.005 0.17)
(0.16 0.005 0.17)
(0.165 0.005 0.17)
(0.17 0.005 0.17)
(0.175 0.005 0.17)
(0.18 0.005 0.17)
(0.185 0.005 0.17)
(0.19 0.005 0.17)
(0.195 0.005 0.17)
(0.2 0.005 0.17)
(0.205 0.005 0.17)
(0.21 0.005 0.17)
(0.215 0.005 0.17)
(0.22 0.005 0.17)
(0.225 0.005 0.17)
(0.23 0.005 0.17)
(0.235 0.005 0.17)
(0.24 0.005 0.17)
(0.245 0.005 0.17)
(0.25 0.005 0.17)
(0.255 0.005 0.17)
(0.26 0.005 0.17)
(0.265 0.005 0.17)
(0.27 0.005 0.17)
(0.275 0.005 0.17)
(0.28 0.005 0.17)
(0.285 0.005 0.17)
(0.29 0.005 0.17)
(0.295 0.005 0.17)
(0.3 0.005 0.17)
(0 0.01 0.17)
(0.005 0.01 0.17)
(0.01 0.01 0.17)
(0.015 0.01 0.17)
(0.02 0.01 0.17)
(0.025 0.01 0.17)
(0.03 0.01 0.17)
(0.035 0.01 0.17)
(0.04 0.01 0.17)
(0.045 0.01 0.17)
(0.05 0.01 0.17)
(0.055 0.01 0.17)
(0.06 0.01 0.17)
(0.065 0.01 0.17)
(0.07 0.01 0.17)
(0.075 0.01 0.17)
(0.08 0.01 0.17)
(0.085 0.01 0.17)
(0.09 0.01 0.17)
(0.095 0.01 0.17)
(0.1 0.01 0.17)
(0.105 0.01 0.17)
(0.11 0.01 0.17)
(0.115 0.01 0.17)
(0.12 0.01 0.17)
(0.125 0.01 0.17)
(0.13 0.01 0.17)
(0.135 0.01 0.17)
(0.14 0.01 0.17)
(0.145 0.01 0.17)
(0.15 0.01 0.17)
(0.155 0.01 0.17)
(0.16 0.01 0.17)
(0.165 0.01 0.17)
(0.17 0.01 0.17)
(0.175 0.01 0.17)
(0.18 0.01 0.17)
(0.185 0.01 0.17)
(0.19 0.01 0.17)
(0.195 0.01 0.17)
(0.2 0.01 0.17)
(0.205 0.01 0.17)
(0.21 0.01 0.17)
(0.215 0.01 0.17)
(0.22 0.01 0.17)
(0.225 0.01 0.17)
(0.23 0.01 0.17)
(0.235 0.01 0.17)
(0.24 0.01 0.17)
(0.245 0.01 0.17)
(0.25 0.01 0.17)
(0.255 0.01 0.17)
(0.26 0.01 0.17)
(0.265 0.01 0.17)
(0.27 0.01 0.17)
(0.275 0.01 0.17)
(0.28 0.01 0.17)
(0.285 0.01 0.17)
(0.29 0.01 0.17)
(0.295 0.01 0.17)
(0.3 0.01 0.17)
(0 0 0.175)
(0.005 0 0.175)
(0.01 0 0.175)
(0.015 0 0.175)
(0.02 0 0.175)
(0.025 0 0.175)
(0.03 0 0.175)
(0.035 0 0.175)
(0.04 0 0.175)
(0.045 0 0.175)
(0.05 0 0.175)
(0.055 0 0.175)
(0.06 0 0.175)
(0.065 0 0.175)
(0.07 0 0.175)
(0.075 0 0.175)
(0.08 0 0.175)
(0.085 0 0.175)
(0.09 0 0.175)
(0.095 0 0.175)
(0.1 0 0.175)
(0.105 0 0.175)
(0.11 0 0.175)
(0.115 0 0.175)
(0.12 0 0.175)
(0.125 0 0.175)
(0.13 0 0.175)
(0.135 0 0.175)
(0.14 0 0.175)
(0.145 0 0.175)
(0.15 0 0.175)
(0.155 0 0.175)
(0.16 0 0.175)
(0.165 0 0.175)
(0.17 0 0.175)
(0.175 0 0.175)
(0.18 0 0.175)
(0.185 0 0.175)
(0.19 0 0.175)
(0.195 0 0.175)
(0.2 0 0.175)
(0.205 0 0.175)
(0.21 0 0.175)
(0.215 0 0.175)
(0.22 0 0.175)
(0.225 0 0.175)
(0.23 0 0.175)
(0.235 0 0.175)
(0.24 0 0.175)
(0.245 0 0.175)
(0.25 0 0.175)
(0.255 0 0.175)
(0.26 0 0.175)
(0.265 0 0.175)
(0.27 0 0.175)
(0.275 0 0.175)
(0.28 0 0.175)
(0.285 0 0.175)
(0.29 0 0.175)
(0.295 0 0.175)
(0.3 0 0.175)
(0 0.005 0.175)
(0.005 0.005 0.175)
(0.01 0.005 0.175)
(0.015 0.005 0.175)
(0.02 0.005 0.175)
(0.025 0.005 0.175)
(0.03 0.005 0.175)
(0.035 0.005 0.175)
(0.04 0.005 0.175)
(0.045 0.005 0.175)
(0.05 0.005 0.175)
(0.055 0.005 0.175)
(0.06 0.005 0.175)
(0.065 0.005 0.175)
(0.07 0.005 0.175)
(0.075 0.005 0.175)
(0.08 0.005 0.175)
(0.085 0.005 0.175)
(0.09 0.005 0.175)
(0.095 0.005 0.175)
(0.1 0.005 0.175)
(0.105 0.005 0.175)
(0.11 0.005 0.175)
(0.115 0.005 0.175)
(0.12 0.005 0.175)
(0.125 0.005 0.175)
(0.13 0.005 0.175)
(0.135 0.005 0.175)
(0.14 0.005 0.175)
(0.145 0.005 0.175)
(0.15 0.005 0.175)
(0.155 0.005 0.175)
(0.16 0.005 0.175)
(0.165 0.005 0.175)
(0.17 0.005 0.175)
(0.175 0.005 0.175)
(0.18 0.005 0.175)
(0.185 0.005 0.175)
(0.19 0.005 0.175)
(0.195 0.005 0.175)
(0.2 0.005 0.175)
(0.205 0.005 0.175)
(0.21 0.005 0.175)
(0.215 0.005 0.175)
(0.22 0.005 0.175)
(0.225 0.005 0.175)
(0.23 0.005 0.175)
(0.235 0.005 0.175)
(0.24 0.005 0.175)
(0.245 0.005 0.175)
(0.25 0.005 0.175)
(0.255 0.005 0.175)
(0.26 0.005 0.175)
(0.265 0.005 0.175)
(0.27 0.005 0.175)
(0.275 0.005 0.175)
(0.28 0.005 0.175)
(0.285 0.005 0.175)
(0.29 0.005 0.175)
(0.295 0.005 0.175)
(0.3 0.005 0.175)
(0 0.01 0.175)
(0.005 0.01 0.175)
(0.01 0.01 0.175)
(0.015 0.01 0.175)
(0.02 0.01 0.175)
(0.025 0.01 0.175)
(0.03 0.01 0.175)
(0.035 0.01 0.175)
(0.04 0.01 0.175)
(0.045 0.01 0.175)
(0.05 0.01 0.175)
(0.055 0.01 0.175)
(0.06 0.01 0.175)
(0.065 0.01 0.175)
(0.07 0.01 0.175)
(0.075 0.01 0.175)
(0.08 0.01 0.175)
(0.085 0.01 0.175)
(0.09 0.01 0.175)
(0.095 0.01 0.175)
(0.1 0.01 0.175)
(0.105 0.01 0.175)
(0.11 0.01 0.175)
(0.115 0.01 0.175)
(0.12 0.01 0.175)
(0.125 0.01 0.175)
(0.13 0.01 0.175)
(0.135 0.01 0.175)
(0.14 0.01 0.175)
(0.145 0.01 0.175)
(0.15 0.01 0.175)
(0.155 0.01 0.175)
(0.16 0.01 0.175)
(0.165 0.01 0.175)
(0.17 0.01 0.175)
(0.175 0.01 0.175)
(0.18 0.01 0.175)
(0.185 0.01 0.175)
(0.19 0.01 0.175)
(0.195 0.01 0.175)
(0.2 0.01 0.175)
(0.205 0.01 0.175)
(0.21 0.01 0.175)
(0.215 0.01 0.175)
(0.22 0.01 0.175)
(0.225 0.01 0.175)
(0.23 0.01 0.175)
(0.235 0.01 0.175)
(0.24 0.01 0.175)
(0.245 0.01 0.175)
(0.25 0.01 0.175)
(0.255 0.01 0.175)
(0.26 0.01 0.175)
(0.265 0.01 0.175)
(0.27 0.01 0.175)
(0.275 0.01 0.175)
(0.28 0.01 0.175)
(0.285 0.01 0.175)
(0.29 0.01 0.175)
(0.295 0.01 0.175)
(0.3 0.01 0.175)
(0 0 0.18)
(0.005 0 0.18)
(0.01 0 0.18)
(0.015 0 0.18)
(0.02 0 0.18)
(0.025 0 0.18)
(0.03 0 0.18)
(0.035 0 0.18)
(0.04 0 0.18)
(0.045 0 0.18)
(0.05 0 0.18)
(0.055 0 0.18)
(0.06 0 0.18)
(0.065 0 0.18)
(0.07 0 0.18)
(0.075 0 0.18)
(0.08 0 0.18)
(0.085 0 0.18)
(0.09 0 0.18)
(0.095 0 0.18)
(0.1 0 0.18)
(0.105 0 0.18)
(0.11 0 0.18)
(0.115 0 0.18)
(0.12 0 0.18)
(0.125 0 0.18)
(0.13 0 0.18)
(0.135 0 0.18)
(0.14 0 0.18)
(0.145 0 0.18)
(0.15 0 0.18)
(0.155 0 0.18)
(0.16 0 0.18)
(0.165 0 0.18)
(0.17 0 0.18)
(0.175 0 0.18)
(0.18 0 0.18)
(0.185 0 0.18)
(0.19 0 0.18)
(0.195 0 0.18)
(0.2 0 0.18)
(0.205 0 0.18)
(0.21 0 0.18)
(0.215 0 0.18)
(0.22 0 0.18)
(0.225 0 0.18)
(0.23 0 0.18)
(0.235 0 0.18)
(0.24 0 0.18)
(0.245 0 0.18)
(0.25 0 0.18)
(0.255 0 0.18)
(0.26 0 0.18)
(0.265 0 0.18)
(0.27 0 0.18)
(0.275 0 0.18)
(0.28 0 0.18)
(0.285 0 0.18)
(0.29 0 0.18)
(0.295 0 0.18)
(0.3 0 0.18)
(0 0.005 0.18)
(0.005 0.005 0.18)
(0.01 0.005 0.18)
(0.015 0.005 0.18)
(0.02 0.005 0.18)
(0.025 0.005 0.18)
(0.03 0.005 0.18)
(0.035 0.005 0.18)
(0.04 0.005 0.18)
(0.045 0.005 0.18)
(0.05 0.005 0.18)
(0.055 0.005 0.18)
(0.06 0.005 0.18)
(0.065 0.005 0.18)
(0.07 0.005 0.18)
(0.075 0.005 0.18)
(0.08 0.005 0.18)
(0.085 0.005 0.18)
(0.09 0.005 0.18)
(0.095 0.005 0.18)
(0.1 0.005 0.18)
(0.105 0.005 0.18)
(0.11 0.005 0.18)
(0.115 0.005 0.18)
(0.12 0.005 0.18)
(0.125 0.005 0.18)
(0.13 0.005 0.18)
(0.135 0.005 0.18)
(0.14 0.005 0.18)
(0.145 0.005 0.18)
(0.15 0.005 0.18)
(0.155 0.005 0.18)
(0.16 0.005 0.18)
(0.165 0.005 0.18)
(0.17 0.005 0.18)
(0.175 0.005 0.18)
(0.18 0.005 0.18)
(0.185 0.005 0.18)
(0.19 0.005 0.18)
(0.195 0.005 0.18)
(0.2 0.005 0.18)
(0.205 0.005 0.18)
(0.21 0.005 0.18)
(0.215 0.005 0.18)
(0.22 0.005 0.18)
(0.225 0.005 0.18)
(0.23 0.005 0.18)
(0.235 0.005 0.18)
(0.24 0.005 0.18)
(0.245 0.005 0.18)
(0.25 0.005 0.18)
(0.255 0.005 0.18)
(0.26 0.005 0.18)
(0.265 0.005 0.18)
(0.27 0.005 0.18)
(0.275 0.005 0.18)
(0.28 0.005 0.18)
(0.285 0.005 0.18)
(0.29 0.005 0.18)
(0.295 0.005 0.18)
(0.3 0.005 0.18)
(0 0.01 0.18)
(0.005 0.01 0.18)
(0.01 0.01 0.18)
(0.015 0.01 0.18)
(0.02 0.01 0.18)
(0.025 0.01 0.18)
(0.03 0.01 0.18)
(0.035 0.01 0.18)
(0.04 0.01 0.18)
(0.045 0.01 0.18)
(0.05 0.01 0.18)
(0.055 0.01 0.18)
(0.06 0.01 0.18)
(0.065 0.01 0.18)
(0.07 0.01 0.18)
(0.075 0.01 0.18)
(0.08 0.01 0.18)
(0.085 0.01 0.18)
(0.09 0.01 0.18)
(0.095 0.01 0.18)
(0.1 0.01 0.18)
(0.105 0.01 0.18)
(0.11 0.01 0.18)
(0.115 0.01 0.18)
(0.12 0.01 0.18)
(0.125 0.01 0.18)
(0.13 0.01 0.18)
(0.135 0.01 0.18)
(0.14 0.01 0.18)
(0.145 0.01 0.18)
(0.15 0.01 0.18)
(0.155 0.01 0.18)
(0.16 0.01 0.18)
(0.165 0.01 0.18)
(0.17 0.01 0.18)
(0.175 0.01 0.18)
(0.18 0.01 0.18)
(0.185 0.01 0.18)
(0.19 0.01 0.18)
(0.195 0.01 0.18)
(0.2 0.01 0.18)
(0.205 0.01 0.18)
(0.21 0.01 0.18)
(0.215 0.01 0.18)
(0.22 0.01 0.18)
(0.225 0.01 0.18)
(0.23 0.01 0.18)
(0.235 0.01 0.18)
(0.24 0.01 0.18)
(0.245 0.01 0.18)
(0.25 0.01 0.18)
(0.255 0.01 0.18)
(0.26 0.01 0.18)
(0.265 0.01 0.18)
(0.27 0.01 0.18)
(0.275 0.01 0.18)
(0.28 0.01 0.18)
(0.285 0.01 0.18)
(0.29 0.01 0.18)
(0.295 0.01 0.18)
(0.3 0.01 0.18)
(0 0 0.185)
(0.005 0 0.185)
(0.01 0 0.185)
(0.015 0 0.185)
(0.02 0 0.185)
(0.025 0 0.185)
(0.03 0 0.185)
(0.035 0 0.185)
(0.04 0 0.185)
(0.045 0 0.185)
(0.05 0 0.185)
(0.055 0 0.185)
(0.06 0 0.185)
(0.065 0 0.185)
(0.07 0 0.185)
(0.075 0 0.185)
(0.08 0 0.185)
(0.085 0 0.185)
(0.09 0 0.185)
(0.095 0 0.185)
(0.1 0 0.185)
(0.105 0 0.185)
(0.11 0 0.185)
(0.115 0 0.185)
(0.12 0 0.185)
(0.125 0 0.185)
(0.13 0 0.185)
(0.135 0 0.185)
(0.14 0 0.185)
(0.145 0 0.185)
(0.15 0 0.185)
(0.155 0 0.185)
(0.16 0 0.185)
(0.165 0 0.185)
(0.17 0 0.185)
(0.175 0 0.185)
(0.18 0 0.185)
(0.185 0 0.185)
(0.19 0 0.185)
(0.195 0 0.185)
(0.2 0 0.185)
(0.205 0 0.185)
(0.21 0 0.185)
(0.215 0 0.185)
(0.22 0 0.185)
(0.225 0 0.185)
(0.23 0 0.185)
(0.235 0 0.185)
(0.24 0 0.185)
(0.245 0 0.185)
(0.25 0 0.185)
(0.255 0 0.185)
(0.26 0 0.185)
(0.265 0 0.185)
(0.27 0 0.185)
(0.275 0 0.185)
(0.28 0 0.185)
(0.285 0 0.185)
(0.29 0 0.185)
(0.295 0 0.185)
(0.3 0 0.185)
(0 0.005 0.185)
(0.005 0.005 0.185)
(0.01 0.005 0.185)
(0.015 0.005 0.185)
(0.02 0.005 0.185)
(0.025 0.005 0.185)
(0.03 0.005 0.185)
(0.035 0.005 0.185)
(0.04 0.005 0.185)
(0.045 0.005 0.185)
(0.05 0.005 0.185)
(0.055 0.005 0.185)
(0.06 0.005 0.185)
(0.065 0.005 0.185)
(0.07 0.005 0.185)
(0.075 0.005 0.185)
(0.08 0.005 0.185)
(0.085 0.005 0.185)
(0.09 0.005 0.185)
(0.095 0.005 0.185)
(0.1 0.005 0.185)
(0.105 0.005 0.185)
(0.11 0.005 0.185)
(0.115 0.005 0.185)
(0.12 0.005 0.185)
(0.125 0.005 0.185)
(0.13 0.005 0.185)
(0.135 0.005 0.185)
(0.14 0.005 0.185)
(0.145 0.005 0.185)
(0.15 0.005 0.185)
(0.155 0.005 0.185)
(0.16 0.005 0.185)
(0.165 0.005 0.185)
(0.17 0.005 0.185)
(0.175 0.005 0.185)
(0.18 0.005 0.185)
(0.185 0.005 0.185)
(0.19 0.005 0.185)
(0.195 0.005 0.185)
(0.2 0.005 0.185)
(0.205 0.005 0.185)
(0.21 0.005 0.185)
(0.215 0.005 0.185)
(0.22 0.005 0.185)
(0.225 0.005 0.185)
(0.23 0.005 0.185)
(0.235 0.005 0.185)
(0.24 0.005 0.185)
(0.245 0.005 0.185)
(0.25 0.005 0.185)
(0.255 0.005 0.185)
(0.26 0.005 0.185)
(0.265 0.005 0.185)
(0.27 0.005 0.185)
(0.275 0.005 0.185)
(0.28 0.005 0.185)
(0.285 0.005 0.185)
(0.29 0.005 0.185)
(0.295 0.005 0.185)
(0.3 0.005 0.185)
(0 0.01 0.185)
(0.005 0.01 0.185)
(0.01 0.01 0.185)
(0.015 0.01 0.185)
(0.02 0.01 0.185)
(0.025 0.01 0.185)
(0.03 0.01 0.185)
(0.035 0.01 0.185)
(0.04 0.01 0.185)
(0.045 0.01 0.185)
(0.05 0.01 0.185)
(0.055 0.01 0.185)
(0.06 0.01 0.185)
(0.065 0.01 0.185)
(0.07 0.01 0.185)
(0.075 0.01 0.185)
(0.08 0.01 0.185)
(0.085 0.01 0.185)
(0.09 0.01 0.185)
(0.095 0.01 0.185)
(0.1 0.01 0.185)
(0.105 0.01 0.185)
(0.11 0.01 0.185)
(0.115 0.01 0.185)
(0.12 0.01 0.185)
(0.125 0.01 0.185)
(0.13 0.01 0.185)
(0.135 0.01 0.185)
(0.14 0.01 0.185)
(0.145 0.01 0.185)
(0.15 0.01 0.185)
(0.155 0.01 0.185)
(0.16 0.01 0.185)
(0.165 0.01 0.185)
(0.17 0.01 0.185)
(0.175 0.01 0.185)
(0.18 0.01 0.185)
(0.185 0.01 0.185)
(0.19 0.01 0.185)
(0.195 0.01 0.185)
(0.2 0.01 0.185)
(0.205 0.01 0.185)
(0.21 0.01 0.185)
(0.215 0.01 0.185)
(0.22 0.01 0.185)
(0.225 0.01 0.185)
(0.23 0.01 0.185)
(0.235 0.01 0.185)
(0.24 0.01 0.185)
(0.245 0.01 0.185)
(0.25 0.01 0.185)
(0.255 0.01 0.185)
(0.26 0.01 0.185)
(0.265 0.01 0.185)
(0.27 0.01 0.185)
(0.275 0.01 0.185)
(0.28 0.01 0.185)
(0.285 0.01 0.185)
(0.29 0.01 0.185)
(0.295 0.01 0.185)
(0.3 0.01 0.185)
(0 0 0.19)
(0.005 0 0.19)
(0.01 0 0.19)
(0.015 0 0.19)
(0.02 0 0.19)
(0.025 0 0.19)
(0.03 0 0.19)
(0.035 0 0.19)
(0.04 0 0.19)
(0.045 0 0.19)
(0.05 0 0.19)
(0.055 0 0.19)
(0.06 0 0.19)
(0.065 0 0.19)
(0.07 0 0.19)
(0.075 0 0.19)
(0.08 0 0.19)
(0.085 0 0.19)
(0.09 0 0.19)
(0.095 0 0.19)
(0.1 0 0.19)
(0.105 0 0.19)
(0.11 0 0.19)
(0.115 0 0.19)
(0.12 0 0.19)
(0.125 0 0.19)
(0.13 0 0.19)
(0.135 0 0.19)
(0.14 0 0.19)
(0.145 0 0.19)
(0.15 0 0.19)
(0.155 0 0.19)
(0.16 0 0.19)
(0.165 0 0.19)
(0.17 0 0.19)
(0.175 0 0.19)
(0.18 0 0.19)
(0.185 0 0.19)
(0.19 0 0.19)
(0.195 0 0.19)
(0.2 0 0.19)
(0.205 0 0.19)
(0.21 0 0.19)
(0.215 0 0.19)
(0.22 0 0.19)
(0.225 0 0.19)
(0.23 0 0.19)
(0.235 0 0.19)
(0.24 0 0.19)
(0.245 0 0.19)
(0.25 0 0.19)
(0.255 0 0.19)
(0.26 0 0.19)
(0.265 0 0.19)
(0.27 0 0.19)
(0.275 0 0.19)
(0.28 0 0.19)
(0.285 0 0.19)
(0.29 0 0.19)
(0.295 0 0.19)
(0.3 0 0.19)
(0 0.005 0.19)
(0.005 0.005 0.19)
(0.01 0.005 0.19)
(0.015 0.005 0.19)
(0.02 0.005 0.19)
(0.025 0.005 0.19)
(0.03 0.005 0.19)
(0.035 0.005 0.19)
(0.04 0.005 0.19)
(0.045 0.005 0.19)
(0.05 0.005 0.19)
(0.055 0.005 0.19)
(0.06 0.005 0.19)
(0.065 0.005 0.19)
(0.07 0.005 0.19)
(0.075 0.005 0.19)
(0.08 0.005 0.19)
(0.085 0.005 0.19)
(0.09 0.005 0.19)
(0.095 0.005 0.19)
(0.1 0.005 0.19)
(0.105 0.005 0.19)
(0.11 0.005 0.19)
(0.115 0.005 0.19)
(0.12 0.005 0.19)
(0.125 0.005 0.19)
(0.13 0.005 0.19)
(0.135 0.005 0.19)
(0.14 0.005 0.19)
(0.145 0.005 0.19)
(0.15 0.005 0.19)
(0.155 0.005 0.19)
(0.16 0.005 0.19)
(0.165 0.005 0.19)
(0.17 0.005 0.19)
(0.175 0.005 0.19)
(0.18 0.005 0.19)
(0.185 0.005 0.19)
(0.19 0.005 0.19)
(0.195 0.005 0.19)
(0.2 0.005 0.19)
(0.205 0.005 0.19)
(0.21 0.005 0.19)
(0.215 0.005 0.19)
(0.22 0.005 0.19)
(0.225 0.005 0.19)
(0.23 0.005 0.19)
(0.235 0.005 0.19)
(0.24 0.005 0.19)
(0.245 0.005 0.19)
(0.25 0.005 0.19)
(0.255 0.005 0.19)
(0.26 0.005 0.19)
(0.265 0.005 0.19)
(0.27 0.005 0.19)
(0.275 0.005 0.19)
(0.28 0.005 0.19)
(0.285 0.005 0.19)
(0.29 0.005 0.19)
(0.295 0.005 0.19)
(0.3 0.005 0.19)
(0 0.01 0.19)
(0.005 0.01 0.19)
(0.01 0.01 0.19)
(0.015 0.01 0.19)
(0.02 0.01 0.19)
(0.025 0.01 0.19)
(0.03 0.01 0.19)
(0.035 0.01 0.19)
(0.04 0.01 0.19)
(0.045 0.01 0.19)
(0.05 0.01 0.19)
(0.055 0.01 0.19)
(0.06 0.01 0.19)
(0.065 0.01 0.19)
(0.07 0.01 0.19)
(0.075 0.01 0.19)
(0.08 0.01 0.19)
(0.085 0.01 0.19)
(0.09 0.01 0.19)
(0.095 0.01 0.19)
(0.1 0.01 0.19)
(0.105 0.01 0.19)
(0.11 0.01 0.19)
(0.115 0.01 0.19)
(0.12 0.01 0.19)
(0.125 0.01 0.19)
(0.13 0.01 0.19)
(0.135 0.01 0.19)
(0.14 0.01 0.19)
(0.145 0.01 0.19)
(0.15 0.01 0.19)
(0.155 0.01 0.19)
(0.16 0.01 0.19)
(0.165 0.01 0.19)
(0.17 0.01 0.19)
(0.175 0.01 0.19)
(0.18 0.01 0.19)
(0.185 0.01 0.19)
(0.19 0.01 0.19)
(0.195 0.01 0.19)
(0.2 0.01 0.19)
(0.205 0.01 0.19)
(0.21 0.01 0.19)
(0.215 0.01 0.19)
(0.22 0.01 0.19)
(0.225 0.01 0.19)
(0.23 0.01 0.19)
(0.235 0.01 0.19)
(0.24 0.01 0.19)
(0.245 0.01 0.19)
(0.25 0.01 0.19)
(0.255 0.01 0.19)
(0.26 0.01 0.19)
(0.265 0.01 0.19)
(0.27 0.01 0.19)
(0.275 0.01 0.19)
(0.28 0.01 0.19)
(0.285 0.01 0.19)
(0.29 0.01 0.19)
(0.295 0.01 0.19)
(0.3 0.01 0.19)
(0 0 0.195)
(0.005 0 0.195)
(0.01 0 0.195)
(0.015 0 0.195)
(0.02 0 0.195)
(0.025 0 0.195)
(0.03 0 0.195)
(0.035 0 0.195)
(0.04 0 0.195)
(0.045 0 0.195)
(0.05 0 0.195)
(0.055 0 0.195)
(0.06 0 0.195)
(0.065 0 0.195)
(0.07 0 0.195)
(0.075 0 0.195)
(0.08 0 0.195)
(0.085 0 0.195)
(0.09 0 0.195)
(0.095 0 0.195)
(0.1 0 0.195)
(0.105 0 0.195)
(0.11 0 0.195)
(0.115 0 0.195)
(0.12 0 0.195)
(0.125 0 0.195)
(0.13 0 0.195)
(0.135 0 0.195)
(0.14 0 0.195)
(0.145 0 0.195)
(0.15 0 0.195)
(0.155 0 0.195)
(0.16 0 0.195)
(0.165 0 0.195)
(0.17 0 0.195)
(0.175 0 0.195)
(0.18 0 0.195)
(0.185 0 0.195)
(0.19 0 0.195)
(0.195 0 0.195)
(0.2 0 0.195)
(0.205 0 0.195)
(0.21 0 0.195)
(0.215 0 0.195)
(0.22 0 0.195)
(0.225 0 0.195)
(0.23 0 0.195)
(0.235 0 0.195)
(0.24 0 0.195)
(0.245 0 0.195)
(0.25 0 0.195)
(0.255 0 0.195)
(0.26 0 0.195)
(0.265 0 0.195)
(0.27 0 0.195)
(0.275 0 0.195)
(0.28 0 0.195)
(0.285 0 0.195)
(0.29 0 0.195)
(0.295 0 0.195)
(0.3 0 0.195)
(0 0.005 0.195)
(0.005 0.005 0.195)
(0.01 0.005 0.195)
(0.015 0.005 0.195)
(0.02 0.005 0.195)
(0.025 0.005 0.195)
(0.03 0.005 0.195)
(0.035 0.005 0.195)
(0.04 0.005 0.195)
(0.045 0.005 0.195)
(0.05 0.005 0.195)
(0.055 0.005 0.195)
(0.06 0.005 0.195)
(0.065 0.005 0.195)
(0.07 0.005 0.195)
(0.075 0.005 0.195)
(0.08 0.005 0.195)
(0.085 0.005 0.195)
(0.09 0.005 0.195)
(0.095 0.005 0.195)
(0.1 0.005 0.195)
(0.105 0.005 0.195)
(0.11 0.005 0.195)
(0.115 0.005 0.195)
(0.12 0.005 0.195)
(0.125 0.005 0.195)
(0.13 0.005 0.195)
(0.135 0.005 0.195)
(0.14 0.005 0.195)
(0.145 0.005 0.195)
(0.15 0.005 0.195)
(0.155 0.005 0.195)
(0.16 0.005 0.195)
(0.165 0.005 0.195)
(0.17 0.005 0.195)
(0.175 0.005 0.195)
(0.18 0.005 0.195)
(0.185 0.005 0.195)
(0.19 0.005 0.195)
(0.195 0.005 0.195)
(0.2 0.005 0.195)
(0.205 0.005 0.195)
(0.21 0.005 0.195)
(0.215 0.005 0.195)
(0.22 0.005 0.195)
(0.225 0.005 0.195)
(0.23 0.005 0.195)
(0.235 0.005 0.195)
(0.24 0.005 0.195)
(0.245 0.005 0.195)
(0.25 0.005 0.195)
(0.255 0.005 0.195)
(0.26 0.005 0.195)
(0.265 0.005 0.195)
(0.27 0.005 0.195)
(0.275 0.005 0.195)
(0.28 0.005 0.195)
(0.285 0.005 0.195)
(0.29 0.005 0.195)
(0.295 0.005 0.195)
(0.3 0.005 0.195)
(0 0.01 0.195)
(0.005 0.01 0.195)
(0.01 0.01 0.195)
(0.015 0.01 0.195)
(0.02 0.01 0.195)
(0.025 0.01 0.195)
(0.03 0.01 0.195)
(0.035 0.01 0.195)
(0.04 0.01 0.195)
(0.045 0.01 0.195)
(0.05 0.01 0.195)
(0.055 0.01 0.195)
(0.06 0.01 0.195)
(0.065 0.01 0.195)
(0.07 0.01 0.195)
(0.075 0.01 0.195)
(0.08 0.01 0.195)
(0.085 0.01 0.195)
(0.09 0.01 0.195)
(0.095 0.01 0.195)
(0.1 0.01 0.195)
(0.105 0.01 0.195)
(0.11 0.01 0.195)
(0.115 0.01 0.195)
(0.12 0.01 0.195)
(0.125 0.01 0.195)
(0.13 0.01 0.195)
(0.135 0.01 0.195)
(0.14 0.01 0.195)
(0.145 0.01 0.195)
(0.15 0.01 0.195)
(0.155 0.01 0.195)
(0.16 0.01 0.195)
(0.165 0.01 0.195)
(0.17 0.01 0.195)
(0.175 0.01 0.195)
(0.18 0.01 0.195)
(0.185 0.01 0.195)
(0.19 0.01 0.195)
(0.195 0.01 0.195)
(0.2 0.01 0.195)
(0.205 0.01 0.195)
(0.21 0.01 0.195)
(0.215 0.01 0.195)
(0.22 0.01 0.195)
(0.225 0.01 0.195)
(0.23 0.01 0.195)
(0.235 0.01 0.195)
(0.24 0.01 0.195)
(0.245 0.01 0.195)
(0.25 0.01 0.195)
(0.255 0.01 0.195)
(0.26 0.01 0.195)
(0.265 0.01 0.195)
(0.27 0.01 0.195)
(0.275 0.01 0.195)
(0.28 0.01 0.195)
(0.285 0.01 0.195)
(0.29 0.01 0.195)
(0.295 0.01 0.195)
(0.3 0.01 0.195)
(0 0 0.2)
(0.005 0 0.2)
(0.01 0 0.2)
(0.015 0 0.2)
(0.02 0 0.2)
(0.025 0 0.2)
(0.03 0 0.2)
(0.035 0 0.2)
(0.04 0 0.2)
(0.045 0 0.2)
(0.05 0 0.2)
(0.055 0 0.2)
(0.06 0 0.2)
(0.065 0 0.2)
(0.07 0 0.2)
(0.075 0 0.2)
(0.08 0 0.2)
(0.085 0 0.2)
(0.09 0 0.2)
(0.095 0 0.2)
(0.1 0 0.2)
(0.105 0 0.2)
(0.11 0 0.2)
(0.115 0 0.2)
(0.12 0 0.2)
(0.125 0 0.2)
(0.13 0 0.2)
(0.135 0 0.2)
(0.14 0 0.2)
(0.145 0 0.2)
(0.15 0 0.2)
(0.155 0 0.2)
(0.16 0 0.2)
(0.165 0 0.2)
(0.17 0 0.2)
(0.175 0 0.2)
(0.18 0 0.2)
(0.185 0 0.2)
(0.19 0 0.2)
(0.195 0 0.2)
(0.2 0 0.2)
(0.205 0 0.2)
(0.21 0 0.2)
(0.215 0 0.2)
(0.22 0 0.2)
(0.225 0 0.2)
(0.23 0 0.2)
(0.235 0 0.2)
(0.24 0 0.2)
(0.245 0 0.2)
(0.25 0 0.2)
(0.255 0 0.2)
(0.26 0 0.2)
(0.265 0 0.2)
(0.27 0 0.2)
(0.275 0 0.2)
(0.28 0 0.2)
(0.285 0 0.2)
(0.29 0 0.2)
(0.295 0 0.2)
(0.3 0 0.2)
(0 0.005 0.2)
(0.005 0.005 0.2)
(0.01 0.005 0.2)
(0.015 0.005 0.2)
(0.02 0.005 0.2)
(0.025 0.005 0.2)
(0.03 0.005 0.2)
(0.035 0.005 0.2)
(0.04 0.005 0.2)
(0.045 0.005 0.2)
(0.05 0.005 0.2)
(0.055 0.005 0.2)
(0.06 0.005 0.2)
(0.065 0.005 0.2)
(0.07 0.005 0.2)
(0.075 0.005 0.2)
(0.08 0.005 0.2)
(0.085 0.005 0.2)
(0.09 0.005 0.2)
(0.095 0.005 0.2)
(0.1 0.005 0.2)
(0.105 0.005 0.2)
(0.11 0.005 0.2)
(0.115 0.005 0.2)
(0.12 0.005 0.2)
(0.125 0.005 0.2)
(0.13 0.005 0.2)
(0.135 0.005 0.2)
(0.14 0.005 0.2)
(0.145 0.005 0.2)
(0.15 0.005 0.2)
(0.155 0.005 0.2)
(0.16 0.005 0.2)
(0.165 0.005 0.2)
(0.17 0.005 0.2)
(0.175 0.005 0.2)
(0.18 0.005 0.2)
(0.185 0.005 0.2)
(0.19 0.005 0.2)
(0.195 0.005 0.2)
(0.2 0.005 0.2)
(0.205 0.005 0.2)
(0.21 0.005 0.2)
(0.215 0.005 0.2)
(0.22 0.005 0.2)
(0.225 0.005 0.2)
(0.23 0.005 0.2)
(0.235 0.005 0.2)
(0.24 0.005 0.2)
(0.245 0.005 0.2)
(0.25 0.005 0.2)
(0.255 0.005 0.2)
(0.26 0.005 0.2)
(0.265 0.005 0.2)
(0.27 0.005 0.2)
(0.275 0.005 0.2)
(0.28 0.005 0.2)
(0.285 0.005 0.2)
(0.29 0.005 0.2)
(0.295 0.005 0.2)
(0.3 0.005 0.2)
(0 0.01 0.2)
(0.005 0.01 0.2)
(0.01 0.01 0.2)
(0.015 0.01 0.2)
(0.02 0.01 0.2)
(0.025 0.01 0.2)
(0.03 0.01 0.2)
(0.035 0.01 0.2)
(0.04 0.01 0.2)
(0.045 0.01 0.2)
(0.05 0.01 0.2)
(0.055 0.01 0.2)
(0.06 0.01 0.2)
(0.065 0.01 0.2)
(0.07 0.01 0.2)
(0.075 0.01 0.2)
(0.08 0.01 0.2)
(0.085 0.01 0.2)
(0.09 0.01 0.2)
(0.095 0.01 0.2)
(0.1 0.01 0.2)
(0.105 0.01 0.2)
(0.11 0.01 0.2)
(0.115 0.01 0.2)
(0.12 0.01 0.2)
(0.125 0.01 0.2)
(0.13 0.01 0.2)
(0.135 0.01 0.2)
(0.14 0.01 0.2)
(0.145 0.01 0.2)
(0.15 0.01 0.2)
(0.155 0.01 0.2)
(0.16 0.01 0.2)
(0.165 0.01 0.2)
(0.17 0.01 0.2)
(0.175 0.01 0.2)
(0.18 0.01 0.2)
(0.185 0.01 0.2)
(0.19 0.01 0.2)
(0.195 0.01 0.2)
(0.2 0.01 0.2)
(0.205 0.01 0.2)
(0.21 0.01 0.2)
(0.215 0.01 0.2)
(0.22 0.01 0.2)
(0.225 0.01 0.2)
(0.23 0.01 0.2)
(0.235 0.01 0.2)
(0.24 0.01 0.2)
(0.245 0.01 0.2)
(0.25 0.01 0.2)
(0.255 0.01 0.2)
(0.26 0.01 0.2)
(0.265 0.01 0.2)
(0.27 0.01 0.2)
(0.275 0.01 0.2)
(0.28 0.01 0.2)
(0.285 0.01 0.2)
(0.29 0.01 0.2)
(0.295 0.01 0.2)
(0.3 0.01 0.2)
(0 0 0.205)
(0.005 0 0.205)
(0.01 0 0.205)
(0.015 0 0.205)
(0.02 0 0.205)
(0.025 0 0.205)
(0.03 0 0.205)
(0.035 0 0.205)
(0.04 0 0.205)
(0.045 0 0.205)
(0.05 0 0.205)
(0.055 0 0.205)
(0.06 0 0.205)
(0.065 0 0.205)
(0.07 0 0.205)
(0.075 0 0.205)
(0.08 0 0.205)
(0.085 0 0.205)
(0.09 0 0.205)
(0.095 0 0.205)
(0.1 0 0.205)
(0.105 0 0.205)
(0.11 0 0.205)
(0.115 0 0.205)
(0.12 0 0.205)
(0.125 0 0.205)
(0.13 0 0.205)
(0.135 0 0.205)
(0.14 0 0.205)
(0.145 0 0.205)
(0.15 0 0.205)
(0.155 0 0.205)
(0.16 0 0.205)
(0.165 0 0.205)
(0.17 0 0.205)
(0.175 0 0.205)
(0.18 0 0.205)
(0.185 0 0.205)
(0.19 0 0.205)
(0.195 0 0.205)
(0.2 0 0.205)
(0.205 0 0.205)
(0.21 0 0.205)
(0.215 0 0.205)
(0.22 0 0.205)
(0.225 0 0.205)
(0.23 0 0.205)
(0.235 0 0.205)
(0.24 0 0.205)
(0.245 0 0.205)
(0.25 0 0.205)
(0.255 0 0.205)
(0.26 0 0.205)
(0.265 0 0.205)
(0.27 0 0.205)
(0.275 0 0.205)
(0.28 0 0.205)
(0.285 0 0.205)
(0.29 0 0.205)
(0.295 0 0.205)
(0.3 0 0.205)
(0 0.005 0.205)
(0.005 0.005 0.205)
(0.01 0.005 0.205)
(0.015 0.005 0.205)
(0.02 0.005 0.205)
(0.025 0.005 0.205)
(0.03 0.005 0.205)
(0.035 0.005 0.205)
(0.04 0.005 0.205)
(0.045 0.005 0.205)
(0.05 0.005 0.205)
(0.055 0.005 0.205)
(0.06 0.005 0.205)
(0.065 0.005 0.205)
(0.07 0.005 0.205)
(0.075 0.005 0.205)
(0.08 0.005 0.205)
(0.085 0.005 0.205)
(0.09 0.005 0.205)
(0.095 0.005 0.205)
(0.1 0.005 0.205)
(0.105 0.005 0.205)
(0.11 0.005 0.205)
(0.115 0.005 0.205)
(0.12 0.005 0.205)
(0.125 0.005 0.205)
(0.13 0.005 0.205)
(0.135 0.005 0.205)
(0.14 0.005 0.205)
(0.145 0.005 0.205)
(0.15 0.005 0.205)
(0.155 0.005 0.205)
(0.16 0.005 0.205)
(0.165 0.005 0.205)
(0.17 0.005 0.205)
(0.175 0.005 0.205)
(0.18 0.005 0.205)
(0.185 0.005 0.205)
(0.19 0.005 0.205)
(0.195 0.005 0.205)
(0.2 0.005 0.205)
(0.205 0.005 0.205)
(0.21 0.005 0.205)
(0.215 0.005 0.205)
(0.22 0.005 0.205)
(0.225 0.005 0.205)
(0.23 0.005 0.205)
(0.235 0.005 0.205)
(0.24 0.005 0.205)
(0.245 0.005 0.205)
(0.25 0.005 0.205)
(0.255 0.005 0.205)
(0.26 0.005 0.205)
(0.265 0.005 0.205)
(0.27 0.005 0.205)
(0.275 0.005 0.205)
(0.28 0.005 0.205)
(0.285 0.005 0.205)
(0.29 0.005 0.205)
(0.295 0.005 0.205)
(0.3 0.005 0.205)
(0 0.01 0.205)
(0.005 0.01 0.205)
(0.01 0.01 0.205)
(0.015 0.01 0.205)
(0.02 0.01 0.205)
(0.025 0.01 0.205)
(0.03 0.01 0.205)
(0.035 0.01 0.205)
(0.04 0.01 0.205)
(0.045 0.01 0.205)
(0.05 0.01 0.205)
(0.055 0.01 0.205)
(0.06 0.01 0.205)
(0.065 0.01 0.205)
(0.07 0.01 0.205)
(0.075 0.01 0.205)
(0.08 0.01 0.205)
(0.085 0.01 0.205)
(0.09 0.01 0.205)
(0.095 0.01 0.205)
(0.1 0.01 0.205)
(0.105 0.01 0.205)
(0.11 0.01 0.205)
(0.115 0.01 0.205)
(0.12 0.01 0.205)
(0.125 0.01 0.205)
(0.13 0.01 0.205)
(0.135 0.01 0.205)
(0.14 0.01 0.205)
(0.145 0.01 0.205)
(0.15 0.01 0.205)
(0.155 0.01 0.205)
(0.16 0.01 0.205)
(0.165 0.01 0.205)
(0.17 0.01 0.205)
(0.175 0.01 0.205)
(0.18 0.01 0.205)
(0.185 0.01 0.205)
(0.19 0.01 0.205)
(0.195 0.01 0.205)
(0.2 0.01 0.205)
(0.205 0.01 0.205)
(0.21 0.01 0.205)
(0.215 0.01 0.205)
(0.22 0.01 0.205)
(0.225 0.01 0.205)
(0.23 0.01 0.205)
(0.235 0.01 0.205)
(0.24 0.01 0.205)
(0.245 0.01 0.205)
(0.25 0.01 0.205)
(0.255 0.01 0.205)
(0.26 0.01 0.205)
(0.265 0.01 0.205)
(0.27 0.01 0.205)
(0.275 0.01 0.205)
(0.28 0.01 0.205)
(0.285 0.01 0.205)
(0.29 0.01 0.205)
(0.295 0.01 0.205)
(0.3 0.01 0.205)
(0 0 0.21)
(0.005 0 0.21)
(0.01 0 0.21)
(0.015 0 0.21)
(0.02 0 0.21)
(0.025 0 0.21)
(0.03 0 0.21)
(0.035 0 0.21)
(0.04 0 0.21)
(0.045 0 0.21)
(0.05 0 0.21)
(0.055 0 0.21)
(0.06 0 0.21)
(0.065 0 0.21)
(0.07 0 0.21)
(0.075 0 0.21)
(0.08 0 0.21)
(0.085 0 0.21)
(0.09 0 0.21)
(0.095 0 0.21)
(0.1 0 0.21)
(0.105 0 0.21)
(0.11 0 0.21)
(0.115 0 0.21)
(0.12 0 0.21)
(0.125 0 0.21)
(0.13 0 0.21)
(0.135 0 0.21)
(0.14 0 0.21)
(0.145 0 0.21)
(0.15 0 0.21)
(0.155 0 0.21)
(0.16 0 0.21)
(0.165 0 0.21)
(0.17 0 0.21)
(0.175 0 0.21)
(0.18 0 0.21)
(0.185 0 0.21)
(0.19 0 0.21)
(0.195 0 0.21)
(0.2 0 0.21)
(0.205 0 0.21)
(0.21 0 0.21)
(0.215 0 0.21)
(0.22 0 0.21)
(0.225 0 0.21)
(0.23 0 0.21)
(0.235 0 0.21)
(0.24 0 0.21)
(0.245 0 0.21)
(0.25 0 0.21)
(0.255 0 0.21)
(0.26 0 0.21)
(0.265 0 0.21)
(0.27 0 0.21)
(0.275 0 0.21)
(0.28 0 0.21)
(0.285 0 0.21)
(0.29 0 0.21)
(0.295 0 0.21)
(0.3 0 0.21)
(0 0.005 0.21)
(0.005 0.005 0.21)
(0.01 0.005 0.21)
(0.015 0.005 0.21)
(0.02 0.005 0.21)
(0.025 0.005 0.21)
(0.03 0.005 0.21)
(0.035 0.005 0.21)
(0.04 0.005 0.21)
(0.045 0.005 0.21)
(0.05 0.005 0.21)
(0.055 0.005 0.21)
(0.06 0.005 0.21)
(0.065 0.005 0.21)
(0.07 0.005 0.21)
(0.075 0.005 0.21)
(0.08 0.005 0.21)
(0.085 0.005 0.21)
(0.09 0.005 0.21)
(0.095 0.005 0.21)
(0.1 0.005 0.21)
(0.105 0.005 0.21)
(0.11 0.005 0.21)
(0.115 0.005 0.21)
(0.12 0.005 0.21)
(0.125 0.005 0.21)
(0.13 0.005 0.21)
(0.135 0.005 0.21)
(0.14 0.005 0.21)
(0.145 0.005 0.21)
(0.15 0.005 0.21)
(0.155 0.005 0.21)
(0.16 0.005 0.21)
(0.165 0.005 0.21)
(0.17 0.005 0.21)
(0.175 0.005 0.21)
(0.18 0.005 0.21)
(0.185 0.005 0.21)
(0.19 0.005 0.21)
(0.195 0.005 0.21)
(0.2 0.005 0.21)
(0.205 0.005 0.21)
(0.21 0.005 0.21)
(0.215 0.005 0.21)
(0.22 0.005 0.21)
(0.225 0.005 0.21)
(0.23 0.005 0.21)
(0.235 0.005 0.21)
(0.24 0.005 0.21)
(0.245 0.005 0.21)
(0.25 0.005 0.21)
(0.255 0.005 0.21)
(0.26 0.005 0.21)
(0.265 0.005 0.21)
(0.27 0.005 0.21)
(0.275 0.005 0.21)
(0.28 0.005 0.21)
(0.285 0.005 0.21)
(0.29 0.005 0.21)
(0.295 0.005 0.21)
(0.3 0.005 0.21)
(0 0.01 0.21)
(0.005 0.01 0.21)
(0.01 0.01 0.21)
(0.015 0.01 0.21)
(0.02 0.01 0.21)
(0.025 0.01 0.21)
(0.03 0.01 0.21)
(0.035 0.01 0.21)
(0.04 0.01 0.21)
(0.045 0.01 0.21)
(0.05 0.01 0.21)
(0.055 0.01 0.21)
(0.06 0.01 0.21)
(0.065 0.01 0.21)
(0.07 0.01 0.21)
(0.075 0.01 0.21)
(0.08 0.01 0.21)
(0.085 0.01 0.21)
(0.09 0.01 0.21)
(0.095 0.01 0.21)
(0.1 0.01 0.21)
(0.105 0.01 0.21)
(0.11 0.01 0.21)
(0.115 0.01 0.21)
(0.12 0.01 0.21)
(0.125 0.01 0.21)
(0.13 0.01 0.21)
(0.135 0.01 0.21)
(0.14 0.01 0.21)
(0.145 0.01 0.21)
(0.15 0.01 0.21)
(0.155 0.01 0.21)
(0.16 0.01 0.21)
(0.165 0.01 0.21)
(0.17 0.01 0.21)
(0.175 0.01 0.21)
(0.18 0.01 0.21)
(0.185 0.01 0.21)
(0.19 0.01 0.21)
(0.195 0.01 0.21)
(0.2 0.01 0.21)
(0.205 0.01 0.21)
(0.21 0.01 0.21)
(0.215 0.01 0.21)
(0.22 0.01 0.21)
(0.225 0.01 0.21)
(0.23 0.01 0.21)
(0.235 0.01 0.21)
(0.24 0.01 0.21)
(0.245 0.01 0.21)
(0.25 0.01 0.21)
(0.255 0.01 0.21)
(0.26 0.01 0.21)
(0.265 0.01 0.21)
(0.27 0.01 0.21)
(0.275 0.01 0.21)
(0.28 0.01 0.21)
(0.285 0.01 0.21)
(0.29 0.01 0.21)
(0.295 0.01 0.21)
(0.3 0.01 0.21)
(0 0 0.215)
(0.005 0 0.215)
(0.01 0 0.215)
(0.015 0 0.215)
(0.02 0 0.215)
(0.025 0 0.215)
(0.03 0 0.215)
(0.035 0 0.215)
(0.04 0 0.215)
(0.045 0 0.215)
(0.05 0 0.215)
(0.055 0 0.215)
(0.06 0 0.215)
(0.065 0 0.215)
(0.07 0 0.215)
(0.075 0 0.215)
(0.08 0 0.215)
(0.085 0 0.215)
(0.09 0 0.215)
(0.095 0 0.215)
(0.1 0 0.215)
(0.105 0 0.215)
(0.11 0 0.215)
(0.115 0 0.215)
(0.12 0 0.215)
(0.125 0 0.215)
(0.13 0 0.215)
(0.135 0 0.215)
(0.14 0 0.215)
(0.145 0 0.215)
(0.15 0 0.215)
(0.155 0 0.215)
(0.16 0 0.215)
(0.165 0 0.215)
(0.17 0 0.215)
(0.175 0 0.215)
(0.18 0 0.215)
(0.185 0 0.215)
(0.19 0 0.215)
(0.195 0 0.215)
(0.2 0 0.215)
(0.205 0 0.215)
(0.21 0 0.215)
(0.215 0 0.215)
(0.22 0 0.215)
(0.225 0 0.215)
(0.23 0 0.215)
(0.235 0 0.215)
(0.24 0 0.215)
(0.245 0 0.215)
(0.25 0 0.215)
(0.255 0 0.215)
(0.26 0 0.215)
(0.265 0 0.215)
(0.27 0 0.215)
(0.275 0 0.215)
(0.28 0 0.215)
(0.285 0 0.215)
(0.29 0 0.215)
(0.295 0 0.215)
(0.3 0 0.215)
(0 0.005 0.215)
(0.005 0.005 0.215)
(0.01 0.005 0.215)
(0.015 0.005 0.215)
(0.02 0.005 0.215)
(0.025 0.005 0.215)
(0.03 0.005 0.215)
(0.035 0.005 0.215)
(0.04 0.005 0.215)
(0.045 0.005 0.215)
(0.05 0.005 0.215)
(0.055 0.005 0.215)
(0.06 0.005 0.215)
(0.065 0.005 0.215)
(0.07 0.005 0.215)
(0.075 0.005 0.215)
(0.08 0.005 0.215)
(0.085 0.005 0.215)
(0.09 0.005 0.215)
(0.095 0.005 0.215)
(0.1 0.005 0.215)
(0.105 0.005 0.215)
(0.11 0.005 0.215)
(0.115 0.005 0.215)
(0.12 0.005 0.215)
(0.125 0.005 0.215)
(0.13 0.005 0.215)
(0.135 0.005 0.215)
(0.14 0.005 0.215)
(0.145 0.005 0.215)
(0.15 0.005 0.215)
(0.155 0.005 0.215)
(0.16 0.005 0.215)
(0.165 0.005 0.215)
(0.17 0.005 0.215)
(0.175 0.005 0.215)
(0.18 0.005 0.215)
(0.185 0.005 0.215)
(0.19 0.005 0.215)
(0.195 0.005 0.215)
(0.2 0.005 0.215)
(0.205 0.005 0.215)
(0.21 0.005 0.215)
(0.215 0.005 0.215)
(0.22 0.005 0.215)
(0.225 0.005 0.215)
(0.23 0.005 0.215)
(0.235 0.005 0.215)
(0.24 0.005 0.215)
(0.245 0.005 0.215)
(0.25 0.005 0.215)
(0.255 0.005 0.215)
(0.26 0.005 0.215)
(0.265 0.005 0.215)
(0.27 0.005 0.215)
(0.275 0.005 0.215)
(0.28 0.005 0.215)
(0.285 0.005 0.215)
(0.29 0.005 0.215)
(0.295 0.005 0.215)
(0.3 0.005 0.215)
(0 0.01 0.215)
(0.005 0.01 0.215)
(0.01 0.01 0.215)
(0.015 0.01 0.215)
(0.02 0.01 0.215)
(0.025 0.01 0.215)
(0.03 0.01 0.215)
(0.035 0.01 0.215)
(0.04 0.01 0.215)
(0.045 0.01 0.215)
(0.05 0.01 0.215)
(0.055 0.01 0.215)
(0.06 0.01 0.215)
(0.065 0.01 0.215)
(0.07 0.01 0.215)
(0.075 0.01 0.215)
(0.08 0.01 0.215)
(0.085 0.01 0.215)
(0.09 0.01 0.215)
(0.095 0.01 0.215)
(0.1 0.01 0.215)
(0.105 0.01 0.215)
(0.11 0.01 0.215)
(0.115 0.01 0.215)
(0.12 0.01 0.215)
(0.125 0.01 0.215)
(0.13 0.01 0.215)
(0.135 0.01 0.215)
(0.14 0.01 0.215)
(0.145 0.01 0.215)
(0.15 0.01 0.215)
(0.155 0.01 0.215)
(0.16 0.01 0.215)
(0.165 0.01 0.215)
(0.17 0.01 0.215)
(0.175 0.01 0.215)
(0.18 0.01 0.215)
(0.185 0.01 0.215)
(0.19 0.01 0.215)
(0.195 0.01 0.215)
(0.2 0.01 0.215)
(0.205 0.01 0.215)
(0.21 0.01 0.215)
(0.215 0.01 0.215)
(0.22 0.01 0.215)
(0.225 0.01 0.215)
(0.23 0.01 0.215)
(0.235 0.01 0.215)
(0.24 0.01 0.215)
(0.245 0.01 0.215)
(0.25 0.01 0.215)
(0.255 0.01 0.215)
(0.26 0.01 0.215)
(0.265 0.01 0.215)
(0.27 0.01 0.215)
(0.275 0.01 0.215)
(0.28 0.01 0.215)
(0.285 0.01 0.215)
(0.29 0.01 0.215)
(0.295 0.01 0.215)
(0.3 0.01 0.215)
(0 0 0.22)
(0.005 0 0.22)
(0.01 0 0.22)
(0.015 0 0.22)
(0.02 0 0.22)
(0.025 0 0.22)
(0.03 0 0.22)
(0.035 0 0.22)
(0.04 0 0.22)
(0.045 0 0.22)
(0.05 0 0.22)
(0.055 0 0.22)
(0.06 0 0.22)
(0.065 0 0.22)
(0.07 0 0.22)
(0.075 0 0.22)
(0.08 0 0.22)
(0.085 0 0.22)
(0.09 0 0.22)
(0.095 0 0.22)
(0.1 0 0.22)
(0.105 0 0.22)
(0.11 0 0.22)
(0.115 0 0.22)
(0.12 0 0.22)
(0.125 0 0.22)
(0.13 0 0.22)
(0.135 0 0.22)
(0.14 0 0.22)
(0.145 0 0.22)
(0.15 0 0.22)
(0.155 0 0.22)
(0.16 0 0.22)
(0.165 0 0.22)
(0.17 0 0.22)
(0.175 0 0.22)
(0.18 0 0.22)
(0.185 0 0.22)
(0.19 0 0.22)
(0.195 0 0.22)
(0.2 0 0.22)
(0.205 0 0.22)
(0.21 0 0.22)
(0.215 0 0.22)
(0.22 0 0.22)
(0.225 0 0.22)
(0.23 0 0.22)
(0.235 0 0.22)
(0.24 0 0.22)
(0.245 0 0.22)
(0.25 0 0.22)
(0.255 0 0.22)
(0.26 0 0.22)
(0.265 0 0.22)
(0.27 0 0.22)
(0.275 0 0.22)
(0.28 0 0.22)
(0.285 0 0.22)
(0.29 0 0.22)
(0.295 0 0.22)
(0.3 0 0.22)
(0 0.005 0.22)
(0.005 0.005 0.22)
(0.01 0.005 0.22)
(0.015 0.005 0.22)
(0.02 0.005 0.22)
(0.025 0.005 0.22)
(0.03 0.005 0.22)
(0.035 0.005 0.22)
(0.04 0.005 0.22)
(0.045 0.005 0.22)
(0.05 0.005 0.22)
(0.055 0.005 0.22)
(0.06 0.005 0.22)
(0.065 0.005 0.22)
(0.07 0.005 0.22)
(0.075 0.005 0.22)
(0.08 0.005 0.22)
(0.085 0.005 0.22)
(0.09 0.005 0.22)
(0.095 0.005 0.22)
(0.1 0.005 0.22)
(0.105 0.005 0.22)
(0.11 0.005 0.22)
(0.115 0.005 0.22)
(0.12 0.005 0.22)
(0.125 0.005 0.22)
(0.13 0.005 0.22)
(0.135 0.005 0.22)
(0.14 0.005 0.22)
(0.145 0.005 0.22)
(0.15 0.005 0.22)
(0.155 0.005 0.22)
(0.16 0.005 0.22)
(0.165 0.005 0.22)
(0.17 0.005 0.22)
(0.175 0.005 0.22)
(0.18 0.005 0.22)
(0.185 0.005 0.22)
(0.19 0.005 0.22)
(0.195 0.005 0.22)
(0.2 0.005 0.22)
(0.205 0.005 0.22)
(0.21 0.005 0.22)
(0.215 0.005 0.22)
(0.22 0.005 0.22)
(0.225 0.005 0.22)
(0.23 0.005 0.22)
(0.235 0.005 0.22)
(0.24 0.005 0.22)
(0.245 0.005 0.22)
(0.25 0.005 0.22)
(0.255 0.005 0.22)
(0.26 0.005 0.22)
(0.265 0.005 0.22)
(0.27 0.005 0.22)
(0.275 0.005 0.22)
(0.28 0.005 0.22)
(0.285 0.005 0.22)
(0.29 0.005 0.22)
(0.295 0.005 0.22)
(0.3 0.005 0.22)
(0 0.01 0.22)
(0.005 0.01 0.22)
(0.01 0.01 0.22)
(0.015 0.01 0.22)
(0.02 0.01 0.22)
(0.025 0.01 0.22)
(0.03 0.01 0.22)
(0.035 0.01 0.22)
(0.04 0.01 0.22)
(0.045 0.01 0.22)
(0.05 0.01 0.22)
(0.055 0.01 0.22)
(0.06 0.01 0.22)
(0.065 0.01 0.22)
(0.07 0.01 0.22)
(0.075 0.01 0.22)
(0.08 0.01 0.22)
(0.085 0.01 0.22)
(0.09 0.01 0.22)
(0.095 0.01 0.22)
(0.1 0.01 0.22)
(0.105 0.01 0.22)
(0.11 0.01 0.22)
(0.115 0.01 0.22)
(0.12 0.01 0.22)
(0.125 0.01 0.22)
(0.13 0.01 0.22)
(0.135 0.01 0.22)
(0.14 0.01 0.22)
(0.145 0.01 0.22)
(0.15 0.01 0.22)
(0.155 0.01 0.22)
(0.16 0.01 0.22)
(0.165 0.01 0.22)
(0.17 0.01 0.22)
(0.175 0.01 0.22)
(0.18 0.01 0.22)
(0.185 0.01 0.22)
(0.19 0.01 0.22)
(0.195 0.01 0.22)
(0.2 0.01 0.22)
(0.205 0.01 0.22)
(0.21 0.01 0.22)
(0.215 0.01 0.22)
(0.22 0.01 0.22)
(0.225 0.01 0.22)
(0.23 0.01 0.22)
(0.235 0.01 0.22)
(0.24 0.01 0.22)
(0.245 0.01 0.22)
(0.25 0.01 0.22)
(0.255 0.01 0.22)
(0.26 0.01 0.22)
(0.265 0.01 0.22)
(0.27 0.01 0.22)
(0.275 0.01 0.22)
(0.28 0.01 0.22)
(0.285 0.01 0.22)
(0.29 0.01 0.22)
(0.295 0.01 0.22)
(0.3 0.01 0.22)
(0 0 0.225)
(0.005 0 0.225)
(0.01 0 0.225)
(0.015 0 0.225)
(0.02 0 0.225)
(0.025 0 0.225)
(0.03 0 0.225)
(0.035 0 0.225)
(0.04 0 0.225)
(0.045 0 0.225)
(0.05 0 0.225)
(0.055 0 0.225)
(0.06 0 0.225)
(0.065 0 0.225)
(0.07 0 0.225)
(0.075 0 0.225)
(0.08 0 0.225)
(0.085 0 0.225)
(0.09 0 0.225)
(0.095 0 0.225)
(0.1 0 0.225)
(0.105 0 0.225)
(0.11 0 0.225)
(0.115 0 0.225)
(0.12 0 0.225)
(0.125 0 0.225)
(0.13 0 0.225)
(0.135 0 0.225)
(0.14 0 0.225)
(0.145 0 0.225)
(0.15 0 0.225)
(0.155 0 0.225)
(0.16 0 0.225)
(0.165 0 0.225)
(0.17 0 0.225)
(0.175 0 0.225)
(0.18 0 0.225)
(0.185 0 0.225)
(0.19 0 0.225)
(0.195 0 0.225)
(0.2 0 0.225)
(0.205 0 0.225)
(0.21 0 0.225)
(0.215 0 0.225)
(0.22 0 0.225)
(0.225 0 0.225)
(0.23 0 0.225)
(0.235 0 0.225)
(0.24 0 0.225)
(0.245 0 0.225)
(0.25 0 0.225)
(0.255 0 0.225)
(0.26 0 0.225)
(0.265 0 0.225)
(0.27 0 0.225)
(0.275 0 0.225)
(0.28 0 0.225)
(0.285 0 0.225)
(0.29 0 0.225)
(0.295 0 0.225)
(0.3 0 0.225)
(0 0.005 0.225)
(0.005 0.005 0.225)
(0.01 0.005 0.225)
(0.015 0.005 0.225)
(0.02 0.005 0.225)
(0.025 0.005 0.225)
(0.03 0.005 0.225)
(0.035 0.005 0.225)
(0.04 0.005 0.225)
(0.045 0.005 0.225)
(0.05 0.005 0.225)
(0.055 0.005 0.225)
(0.06 0.005 0.225)
(0.065 0.005 0.225)
(0.07 0.005 0.225)
(0.075 0.005 0.225)
(0.08 0.005 0.225)
(0.085 0.005 0.225)
(0.09 0.005 0.225)
(0.095 0.005 0.225)
(0.1 0.005 0.225)
(0.105 0.005 0.225)
(0.11 0.005 0.225)
(0.115 0.005 0.225)
(0.12 0.005 0.225)
(0.125 0.005 0.225)
(0.13 0.005 0.225)
(0.135 0.005 0.225)
(0.14 0.005 0.225)
(0.145 0.005 0.225)
(0.15 0.005 0.225)
(0.155 0.005 0.225)
(0.16 0.005 0.225)
(0.165 0.005 0.225)
(0.17 0.005 0.225)
(0.175 0.005 0.225)
(0.18 0.005 0.225)
(0.185 0.005 0.225)
(0.19 0.005 0.225)
(0.195 0.005 0.225)
(0.2 0.005 0.225)
(0.205 0.005 0.225)
(0.21 0.005 0.225)
(0.215 0.005 0.225)
(0.22 0.005 0.225)
(0.225 0.005 0.225)
(0.23 0.005 0.225)
(0.235 0.005 0.225)
(0.24 0.005 0.225)
(0.245 0.005 0.225)
(0.25 0.005 0.225)
(0.255 0.005 0.225)
(0.26 0.005 0.225)
(0.265 0.005 0.225)
(0.27 0.005 0.225)
(0.275 0.005 0.225)
(0.28 0.005 0.225)
(0.285 0.005 0.225)
(0.29 0.005 0.225)
(0.295 0.005 0.225)
(0.3 0.005 0.225)
(0 0.01 0.225)
(0.005 0.01 0.225)
(0.01 0.01 0.225)
(0.015 0.01 0.225)
(0.02 0.01 0.225)
(0.025 0.01 0.225)
(0.03 0.01 0.225)
(0.035 0.01 0.225)
(0.04 0.01 0.225)
(0.045 0.01 0.225)
(0.05 0.01 0.225)
(0.055 0.01 0.225)
(0.06 0.01 0.225)
(0.065 0.01 0.225)
(0.07 0.01 0.225)
(0.075 0.01 0.225)
(0.08 0.01 0.225)
(0.085 0.01 0.225)
(0.09 0.01 0.225)
(0.095 0.01 0.225)
(0.1 0.01 0.225)
(0.105 0.01 0.225)
(0.11 0.01 0.225)
(0.115 0.01 0.225)
(0.12 0.01 0.225)
(0.125 0.01 0.225)
(0.13 0.01 0.225)
(0.135 0.01 0.225)
(0.14 0.01 0.225)
(0.145 0.01 0.225)
(0.15 0.01 0.225)
(0.155 0.01 0.225)
(0.16 0.01 0.225)
(0.165 0.01 0.225)
(0.17 0.01 0.225)
(0.175 0.01 0.225)
(0.18 0.01 0.225)
(0.185 0.01 0.225)
(0.19 0.01 0.225)
(0.195 0.01 0.225)
(0.2 0.01 0.225)
(0.205 0.01 0.225)
(0.21 0.01 0.225)
(0.215 0.01 0.225)
(0.22 0.01 0.225)
(0.225 0.01 0.225)
(0.23 0.01 0.225)
(0.235 0.01 0.225)
(0.24 0.01 0.225)
(0.245 0.01 0.225)
(0.25 0.01 0.225)
(0.255 0.01 0.225)
(0.26 0.01 0.225)
(0.265 0.01 0.225)
(0.27 0.01 0.225)
(0.275 0.01 0.225)
(0.28 0.01 0.225)
(0.285 0.01 0.225)
(0.29 0.01 0.225)
(0.295 0.01 0.225)
(0.3 0.01 0.225)
(0 0 0.23)
(0.005 0 0.23)
(0.01 0 0.23)
(0.015 0 0.23)
(0.02 0 0.23)
(0.025 0 0.23)
(0.03 0 0.23)
(0.035 0 0.23)
(0.04 0 0.23)
(0.045 0 0.23)
(0.05 0 0.23)
(0.055 0 0.23)
(0.06 0 0.23)
(0.065 0 0.23)
(0.07 0 0.23)
(0.075 0 0.23)
(0.08 0 0.23)
(0.085 0 0.23)
(0.09 0 0.23)
(0.095 0 0.23)
(0.1 0 0.23)
(0.105 0 0.23)
(0.11 0 0.23)
(0.115 0 0.23)
(0.12 0 0.23)
(0.125 0 0.23)
(0.13 0 0.23)
(0.135 0 0.23)
(0.14 0 0.23)
(0.145 0 0.23)
(0.15 0 0.23)
(0.155 0 0.23)
(0.16 0 0.23)
(0.165 0 0.23)
(0.17 0 0.23)
(0.175 0 0.23)
(0.18 0 0.23)
(0.185 0 0.23)
(0.19 0 0.23)
(0.195 0 0.23)
(0.2 0 0.23)
(0.205 0 0.23)
(0.21 0 0.23)
(0.215 0 0.23)
(0.22 0 0.23)
(0.225 0 0.23)
(0.23 0 0.23)
(0.235 0 0.23)
(0.24 0 0.23)
(0.245 0 0.23)
(0.25 0 0.23)
(0.255 0 0.23)
(0.26 0 0.23)
(0.265 0 0.23)
(0.27 0 0.23)
(0.275 0 0.23)
(0.28 0 0.23)
(0.285 0 0.23)
(0.29 0 0.23)
(0.295 0 0.23)
(0.3 0 0.23)
(0 0.005 0.23)
(0.005 0.005 0.23)
(0.01 0.005 0.23)
(0.015 0.005 0.23)
(0.02 0.005 0.23)
(0.025 0.005 0.23)
(0.03 0.005 0.23)
(0.035 0.005 0.23)
(0.04 0.005 0.23)
(0.045 0.005 0.23)
(0.05 0.005 0.23)
(0.055 0.005 0.23)
(0.06 0.005 0.23)
(0.065 0.005 0.23)
(0.07 0.005 0.23)
(0.075 0.005 0.23)
(0.08 0.005 0.23)
(0.085 0.005 0.23)
(0.09 0.005 0.23)
(0.095 0.005 0.23)
(0.1 0.005 0.23)
(0.105 0.005 0.23)
(0.11 0.005 0.23)
(0.115 0.005 0.23)
(0.12 0.005 0.23)
(0.125 0.005 0.23)
(0.13 0.005 0.23)
(0.135 0.005 0.23)
(0.14 0.005 0.23)
(0.145 0.005 0.23)
(0.15 0.005 0.23)
(0.155 0.005 0.23)
(0.16 0.005 0.23)
(0.165 0.005 0.23)
(0.17 0.005 0.23)
(0.175 0.005 0.23)
(0.18 0.005 0.23)
(0.185 0.005 0.23)
(0.19 0.005 0.23)
(0.195 0.005 0.23)
(0.2 0.005 0.23)
(0.205 0.005 0.23)
(0.21 0.005 0.23)
(0.215 0.005 0.23)
(0.22 0.005 0.23)
(0.225 0.005 0.23)
(0.23 0.005 0.23)
(0.235 0.005 0.23)
(0.24 0.005 0.23)
(0.245 0.005 0.23)
(0.25 0.005 0.23)
(0.255 0.005 0.23)
(0.26 0.005 0.23)
(0.265 0.005 0.23)
(0.27 0.005 0.23)
(0.275 0.005 0.23)
(0.28 0.005 0.23)
(0.285 0.005 0.23)
(0.29 0.005 0.23)
(0.295 0.005 0.23)
(0.3 0.005 0.23)
(0 0.01 0.23)
(0.005 0.01 0.23)
(0.01 0.01 0.23)
(0.015 0.01 0.23)
(0.02 0.01 0.23)
(0.025 0.01 0.23)
(0.03 0.01 0.23)
(0.035 0.01 0.23)
(0.04 0.01 0.23)
(0.045 0.01 0.23)
(0.05 0.01 0.23)
(0.055 0.01 0.23)
(0.06 0.01 0.23)
(0.065 0.01 0.23)
(0.07 0.01 0.23)
(0.075 0.01 0.23)
(0.08 0.01 0.23)
(0.085 0.01 0.23)
(0.09 0.01 0.23)
(0.095 0.01 0.23)
(0.1 0.01 0.23)
(0.105 0.01 0.23)
(0.11 0.01 0.23)
(0.115 0.01 0.23)
(0.12 0.01 0.23)
(0.125 0.01 0.23)
(0.13 0.01 0.23)
(0.135 0.01 0.23)
(0.14 0.01 0.23)
(0.145 0.01 0.23)
(0.15 0.01 0.23)
(0.155 0.01 0.23)
(0.16 0.01 0.23)
(0.165 0.01 0.23)
(0.17 0.01 0.23)
(0.175 0.01 0.23)
(0.18 0.01 0.23)
(0.185 0.01 0.23)
(0.19 0.01 0.23)
(0.195 0.01 0.23)
(0.2 0.01 0.23)
(0.205 0.01 0.23)
(0.21 0.01 0.23)
(0.215 0.01 0.23)
(0.22 0.01 0.23)
(0.225 0.01 0.23)
(0.23 0.01 0.23)
(0.235 0.01 0.23)
(0.24 0.01 0.23)
(0.245 0.01 0.23)
(0.25 0.01 0.23)
(0.255 0.01 0.23)
(0.26 0.01 0.23)
(0.265 0.01 0.23)
(0.27 0.01 0.23)
(0.275 0.01 0.23)
(0.28 0.01 0.23)
(0.285 0.01 0.23)
(0.29 0.01 0.23)
(0.295 0.01 0.23)
(0.3 0.01 0.23)
(0 0 0.235)
(0.005 0 0.235)
(0.01 0 0.235)
(0.015 0 0.235)
(0.02 0 0.235)
(0.025 0 0.235)
(0.03 0 0.235)
(0.035 0 0.235)
(0.04 0 0.235)
(0.045 0 0.235)
(0.05 0 0.235)
(0.055 0 0.235)
(0.06 0 0.235)
(0.065 0 0.235)
(0.07 0 0.235)
(0.075 0 0.235)
(0.08 0 0.235)
(0.085 0 0.235)
(0.09 0 0.235)
(0.095 0 0.235)
(0.1 0 0.235)
(0.105 0 0.235)
(0.11 0 0.235)
(0.115 0 0.235)
(0.12 0 0.235)
(0.125 0 0.235)
(0.13 0 0.235)
(0.135 0 0.235)
(0.14 0 0.235)
(0.145 0 0.235)
(0.15 0 0.235)
(0.155 0 0.235)
(0.16 0 0.235)
(0.165 0 0.235)
(0.17 0 0.235)
(0.175 0 0.235)
(0.18 0 0.235)
(0.185 0 0.235)
(0.19 0 0.235)
(0.195 0 0.235)
(0.2 0 0.235)
(0.205 0 0.235)
(0.21 0 0.235)
(0.215 0 0.235)
(0.22 0 0.235)
(0.225 0 0.235)
(0.23 0 0.235)
(0.235 0 0.235)
(0.24 0 0.235)
(0.245 0 0.235)
(0.25 0 0.235)
(0.255 0 0.235)
(0.26 0 0.235)
(0.265 0 0.235)
(0.27 0 0.235)
(0.275 0 0.235)
(0.28 0 0.235)
(0.285 0 0.235)
(0.29 0 0.235)
(0.295 0 0.235)
(0.3 0 0.235)
(0 0.005 0.235)
(0.005 0.005 0.235)
(0.01 0.005 0.235)
(0.015 0.005 0.235)
(0.02 0.005 0.235)
(0.025 0.005 0.235)
(0.03 0.005 0.235)
(0.035 0.005 0.235)
(0.04 0.005 0.235)
(0.045 0.005 0.235)
(0.05 0.005 0.235)
(0.055 0.005 0.235)
(0.06 0.005 0.235)
(0.065 0.005 0.235)
(0.07 0.005 0.235)
(0.075 0.005 0.235)
(0.08 0.005 0.235)
(0.085 0.005 0.235)
(0.09 0.005 0.235)
(0.095 0.005 0.235)
(0.1 0.005 0.235)
(0.105 0.005 0.235)
(0.11 0.005 0.235)
(0.115 0.005 0.235)
(0.12 0.005 0.235)
(0.125 0.005 0.235)
(0.13 0.005 0.235)
(0.135 0.005 0.235)
(0.14 0.005 0.235)
(0.145 0.005 0.235)
(0.15 0.005 0.235)
(0.155 0.005 0.235)
(0.16 0.005 0.235)
(0.165 0.005 0.235)
(0.17 0.005 0.235)
(0.175 0.005 0.235)
(0.18 0.005 0.235)
(0.185 0.005 0.235)
(0.19 0.005 0.235)
(0.195 0.005 0.235)
(0.2 0.005 0.235)
(0.205 0.005 0.235)
(0.21 0.005 0.235)
(0.215 0.005 0.235)
(0.22 0.005 0.235)
(0.225 0.005 0.235)
(0.23 0.005 0.235)
(0.235 0.005 0.235)
(0.24 0.005 0.235)
(0.245 0.005 0.235)
(0.25 0.005 0.235)
(0.255 0.005 0.235)
(0.26 0.005 0.235)
(0.265 0.005 0.235)
(0.27 0.005 0.235)
(0.275 0.005 0.235)
(0.28 0.005 0.235)
(0.285 0.005 0.235)
(0.29 0.005 0.235)
(0.295 0.005 0.235)
(0.3 0.005 0.235)
(0 0.01 0.235)
(0.005 0.01 0.235)
(0.01 0.01 0.235)
(0.015 0.01 0.235)
(0.02 0.01 0.235)
(0.025 0.01 0.235)
(0.03 0.01 0.235)
(0.035 0.01 0.235)
(0.04 0.01 0.235)
(0.045 0.01 0.235)
(0.05 0.01 0.235)
(0.055 0.01 0.235)
(0.06 0.01 0.235)
(0.065 0.01 0.235)
(0.07 0.01 0.235)
(0.075 0.01 0.235)
(0.08 0.01 0.235)
(0.085 0.01 0.235)
(0.09 0.01 0.235)
(0.095 0.01 0.235)
(0.1 0.01 0.235)
(0.105 0.01 0.235)
(0.11 0.01 0.235)
(0.115 0.01 0.235)
(0.12 0.01 0.235)
(0.125 0.01 0.235)
(0.13 0.01 0.235)
(0.135 0.01 0.235)
(0.14 0.01 0.235)
(0.145 0.01 0.235)
(0.15 0.01 0.235)
(0.155 0.01 0.235)
(0.16 0.01 0.235)
(0.165 0.01 0.235)
(0.17 0.01 0.235)
(0.175 0.01 0.235)
(0.18 0.01 0.235)
(0.185 0.01 0.235)
(0.19 0.01 0.235)
(0.195 0.01 0.235)
(0.2 0.01 0.235)
(0.205 0.01 0.235)
(0.21 0.01 0.235)
(0.215 0.01 0.235)
(0.22 0.01 0.235)
(0.225 0.01 0.235)
(0.23 0.01 0.235)
(0.235 0.01 0.235)
(0.24 0.01 0.235)
(0.245 0.01 0.235)
(0.25 0.01 0.235)
(0.255 0.01 0.235)
(0.26 0.01 0.235)
(0.265 0.01 0.235)
(0.27 0.01 0.235)
(0.275 0.01 0.235)
(0.28 0.01 0.235)
(0.285 0.01 0.235)
(0.29 0.01 0.235)
(0.295 0.01 0.235)
(0.3 0.01 0.235)
(0 0 0.24)
(0.005 0 0.24)
(0.01 0 0.24)
(0.015 0 0.24)
(0.02 0 0.24)
(0.025 0 0.24)
(0.03 0 0.24)
(0.035 0 0.24)
(0.04 0 0.24)
(0.045 0 0.24)
(0.05 0 0.24)
(0.055 0 0.24)
(0.06 0 0.24)
(0.065 0 0.24)
(0.07 0 0.24)
(0.075 0 0.24)
(0.08 0 0.24)
(0.085 0 0.24)
(0.09 0 0.24)
(0.095 0 0.24)
(0.1 0 0.24)
(0.105 0 0.24)
(0.11 0 0.24)
(0.115 0 0.24)
(0.12 0 0.24)
(0.125 0 0.24)
(0.13 0 0.24)
(0.135 0 0.24)
(0.14 0 0.24)
(0.145 0 0.24)
(0.15 0 0.24)
(0.155 0 0.24)
(0.16 0 0.24)
(0.165 0 0.24)
(0.17 0 0.24)
(0.175 0 0.24)
(0.18 0 0.24)
(0.185 0 0.24)
(0.19 0 0.24)
(0.195 0 0.24)
(0.2 0 0.24)
(0.205 0 0.24)
(0.21 0 0.24)
(0.215 0 0.24)
(0.22 0 0.24)
(0.225 0 0.24)
(0.23 0 0.24)
(0.235 0 0.24)
(0.24 0 0.24)
(0.245 0 0.24)
(0.25 0 0.24)
(0.255 0 0.24)
(0.26 0 0.24)
(0.265 0 0.24)
(0.27 0 0.24)
(0.275 0 0.24)
(0.28 0 0.24)
(0.285 0 0.24)
(0.29 0 0.24)
(0.295 0 0.24)
(0.3 0 0.24)
(0 0.005 0.24)
(0.005 0.005 0.24)
(0.01 0.005 0.24)
(0.015 0.005 0.24)
(0.02 0.005 0.24)
(0.025 0.005 0.24)
(0.03 0.005 0.24)
(0.035 0.005 0.24)
(0.04 0.005 0.24)
(0.045 0.005 0.24)
(0.05 0.005 0.24)
(0.055 0.005 0.24)
(0.06 0.005 0.24)
(0.065 0.005 0.24)
(0.07 0.005 0.24)
(0.075 0.005 0.24)
(0.08 0.005 0.24)
(0.085 0.005 0.24)
(0.09 0.005 0.24)
(0.095 0.005 0.24)
(0.1 0.005 0.24)
(0.105 0.005 0.24)
(0.11 0.005 0.24)
(0.115 0.005 0.24)
(0.12 0.005 0.24)
(0.125 0.005 0.24)
(0.13 0.005 0.24)
(0.135 0.005 0.24)
(0.14 0.005 0.24)
(0.145 0.005 0.24)
(0.15 0.005 0.24)
(0.155 0.005 0.24)
(0.16 0.005 0.24)
(0.165 0.005 0.24)
(0.17 0.005 0.24)
(0.175 0.005 0.24)
(0.18 0.005 0.24)
(0.185 0.005 0.24)
(0.19 0.005 0.24)
(0.195 0.005 0.24)
(0.2 0.005 0.24)
(0.205 0.005 0.24)
(0.21 0.005 0.24)
(0.215 0.005 0.24)
(0.22 0.005 0.24)
(0.225 0.005 0.24)
(0.23 0.005 0.24)
(0.235 0.005 0.24)
(0.24 0.005 0.24)
(0.245 0.005 0.24)
(0.25 0.005 0.24)
(0.255 0.005 0.24)
(0.26 0.005 0.24)
(0.265 0.005 0.24)
(0.27 0.005 0.24)
(0.275 0.005 0.24)
(0.28 0.005 0.24)
(0.285 0.005 0.24)
(0.29 0.005 0.24)
(0.295 0.005 0.24)
(0.3 0.005 0.24)
(0 0.01 0.24)
(0.005 0.01 0.24)
(0.01 0.01 0.24)
(0.015 0.01 0.24)
(0.02 0.01 0.24)
(0.025 0.01 0.24)
(0.03 0.01 0.24)
(0.035 0.01 0.24)
(0.04 0.01 0.24)
(0.045 0.01 0.24)
(0.05 0.01 0.24)
(0.055 0.01 0.24)
(0.06 0.01 0.24)
(0.065 0.01 0.24)
(0.07 0.01 0.24)
(0.075 0.01 0.24)
(0.08 0.01 0.24)
(0.085 0.01 0.24)
(0.09 0.01 0.24)
(0.095 0.01 0.24)
(0.1 0.01 0.24)
(0.105 0.01 0.24)
(0.11 0.01 0.24)
(0.115 0.01 0.24)
(0.12 0.01 0.24)
(0.125 0.01 0.24)
(0.13 0.01 0.24)
(0.135 0.01 0.24)
(0.14 0.01 0.24)
(0.145 0.01 0.24)
(0.15 0.01 0.24)
(0.155 0.01 0.24)
(0.16 0.01 0.24)
(0.165 0.01 0.24)
(0.17 0.01 0.24)
(0.175 0.01 0.24)
(0.18 0.01 0.24)
(0.185 0.01 0.24)
(0.19 0.01 0.24)
(0.195 0.01 0.24)
(0.2 0.01 0.24)
(0.205 0.01 0.24)
(0.21 0.01 0.24)
(0.215 0.01 0.24)
(0.22 0.01 0.24)
(0.225 0.01 0.24)
(0.23 0.01 0.24)
(0.235 0.01 0.24)
(0.24 0.01 0.24)
(0.245 0.01 0.24)
(0.25 0.01 0.24)
(0.255 0.01 0.24)
(0.26 0.01 0.24)
(0.265 0.01 0.24)
(0.27 0.01 0.24)
(0.275 0.01 0.24)
(0.28 0.01 0.24)
(0.285 0.01 0.24)
(0.29 0.01 0.24)
(0.295 0.01 0.24)
(0.3 0.01 0.24)
(0 0 0.245)
(0.005 0 0.245)
(0.01 0 0.245)
(0.015 0 0.245)
(0.02 0 0.245)
(0.025 0 0.245)
(0.03 0 0.245)
(0.035 0 0.245)
(0.04 0 0.245)
(0.045 0 0.245)
(0.05 0 0.245)
(0.055 0 0.245)
(0.06 0 0.245)
(0.065 0 0.245)
(0.07 0 0.245)
(0.075 0 0.245)
(0.08 0 0.245)
(0.085 0 0.245)
(0.09 0 0.245)
(0.095 0 0.245)
(0.1 0 0.245)
(0.105 0 0.245)
(0.11 0 0.245)
(0.115 0 0.245)
(0.12 0 0.245)
(0.125 0 0.245)
(0.13 0 0.245)
(0.135 0 0.245)
(0.14 0 0.245)
(0.145 0 0.245)
(0.15 0 0.245)
(0.155 0 0.245)
(0.16 0 0.245)
(0.165 0 0.245)
(0.17 0 0.245)
(0.175 0 0.245)
(0.18 0 0.245)
(0.185 0 0.245)
(0.19 0 0.245)
(0.195 0 0.245)
(0.2 0 0.245)
(0.205 0 0.245)
(0.21 0 0.245)
(0.215 0 0.245)
(0.22 0 0.245)
(0.225 0 0.245)
(0.23 0 0.245)
(0.235 0 0.245)
(0.24 0 0.245)
(0.245 0 0.245)
(0.25 0 0.245)
(0.255 0 0.245)
(0.26 0 0.245)
(0.265 0 0.245)
(0.27 0 0.245)
(0.275 0 0.245)
(0.28 0 0.245)
(0.285 0 0.245)
(0.29 0 0.245)
(0.295 0 0.245)
(0.3 0 0.245)
(0 0.005 0.245)
(0.005 0.005 0.245)
(0.01 0.005 0.245)
(0.015 0.005 0.245)
(0.02 0.005 0.245)
(0.025 0.005 0.245)
(0.03 0.005 0.245)
(0.035 0.005 0.245)
(0.04 0.005 0.245)
(0.045 0.005 0.245)
(0.05 0.005 0.245)
(0.055 0.005 0.245)
(0.06 0.005 0.245)
(0.065 0.005 0.245)
(0.07 0.005 0.245)
(0.075 0.005 0.245)
(0.08 0.005 0.245)
(0.085 0.005 0.245)
(0.09 0.005 0.245)
(0.095 0.005 0.245)
(0.1 0.005 0.245)
(0.105 0.005 0.245)
(0.11 0.005 0.245)
(0.115 0.005 0.245)
(0.12 0.005 0.245)
(0.125 0.005 0.245)
(0.13 0.005 0.245)
(0.135 0.005 0.245)
(0.14 0.005 0.245)
(0.145 0.005 0.245)
(0.15 0.005 0.245)
(0.155 0.005 0.245)
(0.16 0.005 0.245)
(0.165 0.005 0.245)
(0.17 0.005 0.245)
(0.175 0.005 0.245)
(0.18 0.005 0.245)
(0.185 0.005 0.245)
(0.19 0.005 0.245)
(0.195 0.005 0.245)
(0.2 0.005 0.245)
(0.205 0.005 0.245)
(0.21 0.005 0.245)
(0.215 0.005 0.245)
(0.22 0.005 0.245)
(0.225 0.005 0.245)
(0.23 0.005 0.245)
(0.235 0.005 0.245)
(0.24 0.005 0.245)
(0.245 0.005 0.245)
(0.25 0.005 0.245)
(0.255 0.005 0.245)
(0.26 0.005 0.245)
(0.265 0.005 0.245)
(0.27 0.005 0.245)
(0.275 0.005 0.245)
(0.28 0.005 0.245)
(0.285 0.005 0.245)
(0.29 0.005 0.245)
(0.295 0.005 0.245)
(0.3 0.005 0.245)
(0 0.01 0.245)
(0.005 0.01 0.245)
(0.01 0.01 0.245)
(0.015 0.01 0.245)
(0.02 0.01 0.245)
(0.025 0.01 0.245)
(0.03 0.01 0.245)
(0.035 0.01 0.245)
(0.04 0.01 0.245)
(0.045 0.01 0.245)
(0.05 0.01 0.245)
(0.055 0.01 0.245)
(0.06 0.01 0.245)
(0.065 0.01 0.245)
(0.07 0.01 0.245)
(0.075 0.01 0.245)
(0.08 0.01 0.245)
(0.085 0.01 0.245)
(0.09 0.01 0.245)
(0.095 0.01 0.245)
(0.1 0.01 0.245)
(0.105 0.01 0.245)
(0.11 0.01 0.245)
(0.115 0.01 0.245)
(0.12 0.01 0.245)
(0.125 0.01 0.245)
(0.13 0.01 0.245)
(0.135 0.01 0.245)
(0.14 0.01 0.245)
(0.145 0.01 0.245)
(0.15 0.01 0.245)
(0.155 0.01 0.245)
(0.16 0.01 0.245)
(0.165 0.01 0.245)
(0.17 0.01 0.245)
(0.175 0.01 0.245)
(0.18 0.01 0.245)
(0.185 0.01 0.245)
(0.19 0.01 0.245)
(0.195 0.01 0.245)
(0.2 0.01 0.245)
(0.205 0.01 0.245)
(0.21 0.01 0.245)
(0.215 0.01 0.245)
(0.22 0.01 0.245)
(0.225 0.01 0.245)
(0.23 0.01 0.245)
(0.235 0.01 0.245)
(0.24 0.01 0.245)
(0.245 0.01 0.245)
(0.25 0.01 0.245)
(0.255 0.01 0.245)
(0.26 0.01 0.245)
(0.265 0.01 0.245)
(0.27 0.01 0.245)
(0.275 0.01 0.245)
(0.28 0.01 0.245)
(0.285 0.01 0.245)
(0.29 0.01 0.245)
(0.295 0.01 0.245)
(0.3 0.01 0.245)
(0 0 0.25)
(0.005 0 0.25)
(0.01 0 0.25)
(0.015 0 0.25)
(0.02 0 0.25)
(0.025 0 0.25)
(0.03 0 0.25)
(0.035 0 0.25)
(0.04 0 0.25)
(0.045 0 0.25)
(0.05 0 0.25)
(0.055 0 0.25)
(0.06 0 0.25)
(0.065 0 0.25)
(0.07 0 0.25)
(0.075 0 0.25)
(0.08 0 0.25)
(0.085 0 0.25)
(0.09 0 0.25)
(0.095 0 0.25)
(0.1 0 0.25)
(0.105 0 0.25)
(0.11 0 0.25)
(0.115 0 0.25)
(0.12 0 0.25)
(0.125 0 0.25)
(0.13 0 0.25)
(0.135 0 0.25)
(0.14 0 0.25)
(0.145 0 0.25)
(0.15 0 0.25)
(0.155 0 0.25)
(0.16 0 0.25)
(0.165 0 0.25)
(0.17 0 0.25)
(0.175 0 0.25)
(0.18 0 0.25)
(0.185 0 0.25)
(0.19 0 0.25)
(0.195 0 0.25)
(0.2 0 0.25)
(0.205 0 0.25)
(0.21 0 0.25)
(0.215 0 0.25)
(0.22 0 0.25)
(0.225 0 0.25)
(0.23 0 0.25)
(0.235 0 0.25)
(0.24 0 0.25)
(0.245 0 0.25)
(0.25 0 0.25)
(0.255 0 0.25)
(0.26 0 0.25)
(0.265 0 0.25)
(0.27 0 0.25)
(0.275 0 0.25)
(0.28 0 0.25)
(0.285 0 0.25)
(0.29 0 0.25)
(0.295 0 0.25)
(0.3 0 0.25)
(0 0.005 0.25)
(0.005 0.005 0.25)
(0.01 0.005 0.25)
(0.015 0.005 0.25)
(0.02 0.005 0.25)
(0.025 0.005 0.25)
(0.03 0.005 0.25)
(0.035 0.005 0.25)
(0.04 0.005 0.25)
(0.045 0.005 0.25)
(0.05 0.005 0.25)
(0.055 0.005 0.25)
(0.06 0.005 0.25)
(0.065 0.005 0.25)
(0.07 0.005 0.25)
(0.075 0.005 0.25)
(0.08 0.005 0.25)
(0.085 0.005 0.25)
(0.09 0.005 0.25)
(0.095 0.005 0.25)
(0.1 0.005 0.25)
(0.105 0.005 0.25)
(0.11 0.005 0.25)
(0.115 0.005 0.25)
(0.12 0.005 0.25)
(0.125 0.005 0.25)
(0.13 0.005 0.25)
(0.135 0.005 0.25)
(0.14 0.005 0.25)
(0.145 0.005 0.25)
(0.15 0.005 0.25)
(0.155 0.005 0.25)
(0.16 0.005 0.25)
(0.165 0.005 0.25)
(0.17 0.005 0.25)
(0.175 0.005 0.25)
(0.18 0.005 0.25)
(0.185 0.005 0.25)
(0.19 0.005 0.25)
(0.195 0.005 0.25)
(0.2 0.005 0.25)
(0.205 0.005 0.25)
(0.21 0.005 0.25)
(0.215 0.005 0.25)
(0.22 0.005 0.25)
(0.225 0.005 0.25)
(0.23 0.005 0.25)
(0.235 0.005 0.25)
(0.24 0.005 0.25)
(0.245 0.005 0.25)
(0.25 0.005 0.25)
(0.255 0.005 0.25)
(0.26 0.005 0.25)
(0.265 0.005 0.25)
(0.27 0.005 0.25)
(0.275 0.005 0.25)
(0.28 0.005 0.25)
(0.285 0.005 0.25)
(0.29 0.005 0.25)
(0.295 0.005 0.25)
(0.3 0.005 0.25)
(0 0.01 0.25)
(0.005 0.01 0.25)
(0.01 0.01 0.25)
(0.015 0.01 0.25)
(0.02 0.01 0.25)
(0.025 0.01 0.25)
(0.03 0.01 0.25)
(0.035 0.01 0.25)
(0.04 0.01 0.25)
(0.045 0.01 0.25)
(0.05 0.01 0.25)
(0.055 0.01 0.25)
(0.06 0.01 0.25)
(0.065 0.01 0.25)
(0.07 0.01 0.25)
(0.075 0.01 0.25)
(0.08 0.01 0.25)
(0.085 0.01 0.25)
(0.09 0.01 0.25)
(0.095 0.01 0.25)
(0.1 0.01 0.25)
(0.105 0.01 0.25)
(0.11 0.01 0.25)
(0.115 0.01 0.25)
(0.12 0.01 0.25)
(0.125 0.01 0.25)
(0.13 0.01 0.25)
(0.135 0.01 0.25)
(0.14 0.01 0.25)
(0.145 0.01 0.25)
(0.15 0.01 0.25)
(0.155 0.01 0.25)
(0.16 0.01 0.25)
(0.165 0.01 0.25)
(0.17 0.01 0.25)
(0.175 0.01 0.25)
(0.18 0.01 0.25)
(0.185 0.01 0.25)
(0.19 0.01 0.25)
(0.195 0.01 0.25)
(0.2 0.01 0.25)
(0.205 0.01 0.25)
(0.21 0.01 0.25)
(0.215 0.01 0.25)
(0.22 0.01 0.25)
(0.225 0.01 0.25)
(0.23 0.01 0.25)
(0.235 0.01 0.25)
(0.24 0.01 0.25)
(0.245 0.01 0.25)
(0.25 0.01 0.25)
(0.255 0.01 0.25)
(0.26 0.01 0.25)
(0.265 0.01 0.25)
(0.27 0.01 0.25)
(0.275 0.01 0.25)
(0.28 0.01 0.25)
(0.285 0.01 0.25)
(0.29 0.01 0.25)
(0.295 0.01 0.25)
(0.3 0.01 0.25)
(0 0 0.255)
(0.005 0 0.255)
(0.01 0 0.255)
(0.015 0 0.255)
(0.02 0 0.255)
(0.025 0 0.255)
(0.03 0 0.255)
(0.035 0 0.255)
(0.04 0 0.255)
(0.045 0 0.255)
(0.05 0 0.255)
(0.055 0 0.255)
(0.06 0 0.255)
(0.065 0 0.255)
(0.07 0 0.255)
(0.075 0 0.255)
(0.08 0 0.255)
(0.085 0 0.255)
(0.09 0 0.255)
(0.095 0 0.255)
(0.1 0 0.255)
(0.105 0 0.255)
(0.11 0 0.255)
(0.115 0 0.255)
(0.12 0 0.255)
(0.125 0 0.255)
(0.13 0 0.255)
(0.135 0 0.255)
(0.14 0 0.255)
(0.145 0 0.255)
(0.15 0 0.255)
(0.155 0 0.255)
(0.16 0 0.255)
(0.165 0 0.255)
(0.17 0 0.255)
(0.175 0 0.255)
(0.18 0 0.255)
(0.185 0 0.255)
(0.19 0 0.255)
(0.195 0 0.255)
(0.2 0 0.255)
(0.205 0 0.255)
(0.21 0 0.255)
(0.215 0 0.255)
(0.22 0 0.255)
(0.225 0 0.255)
(0.23 0 0.255)
(0.235 0 0.255)
(0.24 0 0.255)
(0.245 0 0.255)
(0.25 0 0.255)
(0.255 0 0.255)
(0.26 0 0.255)
(0.265 0 0.255)
(0.27 0 0.255)
(0.275 0 0.255)
(0.28 0 0.255)
(0.285 0 0.255)
(0.29 0 0.255)
(0.295 0 0.255)
(0.3 0 0.255)
(0 0.005 0.255)
(0.005 0.005 0.255)
(0.01 0.005 0.255)
(0.015 0.005 0.255)
(0.02 0.005 0.255)
(0.025 0.005 0.255)
(0.03 0.005 0.255)
(0.035 0.005 0.255)
(0.04 0.005 0.255)
(0.045 0.005 0.255)
(0.05 0.005 0.255)
(0.055 0.005 0.255)
(0.06 0.005 0.255)
(0.065 0.005 0.255)
(0.07 0.005 0.255)
(0.075 0.005 0.255)
(0.08 0.005 0.255)
(0.085 0.005 0.255)
(0.09 0.005 0.255)
(0.095 0.005 0.255)
(0.1 0.005 0.255)
(0.105 0.005 0.255)
(0.11 0.005 0.255)
(0.115 0.005 0.255)
(0.12 0.005 0.255)
(0.125 0.005 0.255)
(0.13 0.005 0.255)
(0.135 0.005 0.255)
(0.14 0.005 0.255)
(0.145 0.005 0.255)
(0.15 0.005 0.255)
(0.155 0.005 0.255)
(0.16 0.005 0.255)
(0.165 0.005 0.255)
(0.17 0.005 0.255)
(0.175 0.005 0.255)
(0.18 0.005 0.255)
(0.185 0.005 0.255)
(0.19 0.005 0.255)
(0.195 0.005 0.255)
(0.2 0.005 0.255)
(0.205 0.005 0.255)
(0.21 0.005 0.255)
(0.215 0.005 0.255)
(0.22 0.005 0.255)
(0.225 0.005 0.255)
(0.23 0.005 0.255)
(0.235 0.005 0.255)
(0.24 0.005 0.255)
(0.245 0.005 0.255)
(0.25 0.005 0.255)
(0.255 0.005 0.255)
(0.26 0.005 0.255)
(0.265 0.005 0.255)
(0.27 0.005 0.255)
(0.275 0.005 0.255)
(0.28 0.005 0.255)
(0.285 0.005 0.255)
(0.29 0.005 0.255)
(0.295 0.005 0.255)
(0.3 0.005 0.255)
(0 0.01 0.255)
(0.005 0.01 0.255)
(0.01 0.01 0.255)
(0.015 0.01 0.255)
(0.02 0.01 0.255)
(0.025 0.01 0.255)
(0.03 0.01 0.255)
(0.035 0.01 0.255)
(0.04 0.01 0.255)
(0.045 0.01 0.255)
(0.05 0.01 0.255)
(0.055 0.01 0.255)
(0.06 0.01 0.255)
(0.065 0.01 0.255)
(0.07 0.01 0.255)
(0.075 0.01 0.255)
(0.08 0.01 0.255)
(0.085 0.01 0.255)
(0.09 0.01 0.255)
(0.095 0.01 0.255)
(0.1 0.01 0.255)
(0.105 0.01 0.255)
(0.11 0.01 0.255)
(0.115 0.01 0.255)
(0.12 0.01 0.255)
(0.125 0.01 0.255)
(0.13 0.01 0.255)
(0.135 0.01 0.255)
(0.14 0.01 0.255)
(0.145 0.01 0.255)
(0.15 0.01 0.255)
(0.155 0.01 0.255)
(0.16 0.01 0.255)
(0.165 0.01 0.255)
(0.17 0.01 0.255)
(0.175 0.01 0.255)
(0.18 0.01 0.255)
(0.185 0.01 0.255)
(0.19 0.01 0.255)
(0.195 0.01 0.255)
(0.2 0.01 0.255)
(0.205 0.01 0.255)
(0.21 0.01 0.255)
(0.215 0.01 0.255)
(0.22 0.01 0.255)
(0.225 0.01 0.255)
(0.23 0.01 0.255)
(0.235 0.01 0.255)
(0.24 0.01 0.255)
(0.245 0.01 0.255)
(0.25 0.01 0.255)
(0.255 0.01 0.255)
(0.26 0.01 0.255)
(0.265 0.01 0.255)
(0.27 0.01 0.255)
(0.275 0.01 0.255)
(0.28 0.01 0.255)
(0.285 0.01 0.255)
(0.29 0.01 0.255)
(0.295 0.01 0.255)
(0.3 0.01 0.255)
(0 0 0.26)
(0.005 0 0.26)
(0.01 0 0.26)
(0.015 0 0.26)
(0.02 0 0.26)
(0.025 0 0.26)
(0.03 0 0.26)
(0.035 0 0.26)
(0.04 0 0.26)
(0.045 0 0.26)
(0.05 0 0.26)
(0.055 0 0.26)
(0.06 0 0.26)
(0.065 0 0.26)
(0.07 0 0.26)
(0.075 0 0.26)
(0.08 0 0.26)
(0.085 0 0.26)
(0.09 0 0.26)
(0.095 0 0.26)
(0.1 0 0.26)
(0.105 0 0.26)
(0.11 0 0.26)
(0.115 0 0.26)
(0.12 0 0.26)
(0.125 0 0.26)
(0.13 0 0.26)
(0.135 0 0.26)
(0.14 0 0.26)
(0.145 0 0.26)
(0.15 0 0.26)
(0.155 0 0.26)
(0.16 0 0.26)
(0.165 0 0.26)
(0.17 0 0.26)
(0.175 0 0.26)
(0.18 0 0.26)
(0.185 0 0.26)
(0.19 0 0.26)
(0.195 0 0.26)
(0.2 0 0.26)
(0.205 0 0.26)
(0.21 0 0.26)
(0.215 0 0.26)
(0.22 0 0.26)
(0.225 0 0.26)
(0.23 0 0.26)
(0.235 0 0.26)
(0.24 0 0.26)
(0.245 0 0.26)
(0.25 0 0.26)
(0.255 0 0.26)
(0.26 0 0.26)
(0.265 0 0.26)
(0.27 0 0.26)
(0.275 0 0.26)
(0.28 0 0.26)
(0.285 0 0.26)
(0.29 0 0.26)
(0.295 0 0.26)
(0.3 0 0.26)
(0 0.005 0.26)
(0.005 0.005 0.26)
(0.01 0.005 0.26)
(0.015 0.005 0.26)
(0.02 0.005 0.26)
(0.025 0.005 0.26)
(0.03 0.005 0.26)
(0.035 0.005 0.26)
(0.04 0.005 0.26)
(0.045 0.005 0.26)
(0.05 0.005 0.26)
(0.055 0.005 0.26)
(0.06 0.005 0.26)
(0.065 0.005 0.26)
(0.07 0.005 0.26)
(0.075 0.005 0.26)
(0.08 0.005 0.26)
(0.085 0.005 0.26)
(0.09 0.005 0.26)
(0.095 0.005 0.26)
(0.1 0.005 0.26)
(0.105 0.005 0.26)
(0.11 0.005 0.26)
(0.115 0.005 0.26)
(0.12 0.005 0.26)
(0.125 0.005 0.26)
(0.13 0.005 0.26)
(0.135 0.005 0.26)
(0.14 0.005 0.26)
(0.145 0.005 0.26)
(0.15 0.005 0.26)
(0.155 0.005 0.26)
(0.16 0.005 0.26)
(0.165 0.005 0.26)
(0.17 0.005 0.26)
(0.175 0.005 0.26)
(0.18 0.005 0.26)
(0.185 0.005 0.26)
(0.19 0.005 0.26)
(0.195 0.005 0.26)
(0.2 0.005 0.26)
(0.205 0.005 0.26)
(0.21 0.005 0.26)
(0.215 0.005 0.26)
(0.22 0.005 0.26)
(0.225 0.005 0.26)
(0.23 0.005 0.26)
(0.235 0.005 0.26)
(0.24 0.005 0.26)
(0.245 0.005 0.26)
(0.25 0.005 0.26)
(0.255 0.005 0.26)
(0.26 0.005 0.26)
(0.265 0.005 0.26)
(0.27 0.005 0.26)
(0.275 0.005 0.26)
(0.28 0.005 0.26)
(0.285 0.005 0.26)
(0.29 0.005 0.26)
(0.295 0.005 0.26)
(0.3 0.005 0.26)
(0 0.01 0.26)
(0.005 0.01 0.26)
(0.01 0.01 0.26)
(0.015 0.01 0.26)
(0.02 0.01 0.26)
(0.025 0.01 0.26)
(0.03 0.01 0.26)
(0.035 0.01 0.26)
(0.04 0.01 0.26)
(0.045 0.01 0.26)
(0.05 0.01 0.26)
(0.055 0.01 0.26)
(0.06 0.01 0.26)
(0.065 0.01 0.26)
(0.07 0.01 0.26)
(0.075 0.01 0.26)
(0.08 0.01 0.26)
(0.085 0.01 0.26)
(0.09 0.01 0.26)
(0.095 0.01 0.26)
(0.1 0.01 0.26)
(0.105 0.01 0.26)
(0.11 0.01 0.26)
(0.115 0.01 0.26)
(0.12 0.01 0.26)
(0.125 0.01 0.26)
(0.13 0.01 0.26)
(0.135 0.01 0.26)
(0.14 0.01 0.26)
(0.145 0.01 0.26)
(0.15 0.01 0.26)
(0.155 0.01 0.26)
(0.16 0.01 0.26)
(0.165 0.01 0.26)
(0.17 0.01 0.26)
(0.175 0.01 0.26)
(0.18 0.01 0.26)
(0.185 0.01 0.26)
(0.19 0.01 0.26)
(0.195 0.01 0.26)
(0.2 0.01 0.26)
(0.205 0.01 0.26)
(0.21 0.01 0.26)
(0.215 0.01 0.26)
(0.22 0.01 0.26)
(0.225 0.01 0.26)
(0.23 0.01 0.26)
(0.235 0.01 0.26)
(0.24 0.01 0.26)
(0.245 0.01 0.26)
(0.25 0.01 0.26)
(0.255 0.01 0.26)
(0.26 0.01 0.26)
(0.265 0.01 0.26)
(0.27 0.01 0.26)
(0.275 0.01 0.26)
(0.28 0.01 0.26)
(0.285 0.01 0.26)
(0.29 0.01 0.26)
(0.295 0.01 0.26)
(0.3 0.01 0.26)
(0 0 0.265)
(0.005 0 0.265)
(0.01 0 0.265)
(0.015 0 0.265)
(0.02 0 0.265)
(0.025 0 0.265)
(0.03 0 0.265)
(0.035 0 0.265)
(0.04 0 0.265)
(0.045 0 0.265)
(0.05 0 0.265)
(0.055 0 0.265)
(0.06 0 0.265)
(0.065 0 0.265)
(0.07 0 0.265)
(0.075 0 0.265)
(0.08 0 0.265)
(0.085 0 0.265)
(0.09 0 0.265)
(0.095 0 0.265)
(0.1 0 0.265)
(0.105 0 0.265)
(0.11 0 0.265)
(0.115 0 0.265)
(0.12 0 0.265)
(0.125 0 0.265)
(0.13 0 0.265)
(0.135 0 0.265)
(0.14 0 0.265)
(0.145 0 0.265)
(0.15 0 0.265)
(0.155 0 0.265)
(0.16 0 0.265)
(0.165 0 0.265)
(0.17 0 0.265)
(0.175 0 0.265)
(0.18 0 0.265)
(0.185 0 0.265)
(0.19 0 0.265)
(0.195 0 0.265)
(0.2 0 0.265)
(0.205 0 0.265)
(0.21 0 0.265)
(0.215 0 0.265)
(0.22 0 0.265)
(0.225 0 0.265)
(0.23 0 0.265)
(0.235 0 0.265)
(0.24 0 0.265)
(0.245 0 0.265)
(0.25 0 0.265)
(0.255 0 0.265)
(0.26 0 0.265)
(0.265 0 0.265)
(0.27 0 0.265)
(0.275 0 0.265)
(0.28 0 0.265)
(0.285 0 0.265)
(0.29 0 0.265)
(0.295 0 0.265)
(0.3 0 0.265)
(0 0.005 0.265)
(0.005 0.005 0.265)
(0.01 0.005 0.265)
(0.015 0.005 0.265)
(0.02 0.005 0.265)
(0.025 0.005 0.265)
(0.03 0.005 0.265)
(0.035 0.005 0.265)
(0.04 0.005 0.265)
(0.045 0.005 0.265)
(0.05 0.005 0.265)
(0.055 0.005 0.265)
(0.06 0.005 0.265)
(0.065 0.005 0.265)
(0.07 0.005 0.265)
(0.075 0.005 0.265)
(0.08 0.005 0.265)
(0.085 0.005 0.265)
(0.09 0.005 0.265)
(0.095 0.005 0.265)
(0.1 0.005 0.265)
(0.105 0.005 0.265)
(0.11 0.005 0.265)
(0.115 0.005 0.265)
(0.12 0.005 0.265)
(0.125 0.005 0.265)
(0.13 0.005 0.265)
(0.135 0.005 0.265)
(0.14 0.005 0.265)
(0.145 0.005 0.265)
(0.15 0.005 0.265)
(0.155 0.005 0.265)
(0.16 0.005 0.265)
(0.165 0.005 0.265)
(0.17 0.005 0.265)
(0.175 0.005 0.265)
(0.18 0.005 0.265)
(0.185 0.005 0.265)
(0.19 0.005 0.265)
(0.195 0.005 0.265)
(0.2 0.005 0.265)
(0.205 0.005 0.265)
(0.21 0.005 0.265)
(0.215 0.005 0.265)
(0.22 0.005 0.265)
(0.225 0.005 0.265)
(0.23 0.005 0.265)
(0.235 0.005 0.265)
(0.24 0.005 0.265)
(0.245 0.005 0.265)
(0.25 0.005 0.265)
(0.255 0.005 0.265)
(0.26 0.005 0.265)
(0.265 0.005 0.265)
(0.27 0.005 0.265)
(0.275 0.005 0.265)
(0.28 0.005 0.265)
(0.285 0.005 0.265)
(0.29 0.005 0.265)
(0.295 0.005 0.265)
(0.3 0.005 0.265)
(0 0.01 0.265)
(0.005 0.01 0.265)
(0.01 0.01 0.265)
(0.015 0.01 0.265)
(0.02 0.01 0.265)
(0.025 0.01 0.265)
(0.03 0.01 0.265)
(0.035 0.01 0.265)
(0.04 0.01 0.265)
(0.045 0.01 0.265)
(0.05 0.01 0.265)
(0.055 0.01 0.265)
(0.06 0.01 0.265)
(0.065 0.01 0.265)
(0.07 0.01 0.265)
(0.075 0.01 0.265)
(0.08 0.01 0.265)
(0.085 0.01 0.265)
(0.09 0.01 0.265)
(0.095 0.01 0.265)
(0.1 0.01 0.265)
(0.105 0.01 0.265)
(0.11 0.01 0.265)
(0.115 0.01 0.265)
(0.12 0.01 0.265)
(0.125 0.01 0.265)
(0.13 0.01 0.265)
(0.135 0.01 0.265)
(0.14 0.01 0.265)
(0.145 0.01 0.265)
(0.15 0.01 0.265)
(0.155 0.01 0.265)
(0.16 0.01 0.265)
(0.165 0.01 0.265)
(0.17 0.01 0.265)
(0.175 0.01 0.265)
(0.18 0.01 0.265)
(0.185 0.01 0.265)
(0.19 0.01 0.265)
(0.195 0.01 0.265)
(0.2 0.01 0.265)
(0.205 0.01 0.265)
(0.21 0.01 0.265)
(0.215 0.01 0.265)
(0.22 0.01 0.265)
(0.225 0.01 0.265)
(0.23 0.01 0.265)
(0.235 0.01 0.265)
(0.24 0.01 0.265)
(0.245 0.01 0.265)
(0.25 0.01 0.265)
(0.255 0.01 0.265)
(0.26 0.01 0.265)
(0.265 0.01 0.265)
(0.27 0.01 0.265)
(0.275 0.01 0.265)
(0.28 0.01 0.265)
(0.285 0.01 0.265)
(0.29 0.01 0.265)
(0.295 0.01 0.265)
(0.3 0.01 0.265)
(0 0 0.27)
(0.005 0 0.27)
(0.01 0 0.27)
(0.015 0 0.27)
(0.02 0 0.27)
(0.025 0 0.27)
(0.03 0 0.27)
(0.035 0 0.27)
(0.04 0 0.27)
(0.045 0 0.27)
(0.05 0 0.27)
(0.055 0 0.27)
(0.06 0 0.27)
(0.065 0 0.27)
(0.07 0 0.27)
(0.075 0 0.27)
(0.08 0 0.27)
(0.085 0 0.27)
(0.09 0 0.27)
(0.095 0 0.27)
(0.1 0 0.27)
(0.105 0 0.27)
(0.11 0 0.27)
(0.115 0 0.27)
(0.12 0 0.27)
(0.125 0 0.27)
(0.13 0 0.27)
(0.135 0 0.27)
(0.14 0 0.27)
(0.145 0 0.27)
(0.15 0 0.27)
(0.155 0 0.27)
(0.16 0 0.27)
(0.165 0 0.27)
(0.17 0 0.27)
(0.175 0 0.27)
(0.18 0 0.27)
(0.185 0 0.27)
(0.19 0 0.27)
(0.195 0 0.27)
(0.2 0 0.27)
(0.205 0 0.27)
(0.21 0 0.27)
(0.215 0 0.27)
(0.22 0 0.27)
(0.225 0 0.27)
(0.23 0 0.27)
(0.235 0 0.27)
(0.24 0 0.27)
(0.245 0 0.27)
(0.25 0 0.27)
(0.255 0 0.27)
(0.26 0 0.27)
(0.265 0 0.27)
(0.27 0 0.27)
(0.275 0 0.27)
(0.28 0 0.27)
(0.285 0 0.27)
(0.29 0 0.27)
(0.295 0 0.27)
(0.3 0 0.27)
(0 0.005 0.27)
(0.005 0.005 0.27)
(0.01 0.005 0.27)
(0.015 0.005 0.27)
(0.02 0.005 0.27)
(0.025 0.005 0.27)
(0.03 0.005 0.27)
(0.035 0.005 0.27)
(0.04 0.005 0.27)
(0.045 0.005 0.27)
(0.05 0.005 0.27)
(0.055 0.005 0.27)
(0.06 0.005 0.27)
(0.065 0.005 0.27)
(0.07 0.005 0.27)
(0.075 0.005 0.27)
(0.08 0.005 0.27)
(0.085 0.005 0.27)
(0.09 0.005 0.27)
(0.095 0.005 0.27)
(0.1 0.005 0.27)
(0.105 0.005 0.27)
(0.11 0.005 0.27)
(0.115 0.005 0.27)
(0.12 0.005 0.27)
(0.125 0.005 0.27)
(0.13 0.005 0.27)
(0.135 0.005 0.27)
(0.14 0.005 0.27)
(0.145 0.005 0.27)
(0.15 0.005 0.27)
(0.155 0.005 0.27)
(0.16 0.005 0.27)
(0.165 0.005 0.27)
(0.17 0.005 0.27)
(0.175 0.005 0.27)
(0.18 0.005 0.27)
(0.185 0.005 0.27)
(0.19 0.005 0.27)
(0.195 0.005 0.27)
(0.2 0.005 0.27)
(0.205 0.005 0.27)
(0.21 0.005 0.27)
(0.215 0.005 0.27)
(0.22 0.005 0.27)
(0.225 0.005 0.27)
(0.23 0.005 0.27)
(0.235 0.005 0.27)
(0.24 0.005 0.27)
(0.245 0.005 0.27)
(0.25 0.005 0.27)
(0.255 0.005 0.27)
(0.26 0.005 0.27)
(0.265 0.005 0.27)
(0.27 0.005 0.27)
(0.275 0.005 0.27)
(0.28 0.005 0.27)
(0.285 0.005 0.27)
(0.29 0.005 0.27)
(0.295 0.005 0.27)
(0.3 0.005 0.27)
(0 0.01 0.27)
(0.005 0.01 0.27)
(0.01 0.01 0.27)
(0.015 0.01 0.27)
(0.02 0.01 0.27)
(0.025 0.01 0.27)
(0.03 0.01 0.27)
(0.035 0.01 0.27)
(0.04 0.01 0.27)
(0.045 0.01 0.27)
(0.05 0.01 0.27)
(0.055 0.01 0.27)
(0.06 0.01 0.27)
(0.065 0.01 0.27)
(0.07 0.01 0.27)
(0.075 0.01 0.27)
(0.08 0.01 0.27)
(0.085 0.01 0.27)
(0.09 0.01 0.27)
(0.095 0.01 0.27)
(0.1 0.01 0.27)
(0.105 0.01 0.27)
(0.11 0.01 0.27)
(0.115 0.01 0.27)
(0.12 0.01 0.27)
(0.125 0.01 0.27)
(0.13 0.01 0.27)
(0.135 0.01 0.27)
(0.14 0.01 0.27)
(0.145 0.01 0.27)
(0.15 0.01 0.27)
(0.155 0.01 0.27)
(0.16 0.01 0.27)
(0.165 0.01 0.27)
(0.17 0.01 0.27)
(0.175 0.01 0.27)
(0.18 0.01 0.27)
(0.185 0.01 0.27)
(0.19 0.01 0.27)
(0.195 0.01 0.27)
(0.2 0.01 0.27)
(0.205 0.01 0.27)
(0.21 0.01 0.27)
(0.215 0.01 0.27)
(0.22 0.01 0.27)
(0.225 0.01 0.27)
(0.23 0.01 0.27)
(0.235 0.01 0.27)
(0.24 0.01 0.27)
(0.245 0.01 0.27)
(0.25 0.01 0.27)
(0.255 0.01 0.27)
(0.26 0.01 0.27)
(0.265 0.01 0.27)
(0.27 0.01 0.27)
(0.275 0.01 0.27)
(0.28 0.01 0.27)
(0.285 0.01 0.27)
(0.29 0.01 0.27)
(0.295 0.01 0.27)
(0.3 0.01 0.27)
(0 0 0.275)
(0.005 0 0.275)
(0.01 0 0.275)
(0.015 0 0.275)
(0.02 0 0.275)
(0.025 0 0.275)
(0.03 0 0.275)
(0.035 0 0.275)
(0.04 0 0.275)
(0.045 0 0.275)
(0.05 0 0.275)
(0.055 0 0.275)
(0.06 0 0.275)
(0.065 0 0.275)
(0.07 0 0.275)
(0.075 0 0.275)
(0.08 0 0.275)
(0.085 0 0.275)
(0.09 0 0.275)
(0.095 0 0.275)
(0.1 0 0.275)
(0.105 0 0.275)
(0.11 0 0.275)
(0.115 0 0.275)
(0.12 0 0.275)
(0.125 0 0.275)
(0.13 0 0.275)
(0.135 0 0.275)
(0.14 0 0.275)
(0.145 0 0.275)
(0.15 0 0.275)
(0.155 0 0.275)
(0.16 0 0.275)
(0.165 0 0.275)
(0.17 0 0.275)
(0.175 0 0.275)
(0.18 0 0.275)
(0.185 0 0.275)
(0.19 0 0.275)
(0.195 0 0.275)
(0.2 0 0.275)
(0.205 0 0.275)
(0.21 0 0.275)
(0.215 0 0.275)
(0.22 0 0.275)
(0.225 0 0.275)
(0.23 0 0.275)
(0.235 0 0.275)
(0.24 0 0.275)
(0.245 0 0.275)
(0.25 0 0.275)
(0.255 0 0.275)
(0.26 0 0.275)
(0.265 0 0.275)
(0.27 0 0.275)
(0.275 0 0.275)
(0.28 0 0.275)
(0.285 0 0.275)
(0.29 0 0.275)
(0.295 0 0.275)
(0.3 0 0.275)
(0 0.005 0.275)
(0.005 0.005 0.275)
(0.01 0.005 0.275)
(0.015 0.005 0.275)
(0.02 0.005 0.275)
(0.025 0.005 0.275)
(0.03 0.005 0.275)
(0.035 0.005 0.275)
(0.04 0.005 0.275)
(0.045 0.005 0.275)
(0.05 0.005 0.275)
(0.055 0.005 0.275)
(0.06 0.005 0.275)
(0.065 0.005 0.275)
(0.07 0.005 0.275)
(0.075 0.005 0.275)
(0.08 0.005 0.275)
(0.085 0.005 0.275)
(0.09 0.005 0.275)
(0.095 0.005 0.275)
(0.1 0.005 0.275)
(0.105 0.005 0.275)
(0.11 0.005 0.275)
(0.115 0.005 0.275)
(0.12 0.005 0.275)
(0.125 0.005 0.275)
(0.13 0.005 0.275)
(0.135 0.005 0.275)
(0.14 0.005 0.275)
(0.145 0.005 0.275)
(0.15 0.005 0.275)
(0.155 0.005 0.275)
(0.16 0.005 0.275)
(0.165 0.005 0.275)
(0.17 0.005 0.275)
(0.175 0.005 0.275)
(0.18 0.005 0.275)
(0.185 0.005 0.275)
(0.19 0.005 0.275)
(0.195 0.005 0.275)
(0.2 0.005 0.275)
(0.205 0.005 0.275)
(0.21 0.005 0.275)
(0.215 0.005 0.275)
(0.22 0.005 0.275)
(0.225 0.005 0.275)
(0.23 0.005 0.275)
(0.235 0.005 0.275)
(0.24 0.005 0.275)
(0.245 0.005 0.275)
(0.25 0.005 0.275)
(0.255 0.005 0.275)
(0.26 0.005 0.275)
(0.265 0.005 0.275)
(0.27 0.005 0.275)
(0.275 0.005 0.275)
(0.28 0.005 0.275)
(0.285 0.005 0.275)
(0.29 0.005 0.275)
(0.295 0.005 0.275)
(0.3 0.005 0.275)
(0 0.01 0.275)
(0.005 0.01 0.275)
(0.01 0.01 0.275)
(0.015 0.01 0.275)
(0.02 0.01 0.275)
(0.025 0.01 0.275)
(0.03 0.01 0.275)
(0.035 0.01 0.275)
(0.04 0.01 0.275)
(0.045 0.01 0.275)
(0.05 0.01 0.275)
(0.055 0.01 0.275)
(0.06 0.01 0.275)
(0.065 0.01 0.275)
(0.07 0.01 0.275)
(0.075 0.01 0.275)
(0.08 0.01 0.275)
(0.085 0.01 0.275)
(0.09 0.01 0.275)
(0.095 0.01 0.275)
(0.1 0.01 0.275)
(0.105 0.01 0.275)
(0.11 0.01 0.275)
(0.115 0.01 0.275)
(0.12 0.01 0.275)
(0.125 0.01 0.275)
(0.13 0.01 0.275)
(0.135 0.01 0.275)
(0.14 0.01 0.275)
(0.145 0.01 0.275)
(0.15 0.01 0.275)
(0.155 0.01 0.275)
(0.16 0.01 0.275)
(0.165 0.01 0.275)
(0.17 0.01 0.275)
(0.175 0.01 0.275)
(0.18 0.01 0.275)
(0.185 0.01 0.275)
(0.19 0.01 0.275)
(0.195 0.01 0.275)
(0.2 0.01 0.275)
(0.205 0.01 0.275)
(0.21 0.01 0.275)
(0.215 0.01 0.275)
(0.22 0.01 0.275)
(0.225 0.01 0.275)
(0.23 0.01 0.275)
(0.235 0.01 0.275)
(0.24 0.01 0.275)
(0.245 0.01 0.275)
(0.25 0.01 0.275)
(0.255 0.01 0.275)
(0.26 0.01 0.275)
(0.265 0.01 0.275)
(0.27 0.01 0.275)
(0.275 0.01 0.275)
(0.28 0.01 0.275)
(0.285 0.01 0.275)
(0.29 0.01 0.275)
(0.295 0.01 0.275)
(0.3 0.01 0.275)
(0 0 0.28)
(0.005 0 0.28)
(0.01 0 0.28)
(0.015 0 0.28)
(0.02 0 0.28)
(0.025 0 0.28)
(0.03 0 0.28)
(0.035 0 0.28)
(0.04 0 0.28)
(0.045 0 0.28)
(0.05 0 0.28)
(0.055 0 0.28)
(0.06 0 0.28)
(0.065 0 0.28)
(0.07 0 0.28)
(0.075 0 0.28)
(0.08 0 0.28)
(0.085 0 0.28)
(0.09 0 0.28)
(0.095 0 0.28)
(0.1 0 0.28)
(0.105 0 0.28)
(0.11 0 0.28)
(0.115 0 0.28)
(0.12 0 0.28)
(0.125 0 0.28)
(0.13 0 0.28)
(0.135 0 0.28)
(0.14 0 0.28)
(0.145 0 0.28)
(0.15 0 0.28)
(0.155 0 0.28)
(0.16 0 0.28)
(0.165 0 0.28)
(0.17 0 0.28)
(0.175 0 0.28)
(0.18 0 0.28)
(0.185 0 0.28)
(0.19 0 0.28)
(0.195 0 0.28)
(0.2 0 0.28)
(0.205 0 0.28)
(0.21 0 0.28)
(0.215 0 0.28)
(0.22 0 0.28)
(0.225 0 0.28)
(0.23 0 0.28)
(0.235 0 0.28)
(0.24 0 0.28)
(0.245 0 0.28)
(0.25 0 0.28)
(0.255 0 0.28)
(0.26 0 0.28)
(0.265 0 0.28)
(0.27 0 0.28)
(0.275 0 0.28)
(0.28 0 0.28)
(0.285 0 0.28)
(0.29 0 0.28)
(0.295 0 0.28)
(0.3 0 0.28)
(0 0.005 0.28)
(0.005 0.005 0.28)
(0.01 0.005 0.28)
(0.015 0.005 0.28)
(0.02 0.005 0.28)
(0.025 0.005 0.28)
(0.03 0.005 0.28)
(0.035 0.005 0.28)
(0.04 0.005 0.28)
(0.045 0.005 0.28)
(0.05 0.005 0.28)
(0.055 0.005 0.28)
(0.06 0.005 0.28)
(0.065 0.005 0.28)
(0.07 0.005 0.28)
(0.075 0.005 0.28)
(0.08 0.005 0.28)
(0.085 0.005 0.28)
(0.09 0.005 0.28)
(0.095 0.005 0.28)
(0.1 0.005 0.28)
(0.105 0.005 0.28)
(0.11 0.005 0.28)
(0.115 0.005 0.28)
(0.12 0.005 0.28)
(0.125 0.005 0.28)
(0.13 0.005 0.28)
(0.135 0.005 0.28)
(0.14 0.005 0.28)
(0.145 0.005 0.28)
(0.15 0.005 0.28)
(0.155 0.005 0.28)
(0.16 0.005 0.28)
(0.165 0.005 0.28)
(0.17 0.005 0.28)
(0.175 0.005 0.28)
(0.18 0.005 0.28)
(0.185 0.005 0.28)
(0.19 0.005 0.28)
(0.195 0.005 0.28)
(0.2 0.005 0.28)
(0.205 0.005 0.28)
(0.21 0.005 0.28)
(0.215 0.005 0.28)
(0.22 0.005 0.28)
(0.225 0.005 0.28)
(0.23 0.005 0.28)
(0.235 0.005 0.28)
(0.24 0.005 0.28)
(0.245 0.005 0.28)
(0.25 0.005 0.28)
(0.255 0.005 0.28)
(0.26 0.005 0.28)
(0.265 0.005 0.28)
(0.27 0.005 0.28)
(0.275 0.005 0.28)
(0.28 0.005 0.28)
(0.285 0.005 0.28)
(0.29 0.005 0.28)
(0.295 0.005 0.28)
(0.3 0.005 0.28)
(0 0.01 0.28)
(0.005 0.01 0.28)
(0.01 0.01 0.28)
(0.015 0.01 0.28)
(0.02 0.01 0.28)
(0.025 0.01 0.28)
(0.03 0.01 0.28)
(0.035 0.01 0.28)
(0.04 0.01 0.28)
(0.045 0.01 0.28)
(0.05 0.01 0.28)
(0.055 0.01 0.28)
(0.06 0.01 0.28)
(0.065 0.01 0.28)
(0.07 0.01 0.28)
(0.075 0.01 0.28)
(0.08 0.01 0.28)
(0.085 0.01 0.28)
(0.09 0.01 0.28)
(0.095 0.01 0.28)
(0.1 0.01 0.28)
(0.105 0.01 0.28)
(0.11 0.01 0.28)
(0.115 0.01 0.28)
(0.12 0.01 0.28)
(0.125 0.01 0.28)
(0.13 0.01 0.28)
(0.135 0.01 0.28)
(0.14 0.01 0.28)
(0.145 0.01 0.28)
(0.15 0.01 0.28)
(0.155 0.01 0.28)
(0.16 0.01 0.28)
(0.165 0.01 0.28)
(0.17 0.01 0.28)
(0.175 0.01 0.28)
(0.18 0.01 0.28)
(0.185 0.01 0.28)
(0.19 0.01 0.28)
(0.195 0.01 0.28)
(0.2 0.01 0.28)
(0.205 0.01 0.28)
(0.21 0.01 0.28)
(0.215 0.01 0.28)
(0.22 0.01 0.28)
(0.225 0.01 0.28)
(0.23 0.01 0.28)
(0.235 0.01 0.28)
(0.24 0.01 0.28)
(0.245 0.01 0.28)
(0.25 0.01 0.28)
(0.255 0.01 0.28)
(0.26 0.01 0.28)
(0.265 0.01 0.28)
(0.27 0.01 0.28)
(0.275 0.01 0.28)
(0.28 0.01 0.28)
(0.285 0.01 0.28)
(0.29 0.01 0.28)
(0.295 0.01 0.28)
(0.3 0.01 0.28)
(0 0 0.285)
(0.005 0 0.285)
(0.01 0 0.285)
(0.015 0 0.285)
(0.02 0 0.285)
(0.025 0 0.285)
(0.03 0 0.285)
(0.035 0 0.285)
(0.04 0 0.285)
(0.045 0 0.285)
(0.05 0 0.285)
(0.055 0 0.285)
(0.06 0 0.285)
(0.065 0 0.285)
(0.07 0 0.285)
(0.075 0 0.285)
(0.08 0 0.285)
(0.085 0 0.285)
(0.09 0 0.285)
(0.095 0 0.285)
(0.1 0 0.285)
(0.105 0 0.285)
(0.11 0 0.285)
(0.115 0 0.285)
(0.12 0 0.285)
(0.125 0 0.285)
(0.13 0 0.285)
(0.135 0 0.285)
(0.14 0 0.285)
(0.145 0 0.285)
(0.15 0 0.285)
(0.155 0 0.285)
(0.16 0 0.285)
(0.165 0 0.285)
(0.17 0 0.285)
(0.175 0 0.285)
(0.18 0 0.285)
(0.185 0 0.285)
(0.19 0 0.285)
(0.195 0 0.285)
(0.2 0 0.285)
(0.205 0 0.285)
(0.21 0 0.285)
(0.215 0 0.285)
(0.22 0 0.285)
(0.225 0 0.285)
(0.23 0 0.285)
(0.235 0 0.285)
(0.24 0 0.285)
(0.245 0 0.285)
(0.25 0 0.285)
(0.255 0 0.285)
(0.26 0 0.285)
(0.265 0 0.285)
(0.27 0 0.285)
(0.275 0 0.285)
(0.28 0 0.285)
(0.285 0 0.285)
(0.29 0 0.285)
(0.295 0 0.285)
(0.3 0 0.285)
(0 0.005 0.285)
(0.005 0.005 0.285)
(0.01 0.005 0.285)
(0.015 0.005 0.285)
(0.02 0.005 0.285)
(0.025 0.005 0.285)
(0.03 0.005 0.285)
(0.035 0.005 0.285)
(0.04 0.005 0.285)
(0.045 0.005 0.285)
(0.05 0.005 0.285)
(0.055 0.005 0.285)
(0.06 0.005 0.285)
(0.065 0.005 0.285)
(0.07 0.005 0.285)
(0.075 0.005 0.285)
(0.08 0.005 0.285)
(0.085 0.005 0.285)
(0.09 0.005 0.285)
(0.095 0.005 0.285)
(0.1 0.005 0.285)
(0.105 0.005 0.285)
(0.11 0.005 0.285)
(0.115 0.005 0.285)
(0.12 0.005 0.285)
(0.125 0.005 0.285)
(0.13 0.005 0.285)
(0.135 0.005 0.285)
(0.14 0.005 0.285)
(0.145 0.005 0.285)
(0.15 0.005 0.285)
(0.155 0.005 0.285)
(0.16 0.005 0.285)
(0.165 0.005 0.285)
(0.17 0.005 0.285)
(0.175 0.005 0.285)
(0.18 0.005 0.285)
(0.185 0.005 0.285)
(0.19 0.005 0.285)
(0.195 0.005 0.285)
(0.2 0.005 0.285)
(0.205 0.005 0.285)
(0.21 0.005 0.285)
(0.215 0.005 0.285)
(0.22 0.005 0.285)
(0.225 0.005 0.285)
(0.23 0.005 0.285)
(0.235 0.005 0.285)
(0.24 0.005 0.285)
(0.245 0.005 0.285)
(0.25 0.005 0.285)
(0.255 0.005 0.285)
(0.26 0.005 0.285)
(0.265 0.005 0.285)
(0.27 0.005 0.285)
(0.275 0.005 0.285)
(0.28 0.005 0.285)
(0.285 0.005 0.285)
(0.29 0.005 0.285)
(0.295 0.005 0.285)
(0.3 0.005 0.285)
(0 0.01 0.285)
(0.005 0.01 0.285)
(0.01 0.01 0.285)
(0.015 0.01 0.285)
(0.02 0.01 0.285)
(0.025 0.01 0.285)
(0.03 0.01 0.285)
(0.035 0.01 0.285)
(0.04 0.01 0.285)
(0.045 0.01 0.285)
(0.05 0.01 0.285)
(0.055 0.01 0.285)
(0.06 0.01 0.285)
(0.065 0.01 0.285)
(0.07 0.01 0.285)
(0.075 0.01 0.285)
(0.08 0.01 0.285)
(0.085 0.01 0.285)
(0.09 0.01 0.285)
(0.095 0.01 0.285)
(0.1 0.01 0.285)
(0.105 0.01 0.285)
(0.11 0.01 0.285)
(0.115 0.01 0.285)
(0.12 0.01 0.285)
(0.125 0.01 0.285)
(0.13 0.01 0.285)
(0.135 0.01 0.285)
(0.14 0.01 0.285)
(0.145 0.01 0.285)
(0.15 0.01 0.285)
(0.155 0.01 0.285)
(0.16 0.01 0.285)
(0.165 0.01 0.285)
(0.17 0.01 0.285)
(0.175 0.01 0.285)
(0.18 0.01 0.285)
(0.185 0.01 0.285)
(0.19 0.01 0.285)
(0.195 0.01 0.285)
(0.2 0.01 0.285)
(0.205 0.01 0.285)
(0.21 0.01 0.285)
(0.215 0.01 0.285)
(0.22 0.01 0.285)
(0.225 0.01 0.285)
(0.23 0.01 0.285)
(0.235 0.01 0.285)
(0.24 0.01 0.285)
(0.245 0.01 0.285)
(0.25 0.01 0.285)
(0.255 0.01 0.285)
(0.26 0.01 0.285)
(0.265 0.01 0.285)
(0.27 0.01 0.285)
(0.275 0.01 0.285)
(0.28 0.01 0.285)
(0.285 0.01 0.285)
(0.29 0.01 0.285)
(0.295 0.01 0.285)
(0.3 0.01 0.285)
(0 0 0.29)
(0.005 0 0.29)
(0.01 0 0.29)
(0.015 0 0.29)
(0.02 0 0.29)
(0.025 0 0.29)
(0.03 0 0.29)
(0.035 0 0.29)
(0.04 0 0.29)
(0.045 0 0.29)
(0.05 0 0.29)
(0.055 0 0.29)
(0.06 0 0.29)
(0.065 0 0.29)
(0.07 0 0.29)
(0.075 0 0.29)
(0.08 0 0.29)
(0.085 0 0.29)
(0.09 0 0.29)
(0.095 0 0.29)
(0.1 0 0.29)
(0.105 0 0.29)
(0.11 0 0.29)
(0.115 0 0.29)
(0.12 0 0.29)
(0.125 0 0.29)
(0.13 0 0.29)
(0.135 0 0.29)
(0.14 0 0.29)
(0.145 0 0.29)
(0.15 0 0.29)
(0.155 0 0.29)
(0.16 0 0.29)
(0.165 0 0.29)
(0.17 0 0.29)
(0.175 0 0.29)
(0.18 0 0.29)
(0.185 0 0.29)
(0.19 0 0.29)
(0.195 0 0.29)
(0.2 0 0.29)
(0.205 0 0.29)
(0.21 0 0.29)
(0.215 0 0.29)
(0.22 0 0.29)
(0.225 0 0.29)
(0.23 0 0.29)
(0.235 0 0.29)
(0.24 0 0.29)
(0.245 0 0.29)
(0.25 0 0.29)
(0.255 0 0.29)
(0.26 0 0.29)
(0.265 0 0.29)
(0.27 0 0.29)
(0.275 0 0.29)
(0.28 0 0.29)
(0.285 0 0.29)
(0.29 0 0.29)
(0.295 0 0.29)
(0.3 0 0.29)
(0 0.005 0.29)
(0.005 0.005 0.29)
(0.01 0.005 0.29)
(0.015 0.005 0.29)
(0.02 0.005 0.29)
(0.025 0.005 0.29)
(0.03 0.005 0.29)
(0.035 0.005 0.29)
(0.04 0.005 0.29)
(0.045 0.005 0.29)
(0.05 0.005 0.29)
(0.055 0.005 0.29)
(0.06 0.005 0.29)
(0.065 0.005 0.29)
(0.07 0.005 0.29)
(0.075 0.005 0.29)
(0.08 0.005 0.29)
(0.085 0.005 0.29)
(0.09 0.005 0.29)
(0.095 0.005 0.29)
(0.1 0.005 0.29)
(0.105 0.005 0.29)
(0.11 0.005 0.29)
(0.115 0.005 0.29)
(0.12 0.005 0.29)
(0.125 0.005 0.29)
(0.13 0.005 0.29)
(0.135 0.005 0.29)
(0.14 0.005 0.29)
(0.145 0.005 0.29)
(0.15 0.005 0.29)
(0.155 0.005 0.29)
(0.16 0.005 0.29)
(0.165 0.005 0.29)
(0.17 0.005 0.29)
(0.175 0.005 0.29)
(0.18 0.005 0.29)
(0.185 0.005 0.29)
(0.19 0.005 0.29)
(0.195 0.005 0.29)
(0.2 0.005 0.29)
(0.205 0.005 0.29)
(0.21 0.005 0.29)
(0.215 0.005 0.29)
(0.22 0.005 0.29)
(0.225 0.005 0.29)
(0.23 0.005 0.29)
(0.235 0.005 0.29)
(0.24 0.005 0.29)
(0.245 0.005 0.29)
(0.25 0.005 0.29)
(0.255 0.005 0.29)
(0.26 0.005 0.29)
(0.265 0.005 0.29)
(0.27 0.005 0.29)
(0.275 0.005 0.29)
(0.28 0.005 0.29)
(0.285 0.005 0.29)
(0.29 0.005 0.29)
(0.295 0.005 0.29)
(0.3 0.005 0.29)
(0 0.01 0.29)
(0.005 0.01 0.29)
(0.01 0.01 0.29)
(0.015 0.01 0.29)
(0.02 0.01 0.29)
(0.025 0.01 0.29)
(0.03 0.01 0.29)
(0.035 0.01 0.29)
(0.04 0.01 0.29)
(0.045 0.01 0.29)
(0.05 0.01 0.29)
(0.055 0.01 0.29)
(0.06 0.01 0.29)
(0.065 0.01 0.29)
(0.07 0.01 0.29)
(0.075 0.01 0.29)
(0.08 0.01 0.29)
(0.085 0.01 0.29)
(0.09 0.01 0.29)
(0.095 0.01 0.29)
(0.1 0.01 0.29)
(0.105 0.01 0.29)
(0.11 0.01 0.29)
(0.115 0.01 0.29)
(0.12 0.01 0.29)
(0.125 0.01 0.29)
(0.13 0.01 0.29)
(0.135 0.01 0.29)
(0.14 0.01 0.29)
(0.145 0.01 0.29)
(0.15 0.01 0.29)
(0.155 0.01 0.29)
(0.16 0.01 0.29)
(0.165 0.01 0.29)
(0.17 0.01 0.29)
(0.175 0.01 0.29)
(0.18 0.01 0.29)
(0.185 0.01 0.29)
(0.19 0.01 0.29)
(0.195 0.01 0.29)
(0.2 0.01 0.29)
(0.205 0.01 0.29)
(0.21 0.01 0.29)
(0.215 0.01 0.29)
(0.22 0.01 0.29)
(0.225 0.01 0.29)
(0.23 0.01 0.29)
(0.235 0.01 0.29)
(0.24 0.01 0.29)
(0.245 0.01 0.29)
(0.25 0.01 0.29)
(0.255 0.01 0.29)
(0.26 0.01 0.29)
(0.265 0.01 0.29)
(0.27 0.01 0.29)
(0.275 0.01 0.29)
(0.28 0.01 0.29)
(0.285 0.01 0.29)
(0.29 0.01 0.29)
(0.295 0.01 0.29)
(0.3 0.01 0.29)
(0 0 0.295)
(0.005 0 0.295)
(0.01 0 0.295)
(0.015 0 0.295)
(0.02 0 0.295)
(0.025 0 0.295)
(0.03 0 0.295)
(0.035 0 0.295)
(0.04 0 0.295)
(0.045 0 0.295)
(0.05 0 0.295)
(0.055 0 0.295)
(0.06 0 0.295)
(0.065 0 0.295)
(0.07 0 0.295)
(0.075 0 0.295)
(0.08 0 0.295)
(0.085 0 0.295)
(0.09 0 0.295)
(0.095 0 0.295)
(0.1 0 0.295)
(0.105 0 0.295)
(0.11 0 0.295)
(0.115 0 0.295)
(0.12 0 0.295)
(0.125 0 0.295)
(0.13 0 0.295)
(0.135 0 0.295)
(0.14 0 0.295)
(0.145 0 0.295)
(0.15 0 0.295)
(0.155 0 0.295)
(0.16 0 0.295)
(0.165 0 0.295)
(0.17 0 0.295)
(0.175 0 0.295)
(0.18 0 0.295)
(0.185 0 0.295)
(0.19 0 0.295)
(0.195 0 0.295)
(0.2 0 0.295)
(0.205 0 0.295)
(0.21 0 0.295)
(0.215 0 0.295)
(0.22 0 0.295)
(0.225 0 0.295)
(0.23 0 0.295)
(0.235 0 0.295)
(0.24 0 0.295)
(0.245 0 0.295)
(0.25 0 0.295)
(0.255 0 0.295)
(0.26 0 0.295)
(0.265 0 0.295)
(0.27 0 0.295)
(0.275 0 0.295)
(0.28 0 0.295)
(0.285 0 0.295)
(0.29 0 0.295)
(0.295 0 0.295)
(0.3 0 0.295)
(0 0.005 0.295)
(0.005 0.005 0.295)
(0.01 0.005 0.295)
(0.015 0.005 0.295)
(0.02 0.005 0.295)
(0.025 0.005 0.295)
(0.03 0.005 0.295)
(0.035 0.005 0.295)
(0.04 0.005 0.295)
(0.045 0.005 0.295)
(0.05 0.005 0.295)
(0.055 0.005 0.295)
(0.06 0.005 0.295)
(0.065 0.005 0.295)
(0.07 0.005 0.295)
(0.075 0.005 0.295)
(0.08 0.005 0.295)
(0.085 0.005 0.295)
(0.09 0.005 0.295)
(0.095 0.005 0.295)
(0.1 0.005 0.295)
(0.105 0.005 0.295)
(0.11 0.005 0.295)
(0.115 0.005 0.295)
(0.12 0.005 0.295)
(0.125 0.005 0.295)
(0.13 0.005 0.295)
(0.135 0.005 0.295)
(0.14 0.005 0.295)
(0.145 0.005 0.295)
(0.15 0.005 0.295)
(0.155 0.005 0.295)
(0.16 0.005 0.295)
(0.165 0.005 0.295)
(0.17 0.005 0.295)
(0.175 0.005 0.295)
(0.18 0.005 0.295)
(0.185 0.005 0.295)
(0.19 0.005 0.295)
(0.195 0.005 0.295)
(0.2 0.005 0.295)
(0.205 0.005 0.295)
(0.21 0.005 0.295)
(0.215 0.005 0.295)
(0.22 0.005 0.295)
(0.225 0.005 0.295)
(0.23 0.005 0.295)
(0.235 0.005 0.295)
(0.24 0.005 0.295)
(0.245 0.005 0.295)
(0.25 0.005 0.295)
(0.255 0.005 0.295)
(0.26 0.005 0.295)
(0.265 0.005 0.295)
(0.27 0.005 0.295)
(0.275 0.005 0.295)
(0.28 0.005 0.295)
(0.285 0.005 0.295)
(0.29 0.005 0.295)
(0.295 0.005 0.295)
(0.3 0.005 0.295)
(0 0.01 0.295)
(0.005 0.01 0.295)
(0.01 0.01 0.295)
(0.015 0.01 0.295)
(0.02 0.01 0.295)
(0.025 0.01 0.295)
(0.03 0.01 0.295)
(0.035 0.01 0.295)
(0.04 0.01 0.295)
(0.045 0.01 0.295)
(0.05 0.01 0.295)
(0.055 0.01 0.295)
(0.06 0.01 0.295)
(0.065 0.01 0.295)
(0.07 0.01 0.295)
(0.075 0.01 0.295)
(0.08 0.01 0.295)
(0.085 0.01 0.295)
(0.09 0.01 0.295)
(0.095 0.01 0.295)
(0.1 0.01 0.295)
(0.105 0.01 0.295)
(0.11 0.01 0.295)
(0.115 0.01 0.295)
(0.12 0.01 0.295)
(0.125 0.01 0.295)
(0.13 0.01 0.295)
(0.135 0.01 0.295)
(0.14 0.01 0.295)
(0.145 0.01 0.295)
(0.15 0.01 0.295)
(0.155 0.01 0.295)
(0.16 0.01 0.295)
(0.165 0.01 0.295)
(0.17 0.01 0.295)
(0.175 0.01 0.295)
(0.18 0.01 0.295)
(0.185 0.01 0.295)
(0.19 0.01 0.295)
(0.195 0.01 0.295)
(0.2 0.01 0.295)
(0.205 0.01 0.295)
(0.21 0.01 0.295)
(0.215 0.01 0.295)
(0.22 0.01 0.295)
(0.225 0.01 0.295)
(0.23 0.01 0.295)
(0.235 0.01 0.295)
(0.24 0.01 0.295)
(0.245 0.01 0.295)
(0.25 0.01 0.295)
(0.255 0.01 0.295)
(0.26 0.01 0.295)
(0.265 0.01 0.295)
(0.27 0.01 0.295)
(0.275 0.01 0.295)
(0.28 0.01 0.295)
(0.285 0.01 0.295)
(0.29 0.01 0.295)
(0.295 0.01 0.295)
(0.3 0.01 0.295)
(0 0 0.3)
(0.005 0 0.3)
(0.01 0 0.3)
(0.015 0 0.3)
(0.02 0 0.3)
(0.025 0 0.3)
(0.03 0 0.3)
(0.035 0 0.3)
(0.04 0 0.3)
(0.045 0 0.3)
(0.05 0 0.3)
(0.055 0 0.3)
(0.06 0 0.3)
(0.065 0 0.3)
(0.07 0 0.3)
(0.075 0 0.3)
(0.08 0 0.3)
(0.085 0 0.3)
(0.09 0 0.3)
(0.095 0 0.3)
(0.1 0 0.3)
(0.105 0 0.3)
(0.11 0 0.3)
(0.115 0 0.3)
(0.12 0 0.3)
(0.125 0 0.3)
(0.13 0 0.3)
(0.135 0 0.3)
(0.14 0 0.3)
(0.145 0 0.3)
(0.15 0 0.3)
(0.155 0 0.3)
(0.16 0 0.3)
(0.165 0 0.3)
(0.17 0 0.3)
(0.175 0 0.3)
(0.18 0 0.3)
(0.185 0 0.3)
(0.19 0 0.3)
(0.195 0 0.3)
(0.2 0 0.3)
(0.205 0 0.3)
(0.21 0 0.3)
(0.215 0 0.3)
(0.22 0 0.3)
(0.225 0 0.3)
(0.23 0 0.3)
(0.235 0 0.3)
(0.24 0 0.3)
(0.245 0 0.3)
(0.25 0 0.3)
(0.255 0 0.3)
(0.26 0 0.3)
(0.265 0 0.3)
(0.27 0 0.3)
(0.275 0 0.3)
(0.28 0 0.3)
(0.285 0 0.3)
(0.29 0 0.3)
(0.295 0 0.3)
(0.3 0 0.3)
(0 0.005 0.3)
(0.005 0.005 0.3)
(0.01 0.005 0.3)
(0.015 0.005 0.3)
(0.02 0.005 0.3)
(0.025 0.005 0.3)
(0.03 0.005 0.3)
(0.035 0.005 0.3)
(0.04 0.005 0.3)
(0.045 0.005 0.3)
(0.05 0.005 0.3)
(0.055 0.005 0.3)
(0.06 0.005 0.3)
(0.065 0.005 0.3)
(0.07 0.005 0.3)
(0.075 0.005 0.3)
(0.08 0.005 0.3)
(0.085 0.005 0.3)
(0.09 0.005 0.3)
(0.095 0.005 0.3)
(0.1 0.005 0.3)
(0.105 0.005 0.3)
(0.11 0.005 0.3)
(0.115 0.005 0.3)
(0.12 0.005 0.3)
(0.125 0.005 0.3)
(0.13 0.005 0.3)
(0.135 0.005 0.3)
(0.14 0.005 0.3)
(0.145 0.005 0.3)
(0.15 0.005 0.3)
(0.155 0.005 0.3)
(0.16 0.005 0.3)
(0.165 0.005 0.3)
(0.17 0.005 0.3)
(0.175 0.005 0.3)
(0.18 0.005 0.3)
(0.185 0.005 0.3)
(0.19 0.005 0.3)
(0.195 0.005 0.3)
(0.2 0.005 0.3)
(0.205 0.005 0.3)
(0.21 0.005 0.3)
(0.215 0.005 0.3)
(0.22 0.005 0.3)
(0.225 0.005 0.3)
(0.23 0.005 0.3)
(0.235 0.005 0.3)
(0.24 0.005 0.3)
(0.245 0.005 0.3)
(0.25 0.005 0.3)
(0.255 0.005 0.3)
(0.26 0.005 0.3)
(0.265 0.005 0.3)
(0.27 0.005 0.3)
(0.275 0.005 0.3)
(0.28 0.005 0.3)
(0.285 0.005 0.3)
(0.29 0.005 0.3)
(0.295 0.005 0.3)
(0.3 0.005 0.3)
(0 0.01 0.3)
(0.005 0.01 0.3)
(0.01 0.01 0.3)
(0.015 0.01 0.3)
(0.02 0.01 0.3)
(0.025 0.01 0.3)
(0.03 0.01 0.3)
(0.035 0.01 0.3)
(0.04 0.01 0.3)
(0.045 0.01 0.3)
(0.05 0.01 0.3)
(0.055 0.01 0.3)
(0.06 0.01 0.3)
(0.065 0.01 0.3)
(0.07 0.01 0.3)
(0.075 0.01 0.3)
(0.08 0.01 0.3)
(0.085 0.01 0.3)
(0.09 0.01 0.3)
(0.095 0.01 0.3)
(0.1 0.01 0.3)
(0.105 0.01 0.3)
(0.11 0.01 0.3)
(0.115 0.01 0.3)
(0.12 0.01 0.3)
(0.125 0.01 0.3)
(0.13 0.01 0.3)
(0.135 0.01 0.3)
(0.14 0.01 0.3)
(0.145 0.01 0.3)
(0.15 0.01 0.3)
(0.155 0.01 0.3)
(0.16 0.01 0.3)
(0.165 0.01 0.3)
(0.17 0.01 0.3)
(0.175 0.01 0.3)
(0.18 0.01 0.3)
(0.185 0.01 0.3)
(0.19 0.01 0.3)
(0.195 0.01 0.3)
(0.2 0.01 0.3)
(0.205 0.01 0.3)
(0.21 0.01 0.3)
(0.215 0.01 0.3)
(0.22 0.01 0.3)
(0.225 0.01 0.3)
(0.23 0.01 0.3)
(0.235 0.01 0.3)
(0.24 0.01 0.3)
(0.245 0.01 0.3)
(0.25 0.01 0.3)
(0.255 0.01 0.3)
(0.26 0.01 0.3)
(0.265 0.01 0.3)
(0.27 0.01 0.3)
(0.275 0.01 0.3)
(0.28 0.01 0.3)
(0.285 0.01 0.3)
(0.29 0.01 0.3)
(0.295 0.01 0.3)
(0.3 0.01 0.3)
(0 0 0.305)
(0.005 0 0.305)
(0.01 0 0.305)
(0.015 0 0.305)
(0.02 0 0.305)
(0.025 0 0.305)
(0.03 0 0.305)
(0.035 0 0.305)
(0.04 0 0.305)
(0.045 0 0.305)
(0.05 0 0.305)
(0.055 0 0.305)
(0.06 0 0.305)
(0.065 0 0.305)
(0.07 0 0.305)
(0.075 0 0.305)
(0.08 0 0.305)
(0.085 0 0.305)
(0.09 0 0.305)
(0.095 0 0.305)
(0.1 0 0.305)
(0.105 0 0.305)
(0.11 0 0.305)
(0.115 0 0.305)
(0.12 0 0.305)
(0.125 0 0.305)
(0.13 0 0.305)
(0.135 0 0.305)
(0.14 0 0.305)
(0.145 0 0.305)
(0.15 0 0.305)
(0.155 0 0.305)
(0.16 0 0.305)
(0.165 0 0.305)
(0.17 0 0.305)
(0.175 0 0.305)
(0.18 0 0.305)
(0.185 0 0.305)
(0.19 0 0.305)
(0.195 0 0.305)
(0.2 0 0.305)
(0.205 0 0.305)
(0.21 0 0.305)
(0.215 0 0.305)
(0.22 0 0.305)
(0.225 0 0.305)
(0.23 0 0.305)
(0.235 0 0.305)
(0.24 0 0.305)
(0.245 0 0.305)
(0.25 0 0.305)
(0.255 0 0.305)
(0.26 0 0.305)
(0.265 0 0.305)
(0.27 0 0.305)
(0.275 0 0.305)
(0.28 0 0.305)
(0.285 0 0.305)
(0.29 0 0.305)
(0.295 0 0.305)
(0.3 0 0.305)
(0 0.005 0.305)
(0.005 0.005 0.305)
(0.01 0.005 0.305)
(0.015 0.005 0.305)
(0.02 0.005 0.305)
(0.025 0.005 0.305)
(0.03 0.005 0.305)
(0.035 0.005 0.305)
(0.04 0.005 0.305)
(0.045 0.005 0.305)
(0.05 0.005 0.305)
(0.055 0.005 0.305)
(0.06 0.005 0.305)
(0.065 0.005 0.305)
(0.07 0.005 0.305)
(0.075 0.005 0.305)
(0.08 0.005 0.305)
(0.085 0.005 0.305)
(0.09 0.005 0.305)
(0.095 0.005 0.305)
(0.1 0.005 0.305)
(0.105 0.005 0.305)
(0.11 0.005 0.305)
(0.115 0.005 0.305)
(0.12 0.005 0.305)
(0.125 0.005 0.305)
(0.13 0.005 0.305)
(0.135 0.005 0.305)
(0.14 0.005 0.305)
(0.145 0.005 0.305)
(0.15 0.005 0.305)
(0.155 0.005 0.305)
(0.16 0.005 0.305)
(0.165 0.005 0.305)
(0.17 0.005 0.305)
(0.175 0.005 0.305)
(0.18 0.005 0.305)
(0.185 0.005 0.305)
(0.19 0.005 0.305)
(0.195 0.005 0.305)
(0.2 0.005 0.305)
(0.205 0.005 0.305)
(0.21 0.005 0.305)
(0.215 0.005 0.305)
(0.22 0.005 0.305)
(0.225 0.005 0.305)
(0.23 0.005 0.305)
(0.235 0.005 0.305)
(0.24 0.005 0.305)
(0.245 0.005 0.305)
(0.25 0.005 0.305)
(0.255 0.005 0.305)
(0.26 0.005 0.305)
(0.265 0.005 0.305)
(0.27 0.005 0.305)
(0.275 0.005 0.305)
(0.28 0.005 0.305)
(0.285 0.005 0.305)
(0.29 0.005 0.305)
(0.295 0.005 0.305)
(0.3 0.005 0.305)
(0 0.01 0.305)
(0.005 0.01 0.305)
(0.01 0.01 0.305)
(0.015 0.01 0.305)
(0.02 0.01 0.305)
(0.025 0.01 0.305)
(0.03 0.01 0.305)
(0.035 0.01 0.305)
(0.04 0.01 0.305)
(0.045 0.01 0.305)
(0.05 0.01 0.305)
(0.055 0.01 0.305)
(0.06 0.01 0.305)
(0.065 0.01 0.305)
(0.07 0.01 0.305)
(0.075 0.01 0.305)
(0.08 0.01 0.305)
(0.085 0.01 0.305)
(0.09 0.01 0.305)
(0.095 0.01 0.305)
(0.1 0.01 0.305)
(0.105 0.01 0.305)
(0.11 0.01 0.305)
(0.115 0.01 0.305)
(0.12 0.01 0.305)
(0.125 0.01 0.305)
(0.13 0.01 0.305)
(0.135 0.01 0.305)
(0.14 0.01 0.305)
(0.145 0.01 0.305)
(0.15 0.01 0.305)
(0.155 0.01 0.305)
(0.16 0.01 0.305)
(0.165 0.01 0.305)
(0.17 0.01 0.305)
(0.175 0.01 0.305)
(0.18 0.01 0.305)
(0.185 0.01 0.305)
(0.19 0.01 0.305)
(0.195 0.01 0.305)
(0.2 0.01 0.305)
(0.205 0.01 0.305)
(0.21 0.01 0.305)
(0.215 0.01 0.305)
(0.22 0.01 0.305)
(0.225 0.01 0.305)
(0.23 0.01 0.305)
(0.235 0.01 0.305)
(0.24 0.01 0.305)
(0.245 0.01 0.305)
(0.25 0.01 0.305)
(0.255 0.01 0.305)
(0.26 0.01 0.305)
(0.265 0.01 0.305)
(0.27 0.01 0.305)
(0.275 0.01 0.305)
(0.28 0.01 0.305)
(0.285 0.01 0.305)
(0.29 0.01 0.305)
(0.295 0.01 0.305)
(0.3 0.01 0.305)
(0 0 0.31)
(0.005 0 0.31)
(0.01 0 0.31)
(0.015 0 0.31)
(0.02 0 0.31)
(0.025 0 0.31)
(0.03 0 0.31)
(0.035 0 0.31)
(0.04 0 0.31)
(0.045 0 0.31)
(0.05 0 0.31)
(0.055 0 0.31)
(0.06 0 0.31)
(0.065 0 0.31)
(0.07 0 0.31)
(0.075 0 0.31)
(0.08 0 0.31)
(0.085 0 0.31)
(0.09 0 0.31)
(0.095 0 0.31)
(0.1 0 0.31)
(0.105 0 0.31)
(0.11 0 0.31)
(0.115 0 0.31)
(0.12 0 0.31)
(0.125 0 0.31)
(0.13 0 0.31)
(0.135 0 0.31)
(0.14 0 0.31)
(0.145 0 0.31)
(0.15 0 0.31)
(0.155 0 0.31)
(0.16 0 0.31)
(0.165 0 0.31)
(0.17 0 0.31)
(0.175 0 0.31)
(0.18 0 0.31)
(0.185 0 0.31)
(0.19 0 0.31)
(0.195 0 0.31)
(0.2 0 0.31)
(0.205 0 0.31)
(0.21 0 0.31)
(0.215 0 0.31)
(0.22 0 0.31)
(0.225 0 0.31)
(0.23 0 0.31)
(0.235 0 0.31)
(0.24 0 0.31)
(0.245 0 0.31)
(0.25 0 0.31)
(0.255 0 0.31)
(0.26 0 0.31)
(0.265 0 0.31)
(0.27 0 0.31)
(0.275 0 0.31)
(0.28 0 0.31)
(0.285 0 0.31)
(0.29 0 0.31)
(0.295 0 0.31)
(0.3 0 0.31)
(0 0.005 0.31)
(0.005 0.005 0.31)
(0.01 0.005 0.31)
(0.015 0.005 0.31)
(0.02 0.005 0.31)
(0.025 0.005 0.31)
(0.03 0.005 0.31)
(0.035 0.005 0.31)
(0.04 0.005 0.31)
(0.045 0.005 0.31)
(0.05 0.005 0.31)
(0.055 0.005 0.31)
(0.06 0.005 0.31)
(0.065 0.005 0.31)
(0.07 0.005 0.31)
(0.075 0.005 0.31)
(0.08 0.005 0.31)
(0.085 0.005 0.31)
(0.09 0.005 0.31)
(0.095 0.005 0.31)
(0.1 0.005 0.31)
(0.105 0.005 0.31)
(0.11 0.005 0.31)
(0.115 0.005 0.31)
(0.12 0.005 0.31)
(0.125 0.005 0.31)
(0.13 0.005 0.31)
(0.135 0.005 0.31)
(0.14 0.005 0.31)
(0.145 0.005 0.31)
(0.15 0.005 0.31)
(0.155 0.005 0.31)
(0.16 0.005 0.31)
(0.165 0.005 0.31)
(0.17 0.005 0.31)
(0.175 0.005 0.31)
(0.18 0.005 0.31)
(0.185 0.005 0.31)
(0.19 0.005 0.31)
(0.195 0.005 0.31)
(0.2 0.005 0.31)
(0.205 0.005 0.31)
(0.21 0.005 0.31)
(0.215 0.005 0.31)
(0.22 0.005 0.31)
(0.225 0.005 0.31)
(0.23 0.005 0.31)
(0.235 0.005 0.31)
(0.24 0.005 0.31)
(0.245 0.005 0.31)
(0.25 0.005 0.31)
(0.255 0.005 0.31)
(0.26 0.005 0.31)
(0.265 0.005 0.31)
(0.27 0.005 0.31)
(0.275 0.005 0.31)
(0.28 0.005 0.31)
(0.285 0.005 0.31)
(0.29 0.005 0.31)
(0.295 0.005 0.31)
(0.3 0.005 0.31)
(0 0.01 0.31)
(0.005 0.01 0.31)
(0.01 0.01 0.31)
(0.015 0.01 0.31)
(0.02 0.01 0.31)
(0.025 0.01 0.31)
(0.03 0.01 0.31)
(0.035 0.01 0.31)
(0.04 0.01 0.31)
(0.045 0.01 0.31)
(0.05 0.01 0.31)
(0.055 0.01 0.31)
(0.06 0.01 0.31)
(0.065 0.01 0.31)
(0.07 0.01 0.31)
(0.075 0.01 0.31)
(0.08 0.01 0.31)
(0.085 0.01 0.31)
(0.09 0.01 0.31)
(0.095 0.01 0.31)
(0.1 0.01 0.31)
(0.105 0.01 0.31)
(0.11 0.01 0.31)
(0.115 0.01 0.31)
(0.12 0.01 0.31)
(0.125 0.01 0.31)
(0.13 0.01 0.31)
(0.135 0.01 0.31)
(0.14 0.01 0.31)
(0.145 0.01 0.31)
(0.15 0.01 0.31)
(0.155 0.01 0.31)
(0.16 0.01 0.31)
(0.165 0.01 0.31)
(0.17 0.01 0.31)
(0.175 0.01 0.31)
(0.18 0.01 0.31)
(0.185 0.01 0.31)
(0.19 0.01 0.31)
(0.195 0.01 0.31)
(0.2 0.01 0.31)
(0.205 0.01 0.31)
(0.21 0.01 0.31)
(0.215 0.01 0.31)
(0.22 0.01 0.31)
(0.225 0.01 0.31)
(0.23 0.01 0.31)
(0.235 0.01 0.31)
(0.24 0.01 0.31)
(0.245 0.01 0.31)
(0.25 0.01 0.31)
(0.255 0.01 0.31)
(0.26 0.01 0.31)
(0.265 0.01 0.31)
(0.27 0.01 0.31)
(0.275 0.01 0.31)
(0.28 0.01 0.31)
(0.285 0.01 0.31)
(0.29 0.01 0.31)
(0.295 0.01 0.31)
(0.3 0.01 0.31)
(0 0 0.315)
(0.005 0 0.315)
(0.01 0 0.315)
(0.015 0 0.315)
(0.02 0 0.315)
(0.025 0 0.315)
(0.03 0 0.315)
(0.035 0 0.315)
(0.04 0 0.315)
(0.045 0 0.315)
(0.05 0 0.315)
(0.055 0 0.315)
(0.06 0 0.315)
(0.065 0 0.315)
(0.07 0 0.315)
(0.075 0 0.315)
(0.08 0 0.315)
(0.085 0 0.315)
(0.09 0 0.315)
(0.095 0 0.315)
(0.1 0 0.315)
(0.105 0 0.315)
(0.11 0 0.315)
(0.115 0 0.315)
(0.12 0 0.315)
(0.125 0 0.315)
(0.13 0 0.315)
(0.135 0 0.315)
(0.14 0 0.315)
(0.145 0 0.315)
(0.15 0 0.315)
(0.155 0 0.315)
(0.16 0 0.315)
(0.165 0 0.315)
(0.17 0 0.315)
(0.175 0 0.315)
(0.18 0 0.315)
(0.185 0 0.315)
(0.19 0 0.315)
(0.195 0 0.315)
(0.2 0 0.315)
(0.205 0 0.315)
(0.21 0 0.315)
(0.215 0 0.315)
(0.22 0 0.315)
(0.225 0 0.315)
(0.23 0 0.315)
(0.235 0 0.315)
(0.24 0 0.315)
(0.245 0 0.315)
(0.25 0 0.315)
(0.255 0 0.315)
(0.26 0 0.315)
(0.265 0 0.315)
(0.27 0 0.315)
(0.275 0 0.315)
(0.28 0 0.315)
(0.285 0 0.315)
(0.29 0 0.315)
(0.295 0 0.315)
(0.3 0 0.315)
(0 0.005 0.315)
(0.005 0.005 0.315)
(0.01 0.005 0.315)
(0.015 0.005 0.315)
(0.02 0.005 0.315)
(0.025 0.005 0.315)
(0.03 0.005 0.315)
(0.035 0.005 0.315)
(0.04 0.005 0.315)
(0.045 0.005 0.315)
(0.05 0.005 0.315)
(0.055 0.005 0.315)
(0.06 0.005 0.315)
(0.065 0.005 0.315)
(0.07 0.005 0.315)
(0.075 0.005 0.315)
(0.08 0.005 0.315)
(0.085 0.005 0.315)
(0.09 0.005 0.315)
(0.095 0.005 0.315)
(0.1 0.005 0.315)
(0.105 0.005 0.315)
(0.11 0.005 0.315)
(0.115 0.005 0.315)
(0.12 0.005 0.315)
(0.125 0.005 0.315)
(0.13 0.005 0.315)
(0.135 0.005 0.315)
(0.14 0.005 0.315)
(0.145 0.005 0.315)
(0.15 0.005 0.315)
(0.155 0.005 0.315)
(0.16 0.005 0.315)
(0.165 0.005 0.315)
(0.17 0.005 0.315)
(0.175 0.005 0.315)
(0.18 0.005 0.315)
(0.185 0.005 0.315)
(0.19 0.005 0.315)
(0.195 0.005 0.315)
(0.2 0.005 0.315)
(0.205 0.005 0.315)
(0.21 0.005 0.315)
(0.215 0.005 0.315)
(0.22 0.005 0.315)
(0.225 0.005 0.315)
(0.23 0.005 0.315)
(0.235 0.005 0.315)
(0.24 0.005 0.315)
(0.245 0.005 0.315)
(0.25 0.005 0.315)
(0.255 0.005 0.315)
(0.26 0.005 0.315)
(0.265 0.005 0.315)
(0.27 0.005 0.315)
(0.275 0.005 0.315)
(0.28 0.005 0.315)
(0.285 0.005 0.315)
(0.29 0.005 0.315)
(0.295 0.005 0.315)
(0.3 0.005 0.315)
(0 0.01 0.315)
(0.005 0.01 0.315)
(0.01 0.01 0.315)
(0.015 0.01 0.315)
(0.02 0.01 0.315)
(0.025 0.01 0.315)
(0.03 0.01 0.315)
(0.035 0.01 0.315)
(0.04 0.01 0.315)
(0.045 0.01 0.315)
(0.05 0.01 0.315)
(0.055 0.01 0.315)
(0.06 0.01 0.315)
(0.065 0.01 0.315)
(0.07 0.01 0.315)
(0.075 0.01 0.315)
(0.08 0.01 0.315)
(0.085 0.01 0.315)
(0.09 0.01 0.315)
(0.095 0.01 0.315)
(0.1 0.01 0.315)
(0.105 0.01 0.315)
(0.11 0.01 0.315)
(0.115 0.01 0.315)
(0.12 0.01 0.315)
(0.125 0.01 0.315)
(0.13 0.01 0.315)
(0.135 0.01 0.315)
(0.14 0.01 0.315)
(0.145 0.01 0.315)
(0.15 0.01 0.315)
(0.155 0.01 0.315)
(0.16 0.01 0.315)
(0.165 0.01 0.315)
(0.17 0.01 0.315)
(0.175 0.01 0.315)
(0.18 0.01 0.315)
(0.185 0.01 0.315)
(0.19 0.01 0.315)
(0.195 0.01 0.315)
(0.2 0.01 0.315)
(0.205 0.01 0.315)
(0.21 0.01 0.315)
(0.215 0.01 0.315)
(0.22 0.01 0.315)
(0.225 0.01 0.315)
(0.23 0.01 0.315)
(0.235 0.01 0.315)
(0.24 0.01 0.315)
(0.245 0.01 0.315)
(0.25 0.01 0.315)
(0.255 0.01 0.315)
(0.26 0.01 0.315)
(0.265 0.01 0.315)
(0.27 0.01 0.315)
(0.275 0.01 0.315)
(0.28 0.01 0.315)
(0.285 0.01 0.315)
(0.29 0.01 0.315)
(0.295 0.01 0.315)
(0.3 0.01 0.315)
(0 0 0.32)
(0.005 0 0.32)
(0.01 0 0.32)
(0.015 0 0.32)
(0.02 0 0.32)
(0.025 0 0.32)
(0.03 0 0.32)
(0.035 0 0.32)
(0.04 0 0.32)
(0.045 0 0.32)
(0.05 0 0.32)
(0.055 0 0.32)
(0.06 0 0.32)
(0.065 0 0.32)
(0.07 0 0.32)
(0.075 0 0.32)
(0.08 0 0.32)
(0.085 0 0.32)
(0.09 0 0.32)
(0.095 0 0.32)
(0.1 0 0.32)
(0.105 0 0.32)
(0.11 0 0.32)
(0.115 0 0.32)
(0.12 0 0.32)
(0.125 0 0.32)
(0.13 0 0.32)
(0.135 0 0.32)
(0.14 0 0.32)
(0.145 0 0.32)
(0.15 0 0.32)
(0.155 0 0.32)
(0.16 0 0.32)
(0.165 0 0.32)
(0.17 0 0.32)
(0.175 0 0.32)
(0.18 0 0.32)
(0.185 0 0.32)
(0.19 0 0.32)
(0.195 0 0.32)
(0.2 0 0.32)
(0.205 0 0.32)
(0.21 0 0.32)
(0.215 0 0.32)
(0.22 0 0.32)
(0.225 0 0.32)
(0.23 0 0.32)
(0.235 0 0.32)
(0.24 0 0.32)
(0.245 0 0.32)
(0.25 0 0.32)
(0.255 0 0.32)
(0.26 0 0.32)
(0.265 0 0.32)
(0.27 0 0.32)
(0.275 0 0.32)
(0.28 0 0.32)
(0.285 0 0.32)
(0.29 0 0.32)
(0.295 0 0.32)
(0.3 0 0.32)
(0 0.005 0.32)
(0.005 0.005 0.32)
(0.01 0.005 0.32)
(0.015 0.005 0.32)
(0.02 0.005 0.32)
(0.025 0.005 0.32)
(0.03 0.005 0.32)
(0.035 0.005 0.32)
(0.04 0.005 0.32)
(0.045 0.005 0.32)
(0.05 0.005 0.32)
(0.055 0.005 0.32)
(0.06 0.005 0.32)
(0.065 0.005 0.32)
(0.07 0.005 0.32)
(0.075 0.005 0.32)
(0.08 0.005 0.32)
(0.085 0.005 0.32)
(0.09 0.005 0.32)
(0.095 0.005 0.32)
(0.1 0.005 0.32)
(0.105 0.005 0.32)
(0.11 0.005 0.32)
(0.115 0.005 0.32)
(0.12 0.005 0.32)
(0.125 0.005 0.32)
(0.13 0.005 0.32)
(0.135 0.005 0.32)
(0.14 0.005 0.32)
(0.145 0.005 0.32)
(0.15 0.005 0.32)
(0.155 0.005 0.32)
(0.16 0.005 0.32)
(0.165 0.005 0.32)
(0.17 0.005 0.32)
(0.175 0.005 0.32)
(0.18 0.005 0.32)
(0.185 0.005 0.32)
(0.19 0.005 0.32)
(0.195 0.005 0.32)
(0.2 0.005 0.32)
(0.205 0.005 0.32)
(0.21 0.005 0.32)
(0.215 0.005 0.32)
(0.22 0.005 0.32)
(0.225 0.005 0.32)
(0.23 0.005 0.32)
(0.235 0.005 0.32)
(0.24 0.005 0.32)
(0.245 0.005 0.32)
(0.25 0.005 0.32)
(0.255 0.005 0.32)
(0.26 0.005 0.32)
(0.265 0.005 0.32)
(0.27 0.005 0.32)
(0.275 0.005 0.32)
(0.28 0.005 0.32)
(0.285 0.005 0.32)
(0.29 0.005 0.32)
(0.295 0.005 0.32)
(0.3 0.005 0.32)
(0 0.01 0.32)
(0.005 0.01 0.32)
(0.01 0.01 0.32)
(0.015 0.01 0.32)
(0.02 0.01 0.32)
(0.025 0.01 0.32)
(0.03 0.01 0.32)
(0.035 0.01 0.32)
(0.04 0.01 0.32)
(0.045 0.01 0.32)
(0.05 0.01 0.32)
(0.055 0.01 0.32)
(0.06 0.01 0.32)
(0.065 0.01 0.32)
(0.07 0.01 0.32)
(0.075 0.01 0.32)
(0.08 0.01 0.32)
(0.085 0.01 0.32)
(0.09 0.01 0.32)
(0.095 0.01 0.32)
(0.1 0.01 0.32)
(0.105 0.01 0.32)
(0.11 0.01 0.32)
(0.115 0.01 0.32)
(0.12 0.01 0.32)
(0.125 0.01 0.32)
(0.13 0.01 0.32)
(0.135 0.01 0.32)
(0.14 0.01 0.32)
(0.145 0.01 0.32)
(0.15 0.01 0.32)
(0.155 0.01 0.32)
(0.16 0.01 0.32)
(0.165 0.01 0.32)
(0.17 0.01 0.32)
(0.175 0.01 0.32)
(0.18 0.01 0.32)
(0.185 0.01 0.32)
(0.19 0.01 0.32)
(0.195 0.01 0.32)
(0.2 0.01 0.32)
(0.205 0.01 0.32)
(0.21 0.01 0.32)
(0.215 0.01 0.32)
(0.22 0.01 0.32)
(0.225 0.01 0.32)
(0.23 0.01 0.32)
(0.235 0.01 0.32)
(0.24 0.01 0.32)
(0.245 0.01 0.32)
(0.25 0.01 0.32)
(0.255 0.01 0.32)
(0.26 0.01 0.32)
(0.265 0.01 0.32)
(0.27 0.01 0.32)
(0.275 0.01 0.32)
(0.28 0.01 0.32)
(0.285 0.01 0.32)
(0.29 0.01 0.32)
(0.295 0.01 0.32)
(0.3 0.01 0.32)
(0 0 0.325)
(0.005 0 0.325)
(0.01 0 0.325)
(0.015 0 0.325)
(0.02 0 0.325)
(0.025 0 0.325)
(0.03 0 0.325)
(0.035 0 0.325)
(0.04 0 0.325)
(0.045 0 0.325)
(0.05 0 0.325)
(0.055 0 0.325)
(0.06 0 0.325)
(0.065 0 0.325)
(0.07 0 0.325)
(0.075 0 0.325)
(0.08 0 0.325)
(0.085 0 0.325)
(0.09 0 0.325)
(0.095 0 0.325)
(0.1 0 0.325)
(0.105 0 0.325)
(0.11 0 0.325)
(0.115 0 0.325)
(0.12 0 0.325)
(0.125 0 0.325)
(0.13 0 0.325)
(0.135 0 0.325)
(0.14 0 0.325)
(0.145 0 0.325)
(0.15 0 0.325)
(0.155 0 0.325)
(0.16 0 0.325)
(0.165 0 0.325)
(0.17 0 0.325)
(0.175 0 0.325)
(0.18 0 0.325)
(0.185 0 0.325)
(0.19 0 0.325)
(0.195 0 0.325)
(0.2 0 0.325)
(0.205 0 0.325)
(0.21 0 0.325)
(0.215 0 0.325)
(0.22 0 0.325)
(0.225 0 0.325)
(0.23 0 0.325)
(0.235 0 0.325)
(0.24 0 0.325)
(0.245 0 0.325)
(0.25 0 0.325)
(0.255 0 0.325)
(0.26 0 0.325)
(0.265 0 0.325)
(0.27 0 0.325)
(0.275 0 0.325)
(0.28 0 0.325)
(0.285 0 0.325)
(0.29 0 0.325)
(0.295 0 0.325)
(0.3 0 0.325)
(0 0.005 0.325)
(0.005 0.005 0.325)
(0.01 0.005 0.325)
(0.015 0.005 0.325)
(0.02 0.005 0.325)
(0.025 0.005 0.325)
(0.03 0.005 0.325)
(0.035 0.005 0.325)
(0.04 0.005 0.325)
(0.045 0.005 0.325)
(0.05 0.005 0.325)
(0.055 0.005 0.325)
(0.06 0.005 0.325)
(0.065 0.005 0.325)
(0.07 0.005 0.325)
(0.075 0.005 0.325)
(0.08 0.005 0.325)
(0.085 0.005 0.325)
(0.09 0.005 0.325)
(0.095 0.005 0.325)
(0.1 0.005 0.325)
(0.105 0.005 0.325)
(0.11 0.005 0.325)
(0.115 0.005 0.325)
(0.12 0.005 0.325)
(0.125 0.005 0.325)
(0.13 0.005 0.325)
(0.135 0.005 0.325)
(0.14 0.005 0.325)
(0.145 0.005 0.325)
(0.15 0.005 0.325)
(0.155 0.005 0.325)
(0.16 0.005 0.325)
(0.165 0.005 0.325)
(0.17 0.005 0.325)
(0.175 0.005 0.325)
(0.18 0.005 0.325)
(0.185 0.005 0.325)
(0.19 0.005 0.325)
(0.195 0.005 0.325)
(0.2 0.005 0.325)
(0.205 0.005 0.325)
(0.21 0.005 0.325)
(0.215 0.005 0.325)
(0.22 0.005 0.325)
(0.225 0.005 0.325)
(0.23 0.005 0.325)
(0.235 0.005 0.325)
(0.24 0.005 0.325)
(0.245 0.005 0.325)
(0.25 0.005 0.325)
(0.255 0.005 0.325)
(0.26 0.005 0.325)
(0.265 0.005 0.325)
(0.27 0.005 0.325)
(0.275 0.005 0.325)
(0.28 0.005 0.325)
(0.285 0.005 0.325)
(0.29 0.005 0.325)
(0.295 0.005 0.325)
(0.3 0.005 0.325)
(0 0.01 0.325)
(0.005 0.01 0.325)
(0.01 0.01 0.325)
(0.015 0.01 0.325)
(0.02 0.01 0.325)
(0.025 0.01 0.325)
(0.03 0.01 0.325)
(0.035 0.01 0.325)
(0.04 0.01 0.325)
(0.045 0.01 0.325)
(0.05 0.01 0.325)
(0.055 0.01 0.325)
(0.06 0.01 0.325)
(0.065 0.01 0.325)
(0.07 0.01 0.325)
(0.075 0.01 0.325)
(0.08 0.01 0.325)
(0.085 0.01 0.325)
(0.09 0.01 0.325)
(0.095 0.01 0.325)
(0.1 0.01 0.325)
(0.105 0.01 0.325)
(0.11 0.01 0.325)
(0.115 0.01 0.325)
(0.12 0.01 0.325)
(0.125 0.01 0.325)
(0.13 0.01 0.325)
(0.135 0.01 0.325)
(0.14 0.01 0.325)
(0.145 0.01 0.325)
(0.15 0.01 0.325)
(0.155 0.01 0.325)
(0.16 0.01 0.325)
(0.165 0.01 0.325)
(0.17 0.01 0.325)
(0.175 0.01 0.325)
(0.18 0.01 0.325)
(0.185 0.01 0.325)
(0.19 0.01 0.325)
(0.195 0.01 0.325)
(0.2 0.01 0.325)
(0.205 0.01 0.325)
(0.21 0.01 0.325)
(0.215 0.01 0.325)
(0.22 0.01 0.325)
(0.225 0.01 0.325)
(0.23 0.01 0.325)
(0.235 0.01 0.325)
(0.24 0.01 0.325)
(0.245 0.01 0.325)
(0.25 0.01 0.325)
(0.255 0.01 0.325)
(0.26 0.01 0.325)
(0.265 0.01 0.325)
(0.27 0.01 0.325)
(0.275 0.01 0.325)
(0.28 0.01 0.325)
(0.285 0.01 0.325)
(0.29 0.01 0.325)
(0.295 0.01 0.325)
(0.3 0.01 0.325)
(0 0 0.33)
(0.005 0 0.33)
(0.01 0 0.33)
(0.015 0 0.33)
(0.02 0 0.33)
(0.025 0 0.33)
(0.03 0 0.33)
(0.035 0 0.33)
(0.04 0 0.33)
(0.045 0 0.33)
(0.05 0 0.33)
(0.055 0 0.33)
(0.06 0 0.33)
(0.065 0 0.33)
(0.07 0 0.33)
(0.075 0 0.33)
(0.08 0 0.33)
(0.085 0 0.33)
(0.09 0 0.33)
(0.095 0 0.33)
(0.1 0 0.33)
(0.105 0 0.33)
(0.11 0 0.33)
(0.115 0 0.33)
(0.12 0 0.33)
(0.125 0 0.33)
(0.13 0 0.33)
(0.135 0 0.33)
(0.14 0 0.33)
(0.145 0 0.33)
(0.15 0 0.33)
(0.155 0 0.33)
(0.16 0 0.33)
(0.165 0 0.33)
(0.17 0 0.33)
(0.175 0 0.33)
(0.18 0 0.33)
(0.185 0 0.33)
(0.19 0 0.33)
(0.195 0 0.33)
(0.2 0 0.33)
(0.205 0 0.33)
(0.21 0 0.33)
(0.215 0 0.33)
(0.22 0 0.33)
(0.225 0 0.33)
(0.23 0 0.33)
(0.235 0 0.33)
(0.24 0 0.33)
(0.245 0 0.33)
(0.25 0 0.33)
(0.255 0 0.33)
(0.26 0 0.33)
(0.265 0 0.33)
(0.27 0 0.33)
(0.275 0 0.33)
(0.28 0 0.33)
(0.285 0 0.33)
(0.29 0 0.33)
(0.295 0 0.33)
(0.3 0 0.33)
(0 0.005 0.33)
(0.005 0.005 0.33)
(0.01 0.005 0.33)
(0.015 0.005 0.33)
(0.02 0.005 0.33)
(0.025 0.005 0.33)
(0.03 0.005 0.33)
(0.035 0.005 0.33)
(0.04 0.005 0.33)
(0.045 0.005 0.33)
(0.05 0.005 0.33)
(0.055 0.005 0.33)
(0.06 0.005 0.33)
(0.065 0.005 0.33)
(0.07 0.005 0.33)
(0.075 0.005 0.33)
(0.08 0.005 0.33)
(0.085 0.005 0.33)
(0.09 0.005 0.33)
(0.095 0.005 0.33)
(0.1 0.005 0.33)
(0.105 0.005 0.33)
(0.11 0.005 0.33)
(0.115 0.005 0.33)
(0.12 0.005 0.33)
(0.125 0.005 0.33)
(0.13 0.005 0.33)
(0.135 0.005 0.33)
(0.14 0.005 0.33)
(0.145 0.005 0.33)
(0.15 0.005 0.33)
(0.155 0.005 0.33)
(0.16 0.005 0.33)
(0.165 0.005 0.33)
(0.17 0.005 0.33)
(0.175 0.005 0.33)
(0.18 0.005 0.33)
(0.185 0.005 0.33)
(0.19 0.005 0.33)
(0.195 0.005 0.33)
(0.2 0.005 0.33)
(0.205 0.005 0.33)
(0.21 0.005 0.33)
(0.215 0.005 0.33)
(0.22 0.005 0.33)
(0.225 0.005 0.33)
(0.23 0.005 0.33)
(0.235 0.005 0.33)
(0.24 0.005 0.33)
(0.245 0.005 0.33)
(0.25 0.005 0.33)
(0.255 0.005 0.33)
(0.26 0.005 0.33)
(0.265 0.005 0.33)
(0.27 0.005 0.33)
(0.275 0.005 0.33)
(0.28 0.005 0.33)
(0.285 0.005 0.33)
(0.29 0.005 0.33)
(0.295 0.005 0.33)
(0.3 0.005 0.33)
(0 0.01 0.33)
(0.005 0.01 0.33)
(0.01 0.01 0.33)
(0.015 0.01 0.33)
(0.02 0.01 0.33)
(0.025 0.01 0.33)
(0.03 0.01 0.33)
(0.035 0.01 0.33)
(0.04 0.01 0.33)
(0.045 0.01 0.33)
(0.05 0.01 0.33)
(0.055 0.01 0.33)
(0.06 0.01 0.33)
(0.065 0.01 0.33)
(0.07 0.01 0.33)
(0.075 0.01 0.33)
(0.08 0.01 0.33)
(0.085 0.01 0.33)
(0.09 0.01 0.33)
(0.095 0.01 0.33)
(0.1 0.01 0.33)
(0.105 0.01 0.33)
(0.11 0.01 0.33)
(0.115 0.01 0.33)
(0.12 0.01 0.33)
(0.125 0.01 0.33)
(0.13 0.01 0.33)
(0.135 0.01 0.33)
(0.14 0.01 0.33)
(0.145 0.01 0.33)
(0.15 0.01 0.33)
(0.155 0.01 0.33)
(0.16 0.01 0.33)
(0.165 0.01 0.33)
(0.17 0.01 0.33)
(0.175 0.01 0.33)
(0.18 0.01 0.33)
(0.185 0.01 0.33)
(0.19 0.01 0.33)
(0.195 0.01 0.33)
(0.2 0.01 0.33)
(0.205 0.01 0.33)
(0.21 0.01 0.33)
(0.215 0.01 0.33)
(0.22 0.01 0.33)
(0.225 0.01 0.33)
(0.23 0.01 0.33)
(0.235 0.01 0.33)
(0.24 0.01 0.33)
(0.245 0.01 0.33)
(0.25 0.01 0.33)
(0.255 0.01 0.33)
(0.26 0.01 0.33)
(0.265 0.01 0.33)
(0.27 0.01 0.33)
(0.275 0.01 0.33)
(0.28 0.01 0.33)
(0.285 0.01 0.33)
(0.29 0.01 0.33)
(0.295 0.01 0.33)
(0.3 0.01 0.33)
(0 0 0.335)
(0.005 0 0.335)
(0.01 0 0.335)
(0.015 0 0.335)
(0.02 0 0.335)
(0.025 0 0.335)
(0.03 0 0.335)
(0.035 0 0.335)
(0.04 0 0.335)
(0.045 0 0.335)
(0.05 0 0.335)
(0.055 0 0.335)
(0.06 0 0.335)
(0.065 0 0.335)
(0.07 0 0.335)
(0.075 0 0.335)
(0.08 0 0.335)
(0.085 0 0.335)
(0.09 0 0.335)
(0.095 0 0.335)
(0.1 0 0.335)
(0.105 0 0.335)
(0.11 0 0.335)
(0.115 0 0.335)
(0.12 0 0.335)
(0.125 0 0.335)
(0.13 0 0.335)
(0.135 0 0.335)
(0.14 0 0.335)
(0.145 0 0.335)
(0.15 0 0.335)
(0.155 0 0.335)
(0.16 0 0.335)
(0.165 0 0.335)
(0.17 0 0.335)
(0.175 0 0.335)
(0.18 0 0.335)
(0.185 0 0.335)
(0.19 0 0.335)
(0.195 0 0.335)
(0.2 0 0.335)
(0.205 0 0.335)
(0.21 0 0.335)
(0.215 0 0.335)
(0.22 0 0.335)
(0.225 0 0.335)
(0.23 0 0.335)
(0.235 0 0.335)
(0.24 0 0.335)
(0.245 0 0.335)
(0.25 0 0.335)
(0.255 0 0.335)
(0.26 0 0.335)
(0.265 0 0.335)
(0.27 0 0.335)
(0.275 0 0.335)
(0.28 0 0.335)
(0.285 0 0.335)
(0.29 0 0.335)
(0.295 0 0.335)
(0.3 0 0.335)
(0 0.005 0.335)
(0.005 0.005 0.335)
(0.01 0.005 0.335)
(0.015 0.005 0.335)
(0.02 0.005 0.335)
(0.025 0.005 0.335)
(0.03 0.005 0.335)
(0.035 0.005 0.335)
(0.04 0.005 0.335)
(0.045 0.005 0.335)
(0.05 0.005 0.335)
(0.055 0.005 0.335)
(0.06 0.005 0.335)
(0.065 0.005 0.335)
(0.07 0.005 0.335)
(0.075 0.005 0.335)
(0.08 0.005 0.335)
(0.085 0.005 0.335)
(0.09 0.005 0.335)
(0.095 0.005 0.335)
(0.1 0.005 0.335)
(0.105 0.005 0.335)
(0.11 0.005 0.335)
(0.115 0.005 0.335)
(0.12 0.005 0.335)
(0.125 0.005 0.335)
(0.13 0.005 0.335)
(0.135 0.005 0.335)
(0.14 0.005 0.335)
(0.145 0.005 0.335)
(0.15 0.005 0.335)
(0.155 0.005 0.335)
(0.16 0.005 0.335)
(0.165 0.005 0.335)
(0.17 0.005 0.335)
(0.175 0.005 0.335)
(0.18 0.005 0.335)
(0.185 0.005 0.335)
(0.19 0.005 0.335)
(0.195 0.005 0.335)
(0.2 0.005 0.335)
(0.205 0.005 0.335)
(0.21 0.005 0.335)
(0.215 0.005 0.335)
(0.22 0.005 0.335)
(0.225 0.005 0.335)
(0.23 0.005 0.335)
(0.235 0.005 0.335)
(0.24 0.005 0.335)
(0.245 0.005 0.335)
(0.25 0.005 0.335)
(0.255 0.005 0.335)
(0.26 0.005 0.335)
(0.265 0.005 0.335)
(0.27 0.005 0.335)
(0.275 0.005 0.335)
(0.28 0.005 0.335)
(0.285 0.005 0.335)
(0.29 0.005 0.335)
(0.295 0.005 0.335)
(0.3 0.005 0.335)
(0 0.01 0.335)
(0.005 0.01 0.335)
(0.01 0.01 0.335)
(0.015 0.01 0.335)
(0.02 0.01 0.335)
(0.025 0.01 0.335)
(0.03 0.01 0.335)
(0.035 0.01 0.335)
(0.04 0.01 0.335)
(0.045 0.01 0.335)
(0.05 0.01 0.335)
(0.055 0.01 0.335)
(0.06 0.01 0.335)
(0.065 0.01 0.335)
(0.07 0.01 0.335)
(0.075 0.01 0.335)
(0.08 0.01 0.335)
(0.085 0.01 0.335)
(0.09 0.01 0.335)
(0.095 0.01 0.335)
(0.1 0.01 0.335)
(0.105 0.01 0.335)
(0.11 0.01 0.335)
(0.115 0.01 0.335)
(0.12 0.01 0.335)
(0.125 0.01 0.335)
(0.13 0.01 0.335)
(0.135 0.01 0.335)
(0.14 0.01 0.335)
(0.145 0.01 0.335)
(0.15 0.01 0.335)
(0.155 0.01 0.335)
(0.16 0.01 0.335)
(0.165 0.01 0.335)
(0.17 0.01 0.335)
(0.175 0.01 0.335)
(0.18 0.01 0.335)
(0.185 0.01 0.335)
(0.19 0.01 0.335)
(0.195 0.01 0.335)
(0.2 0.01 0.335)
(0.205 0.01 0.335)
(0.21 0.01 0.335)
(0.215 0.01 0.335)
(0.22 0.01 0.335)
(0.225 0.01 0.335)
(0.23 0.01 0.335)
(0.235 0.01 0.335)
(0.24 0.01 0.335)
(0.245 0.01 0.335)
(0.25 0.01 0.335)
(0.255 0.01 0.335)
(0.26 0.01 0.335)
(0.265 0.01 0.335)
(0.27 0.01 0.335)
(0.275 0.01 0.335)
(0.28 0.01 0.335)
(0.285 0.01 0.335)
(0.29 0.01 0.335)
(0.295 0.01 0.335)
(0.3 0.01 0.335)
(0 0 0.34)
(0.005 0 0.34)
(0.01 0 0.34)
(0.015 0 0.34)
(0.02 0 0.34)
(0.025 0 0.34)
(0.03 0 0.34)
(0.035 0 0.34)
(0.04 0 0.34)
(0.045 0 0.34)
(0.05 0 0.34)
(0.055 0 0.34)
(0.06 0 0.34)
(0.065 0 0.34)
(0.07 0 0.34)
(0.075 0 0.34)
(0.08 0 0.34)
(0.085 0 0.34)
(0.09 0 0.34)
(0.095 0 0.34)
(0.1 0 0.34)
(0.105 0 0.34)
(0.11 0 0.34)
(0.115 0 0.34)
(0.12 0 0.34)
(0.125 0 0.34)
(0.13 0 0.34)
(0.135 0 0.34)
(0.14 0 0.34)
(0.145 0 0.34)
(0.15 0 0.34)
(0.155 0 0.34)
(0.16 0 0.34)
(0.165 0 0.34)
(0.17 0 0.34)
(0.175 0 0.34)
(0.18 0 0.34)
(0.185 0 0.34)
(0.19 0 0.34)
(0.195 0 0.34)
(0.2 0 0.34)
(0.205 0 0.34)
(0.21 0 0.34)
(0.215 0 0.34)
(0.22 0 0.34)
(0.225 0 0.34)
(0.23 0 0.34)
(0.235 0 0.34)
(0.24 0 0.34)
(0.245 0 0.34)
(0.25 0 0.34)
(0.255 0 0.34)
(0.26 0 0.34)
(0.265 0 0.34)
(0.27 0 0.34)
(0.275 0 0.34)
(0.28 0 0.34)
(0.285 0 0.34)
(0.29 0 0.34)
(0.295 0 0.34)
(0.3 0 0.34)
(0 0.005 0.34)
(0.005 0.005 0.34)
(0.01 0.005 0.34)
(0.015 0.005 0.34)
(0.02 0.005 0.34)
(0.025 0.005 0.34)
(0.03 0.005 0.34)
(0.035 0.005 0.34)
(0.04 0.005 0.34)
(0.045 0.005 0.34)
(0.05 0.005 0.34)
(0.055 0.005 0.34)
(0.06 0.005 0.34)
(0.065 0.005 0.34)
(0.07 0.005 0.34)
(0.075 0.005 0.34)
(0.08 0.005 0.34)
(0.085 0.005 0.34)
(0.09 0.005 0.34)
(0.095 0.005 0.34)
(0.1 0.005 0.34)
(0.105 0.005 0.34)
(0.11 0.005 0.34)
(0.115 0.005 0.34)
(0.12 0.005 0.34)
(0.125 0.005 0.34)
(0.13 0.005 0.34)
(0.135 0.005 0.34)
(0.14 0.005 0.34)
(0.145 0.005 0.34)
(0.15 0.005 0.34)
(0.155 0.005 0.34)
(0.16 0.005 0.34)
(0.165 0.005 0.34)
(0.17 0.005 0.34)
(0.175 0.005 0.34)
(0.18 0.005 0.34)
(0.185 0.005 0.34)
(0.19 0.005 0.34)
(0.195 0.005 0.34)
(0.2 0.005 0.34)
(0.205 0.005 0.34)
(0.21 0.005 0.34)
(0.215 0.005 0.34)
(0.22 0.005 0.34)
(0.225 0.005 0.34)
(0.23 0.005 0.34)
(0.235 0.005 0.34)
(0.24 0.005 0.34)
(0.245 0.005 0.34)
(0.25 0.005 0.34)
(0.255 0.005 0.34)
(0.26 0.005 0.34)
(0.265 0.005 0.34)
(0.27 0.005 0.34)
(0.275 0.005 0.34)
(0.28 0.005 0.34)
(0.285 0.005 0.34)
(0.29 0.005 0.34)
(0.295 0.005 0.34)
(0.3 0.005 0.34)
(0 0.01 0.34)
(0.005 0.01 0.34)
(0.01 0.01 0.34)
(0.015 0.01 0.34)
(0.02 0.01 0.34)
(0.025 0.01 0.34)
(0.03 0.01 0.34)
(0.035 0.01 0.34)
(0.04 0.01 0.34)
(0.045 0.01 0.34)
(0.05 0.01 0.34)
(0.055 0.01 0.34)
(0.06 0.01 0.34)
(0.065 0.01 0.34)
(0.07 0.01 0.34)
(0.075 0.01 0.34)
(0.08 0.01 0.34)
(0.085 0.01 0.34)
(0.09 0.01 0.34)
(0.095 0.01 0.34)
(0.1 0.01 0.34)
(0.105 0.01 0.34)
(0.11 0.01 0.34)
(0.115 0.01 0.34)
(0.12 0.01 0.34)
(0.125 0.01 0.34)
(0.13 0.01 0.34)
(0.135 0.01 0.34)
(0.14 0.01 0.34)
(0.145 0.01 0.34)
(0.15 0.01 0.34)
(0.155 0.01 0.34)
(0.16 0.01 0.34)
(0.165 0.01 0.34)
(0.17 0.01 0.34)
(0.175 0.01 0.34)
(0.18 0.01 0.34)
(0.185 0.01 0.34)
(0.19 0.01 0.34)
(0.195 0.01 0.34)
(0.2 0.01 0.34)
(0.205 0.01 0.34)
(0.21 0.01 0.34)
(0.215 0.01 0.34)
(0.22 0.01 0.34)
(0.225 0.01 0.34)
(0.23 0.01 0.34)
(0.235 0.01 0.34)
(0.24 0.01 0.34)
(0.245 0.01 0.34)
(0.25 0.01 0.34)
(0.255 0.01 0.34)
(0.26 0.01 0.34)
(0.265 0.01 0.34)
(0.27 0.01 0.34)
(0.275 0.01 0.34)
(0.28 0.01 0.34)
(0.285 0.01 0.34)
(0.29 0.01 0.34)
(0.295 0.01 0.34)
(0.3 0.01 0.34)
(0 0 0.345)
(0.005 0 0.345)
(0.01 0 0.345)
(0.015 0 0.345)
(0.02 0 0.345)
(0.025 0 0.345)
(0.03 0 0.345)
(0.035 0 0.345)
(0.04 0 0.345)
(0.045 0 0.345)
(0.05 0 0.345)
(0.055 0 0.345)
(0.06 0 0.345)
(0.065 0 0.345)
(0.07 0 0.345)
(0.075 0 0.345)
(0.08 0 0.345)
(0.085 0 0.345)
(0.09 0 0.345)
(0.095 0 0.345)
(0.1 0 0.345)
(0.105 0 0.345)
(0.11 0 0.345)
(0.115 0 0.345)
(0.12 0 0.345)
(0.125 0 0.345)
(0.13 0 0.345)
(0.135 0 0.345)
(0.14 0 0.345)
(0.145 0 0.345)
(0.15 0 0.345)
(0.155 0 0.345)
(0.16 0 0.345)
(0.165 0 0.345)
(0.17 0 0.345)
(0.175 0 0.345)
(0.18 0 0.345)
(0.185 0 0.345)
(0.19 0 0.345)
(0.195 0 0.345)
(0.2 0 0.345)
(0.205 0 0.345)
(0.21 0 0.345)
(0.215 0 0.345)
(0.22 0 0.345)
(0.225 0 0.345)
(0.23 0 0.345)
(0.235 0 0.345)
(0.24 0 0.345)
(0.245 0 0.345)
(0.25 0 0.345)
(0.255 0 0.345)
(0.26 0 0.345)
(0.265 0 0.345)
(0.27 0 0.345)
(0.275 0 0.345)
(0.28 0 0.345)
(0.285 0 0.345)
(0.29 0 0.345)
(0.295 0 0.345)
(0.3 0 0.345)
(0 0.005 0.345)
(0.005 0.005 0.345)
(0.01 0.005 0.345)
(0.015 0.005 0.345)
(0.02 0.005 0.345)
(0.025 0.005 0.345)
(0.03 0.005 0.345)
(0.035 0.005 0.345)
(0.04 0.005 0.345)
(0.045 0.005 0.345)
(0.05 0.005 0.345)
(0.055 0.005 0.345)
(0.06 0.005 0.345)
(0.065 0.005 0.345)
(0.07 0.005 0.345)
(0.075 0.005 0.345)
(0.08 0.005 0.345)
(0.085 0.005 0.345)
(0.09 0.005 0.345)
(0.095 0.005 0.345)
(0.1 0.005 0.345)
(0.105 0.005 0.345)
(0.11 0.005 0.345)
(0.115 0.005 0.345)
(0.12 0.005 0.345)
(0.125 0.005 0.345)
(0.13 0.005 0.345)
(0.135 0.005 0.345)
(0.14 0.005 0.345)
(0.145 0.005 0.345)
(0.15 0.005 0.345)
(0.155 0.005 0.345)
(0.16 0.005 0.345)
(0.165 0.005 0.345)
(0.17 0.005 0.345)
(0.175 0.005 0.345)
(0.18 0.005 0.345)
(0.185 0.005 0.345)
(0.19 0.005 0.345)
(0.195 0.005 0.345)
(0.2 0.005 0.345)
(0.205 0.005 0.345)
(0.21 0.005 0.345)
(0.215 0.005 0.345)
(0.22 0.005 0.345)
(0.225 0.005 0.345)
(0.23 0.005 0.345)
(0.235 0.005 0.345)
(0.24 0.005 0.345)
(0.245 0.005 0.345)
(0.25 0.005 0.345)
(0.255 0.005 0.345)
(0.26 0.005 0.345)
(0.265 0.005 0.345)
(0.27 0.005 0.345)
(0.275 0.005 0.345)
(0.28 0.005 0.345)
(0.285 0.005 0.345)
(0.29 0.005 0.345)
(0.295 0.005 0.345)
(0.3 0.005 0.345)
(0 0.01 0.345)
(0.005 0.01 0.345)
(0.01 0.01 0.345)
(0.015 0.01 0.345)
(0.02 0.01 0.345)
(0.025 0.01 0.345)
(0.03 0.01 0.345)
(0.035 0.01 0.345)
(0.04 0.01 0.345)
(0.045 0.01 0.345)
(0.05 0.01 0.345)
(0.055 0.01 0.345)
(0.06 0.01 0.345)
(0.065 0.01 0.345)
(0.07 0.01 0.345)
(0.075 0.01 0.345)
(0.08 0.01 0.345)
(0.085 0.01 0.345)
(0.09 0.01 0.345)
(0.095 0.01 0.345)
(0.1 0.01 0.345)
(0.105 0.01 0.345)
(0.11 0.01 0.345)
(0.115 0.01 0.345)
(0.12 0.01 0.345)
(0.125 0.01 0.345)
(0.13 0.01 0.345)
(0.135 0.01 0.345)
(0.14 0.01 0.345)
(0.145 0.01 0.345)
(0.15 0.01 0.345)
(0.155 0.01 0.345)
(0.16 0.01 0.345)
(0.165 0.01 0.345)
(0.17 0.01 0.345)
(0.175 0.01 0.345)
(0.18 0.01 0.345)
(0.185 0.01 0.345)
(0.19 0.01 0.345)
(0.195 0.01 0.345)
(0.2 0.01 0.345)
(0.205 0.01 0.345)
(0.21 0.01 0.345)
(0.215 0.01 0.345)
(0.22 0.01 0.345)
(0.225 0.01 0.345)
(0.23 0.01 0.345)
(0.235 0.01 0.345)
(0.24 0.01 0.345)
(0.245 0.01 0.345)
(0.25 0.01 0.345)
(0.255 0.01 0.345)
(0.26 0.01 0.345)
(0.265 0.01 0.345)
(0.27 0.01 0.345)
(0.275 0.01 0.345)
(0.28 0.01 0.345)
(0.285 0.01 0.345)
(0.29 0.01 0.345)
(0.295 0.01 0.345)
(0.3 0.01 0.345)
(0 0 0.35)
(0.005 0 0.35)
(0.01 0 0.35)
(0.015 0 0.35)
(0.02 0 0.35)
(0.025 0 0.35)
(0.03 0 0.35)
(0.035 0 0.35)
(0.04 0 0.35)
(0.045 0 0.35)
(0.05 0 0.35)
(0.055 0 0.35)
(0.06 0 0.35)
(0.065 0 0.35)
(0.07 0 0.35)
(0.075 0 0.35)
(0.08 0 0.35)
(0.085 0 0.35)
(0.09 0 0.35)
(0.095 0 0.35)
(0.1 0 0.35)
(0.105 0 0.35)
(0.11 0 0.35)
(0.115 0 0.35)
(0.12 0 0.35)
(0.125 0 0.35)
(0.13 0 0.35)
(0.135 0 0.35)
(0.14 0 0.35)
(0.145 0 0.35)
(0.15 0 0.35)
(0.155 0 0.35)
(0.16 0 0.35)
(0.165 0 0.35)
(0.17 0 0.35)
(0.175 0 0.35)
(0.18 0 0.35)
(0.185 0 0.35)
(0.19 0 0.35)
(0.195 0 0.35)
(0.2 0 0.35)
(0.205 0 0.35)
(0.21 0 0.35)
(0.215 0 0.35)
(0.22 0 0.35)
(0.225 0 0.35)
(0.23 0 0.35)
(0.235 0 0.35)
(0.24 0 0.35)
(0.245 0 0.35)
(0.25 0 0.35)
(0.255 0 0.35)
(0.26 0 0.35)
(0.265 0 0.35)
(0.27 0 0.35)
(0.275 0 0.35)
(0.28 0 0.35)
(0.285 0 0.35)
(0.29 0 0.35)
(0.295 0 0.35)
(0.3 0 0.35)
(0 0.005 0.35)
(0.005 0.005 0.35)
(0.01 0.005 0.35)
(0.015 0.005 0.35)
(0.02 0.005 0.35)
(0.025 0.005 0.35)
(0.03 0.005 0.35)
(0.035 0.005 0.35)
(0.04 0.005 0.35)
(0.045 0.005 0.35)
(0.05 0.005 0.35)
(0.055 0.005 0.35)
(0.06 0.005 0.35)
(0.065 0.005 0.35)
(0.07 0.005 0.35)
(0.075 0.005 0.35)
(0.08 0.005 0.35)
(0.085 0.005 0.35)
(0.09 0.005 0.35)
(0.095 0.005 0.35)
(0.1 0.005 0.35)
(0.105 0.005 0.35)
(0.11 0.005 0.35)
(0.115 0.005 0.35)
(0.12 0.005 0.35)
(0.125 0.005 0.35)
(0.13 0.005 0.35)
(0.135 0.005 0.35)
(0.14 0.005 0.35)
(0.145 0.005 0.35)
(0.15 0.005 0.35)
(0.155 0.005 0.35)
(0.16 0.005 0.35)
(0.165 0.005 0.35)
(0.17 0.005 0.35)
(0.175 0.005 0.35)
(0.18 0.005 0.35)
(0.185 0.005 0.35)
(0.19 0.005 0.35)
(0.195 0.005 0.35)
(0.2 0.005 0.35)
(0.205 0.005 0.35)
(0.21 0.005 0.35)
(0.215 0.005 0.35)
(0.22 0.005 0.35)
(0.225 0.005 0.35)
(0.23 0.005 0.35)
(0.235 0.005 0.35)
(0.24 0.005 0.35)
(0.245 0.005 0.35)
(0.25 0.005 0.35)
(0.255 0.005 0.35)
(0.26 0.005 0.35)
(0.265 0.005 0.35)
(0.27 0.005 0.35)
(0.275 0.005 0.35)
(0.28 0.005 0.35)
(0.285 0.005 0.35)
(0.29 0.005 0.35)
(0.295 0.005 0.35)
(0.3 0.005 0.35)
(0 0.01 0.35)
(0.005 0.01 0.35)
(0.01 0.01 0.35)
(0.015 0.01 0.35)
(0.02 0.01 0.35)
(0.025 0.01 0.35)
(0.03 0.01 0.35)
(0.035 0.01 0.35)
(0.04 0.01 0.35)
(0.045 0.01 0.35)
(0.05 0.01 0.35)
(0.055 0.01 0.35)
(0.06 0.01 0.35)
(0.065 0.01 0.35)
(0.07 0.01 0.35)
(0.075 0.01 0.35)
(0.08 0.01 0.35)
(0.085 0.01 0.35)
(0.09 0.01 0.35)
(0.095 0.01 0.35)
(0.1 0.01 0.35)
(0.105 0.01 0.35)
(0.11 0.01 0.35)
(0.115 0.01 0.35)
(0.12 0.01 0.35)
(0.125 0.01 0.35)
(0.13 0.01 0.35)
(0.135 0.01 0.35)
(0.14 0.01 0.35)
(0.145 0.01 0.35)
(0.15 0.01 0.35)
(0.155 0.01 0.35)
(0.16 0.01 0.35)
(0.165 0.01 0.35)
(0.17 0.01 0.35)
(0.175 0.01 0.35)
(0.18 0.01 0.35)
(0.185 0.01 0.35)
(0.19 0.01 0.35)
(0.195 0.01 0.35)
(0.2 0.01 0.35)
(0.205 0.01 0.35)
(0.21 0.01 0.35)
(0.215 0.01 0.35)
(0.22 0.01 0.35)
(0.225 0.01 0.35)
(0.23 0.01 0.35)
(0.235 0.01 0.35)
(0.24 0.01 0.35)
(0.245 0.01 0.35)
(0.25 0.01 0.35)
(0.255 0.01 0.35)
(0.26 0.01 0.35)
(0.265 0.01 0.35)
(0.27 0.01 0.35)
(0.275 0.01 0.35)
(0.28 0.01 0.35)
(0.285 0.01 0.35)
(0.29 0.01 0.35)
(0.295 0.01 0.35)
(0.3 0.01 0.35)
(0 0 0.355)
(0.005 0 0.355)
(0.01 0 0.355)
(0.015 0 0.355)
(0.02 0 0.355)
(0.025 0 0.355)
(0.03 0 0.355)
(0.035 0 0.355)
(0.04 0 0.355)
(0.045 0 0.355)
(0.05 0 0.355)
(0.055 0 0.355)
(0.06 0 0.355)
(0.065 0 0.355)
(0.07 0 0.355)
(0.075 0 0.355)
(0.08 0 0.355)
(0.085 0 0.355)
(0.09 0 0.355)
(0.095 0 0.355)
(0.1 0 0.355)
(0.105 0 0.355)
(0.11 0 0.355)
(0.115 0 0.355)
(0.12 0 0.355)
(0.125 0 0.355)
(0.13 0 0.355)
(0.135 0 0.355)
(0.14 0 0.355)
(0.145 0 0.355)
(0.15 0 0.355)
(0.155 0 0.355)
(0.16 0 0.355)
(0.165 0 0.355)
(0.17 0 0.355)
(0.175 0 0.355)
(0.18 0 0.355)
(0.185 0 0.355)
(0.19 0 0.355)
(0.195 0 0.355)
(0.2 0 0.355)
(0.205 0 0.355)
(0.21 0 0.355)
(0.215 0 0.355)
(0.22 0 0.355)
(0.225 0 0.355)
(0.23 0 0.355)
(0.235 0 0.355)
(0.24 0 0.355)
(0.245 0 0.355)
(0.25 0 0.355)
(0.255 0 0.355)
(0.26 0 0.355)
(0.265 0 0.355)
(0.27 0 0.355)
(0.275 0 0.355)
(0.28 0 0.355)
(0.285 0 0.355)
(0.29 0 0.355)
(0.295 0 0.355)
(0.3 0 0.355)
(0 0.005 0.355)
(0.005 0.005 0.355)
(0.01 0.005 0.355)
(0.015 0.005 0.355)
(0.02 0.005 0.355)
(0.025 0.005 0.355)
(0.03 0.005 0.355)
(0.035 0.005 0.355)
(0.04 0.005 0.355)
(0.045 0.005 0.355)
(0.05 0.005 0.355)
(0.055 0.005 0.355)
(0.06 0.005 0.355)
(0.065 0.005 0.355)
(0.07 0.005 0.355)
(0.075 0.005 0.355)
(0.08 0.005 0.355)
(0.085 0.005 0.355)
(0.09 0.005 0.355)
(0.095 0.005 0.355)
(0.1 0.005 0.355)
(0.105 0.005 0.355)
(0.11 0.005 0.355)
(0.115 0.005 0.355)
(0.12 0.005 0.355)
(0.125 0.005 0.355)
(0.13 0.005 0.355)
(0.135 0.005 0.355)
(0.14 0.005 0.355)
(0.145 0.005 0.355)
(0.15 0.005 0.355)
(0.155 0.005 0.355)
(0.16 0.005 0.355)
(0.165 0.005 0.355)
(0.17 0.005 0.355)
(0.175 0.005 0.355)
(0.18 0.005 0.355)
(0.185 0.005 0.355)
(0.19 0.005 0.355)
(0.195 0.005 0.355)
(0.2 0.005 0.355)
(0.205 0.005 0.355)
(0.21 0.005 0.355)
(0.215 0.005 0.355)
(0.22 0.005 0.355)
(0.225 0.005 0.355)
(0.23 0.005 0.355)
(0.235 0.005 0.355)
(0.24 0.005 0.355)
(0.245 0.005 0.355)
(0.25 0.005 0.355)
(0.255 0.005 0.355)
(0.26 0.005 0.355)
(0.265 0.005 0.355)
(0.27 0.005 0.355)
(0.275 0.005 0.355)
(0.28 0.005 0.355)
(0.285 0.005 0.355)
(0.29 0.005 0.355)
(0.295 0.005 0.355)
(0.3 0.005 0.355)
(0 0.01 0.355)
(0.005 0.01 0.355)
(0.01 0.01 0.355)
(0.015 0.01 0.355)
(0.02 0.01 0.355)
(0.025 0.01 0.355)
(0.03 0.01 0.355)
(0.035 0.01 0.355)
(0.04 0.01 0.355)
(0.045 0.01 0.355)
(0.05 0.01 0.355)
(0.055 0.01 0.355)
(0.06 0.01 0.355)
(0.065 0.01 0.355)
(0.07 0.01 0.355)
(0.075 0.01 0.355)
(0.08 0.01 0.355)
(0.085 0.01 0.355)
(0.09 0.01 0.355)
(0.095 0.01 0.355)
(0.1 0.01 0.355)
(0.105 0.01 0.355)
(0.11 0.01 0.355)
(0.115 0.01 0.355)
(0.12 0.01 0.355)
(0.125 0.01 0.355)
(0.13 0.01 0.355)
(0.135 0.01 0.355)
(0.14 0.01 0.355)
(0.145 0.01 0.355)
(0.15 0.01 0.355)
(0.155 0.01 0.355)
(0.16 0.01 0.355)
(0.165 0.01 0.355)
(0.17 0.01 0.355)
(0.175 0.01 0.355)
(0.18 0.01 0.355)
(0.185 0.01 0.355)
(0.19 0.01 0.355)
(0.195 0.01 0.355)
(0.2 0.01 0.355)
(0.205 0.01 0.355)
(0.21 0.01 0.355)
(0.215 0.01 0.355)
(0.22 0.01 0.355)
(0.225 0.01 0.355)
(0.23 0.01 0.355)
(0.235 0.01 0.355)
(0.24 0.01 0.355)
(0.245 0.01 0.355)
(0.25 0.01 0.355)
(0.255 0.01 0.355)
(0.26 0.01 0.355)
(0.265 0.01 0.355)
(0.27 0.01 0.355)
(0.275 0.01 0.355)
(0.28 0.01 0.355)
(0.285 0.01 0.355)
(0.29 0.01 0.355)
(0.295 0.01 0.355)
(0.3 0.01 0.355)
(0 0 0.36)
(0.005 0 0.36)
(0.01 0 0.36)
(0.015 0 0.36)
(0.02 0 0.36)
(0.025 0 0.36)
(0.03 0 0.36)
(0.035 0 0.36)
(0.04 0 0.36)
(0.045 0 0.36)
(0.05 0 0.36)
(0.055 0 0.36)
(0.06 0 0.36)
(0.065 0 0.36)
(0.07 0 0.36)
(0.075 0 0.36)
(0.08 0 0.36)
(0.085 0 0.36)
(0.09 0 0.36)
(0.095 0 0.36)
(0.1 0 0.36)
(0.105 0 0.36)
(0.11 0 0.36)
(0.115 0 0.36)
(0.12 0 0.36)
(0.125 0 0.36)
(0.13 0 0.36)
(0.135 0 0.36)
(0.14 0 0.36)
(0.145 0 0.36)
(0.15 0 0.36)
(0.155 0 0.36)
(0.16 0 0.36)
(0.165 0 0.36)
(0.17 0 0.36)
(0.175 0 0.36)
(0.18 0 0.36)
(0.185 0 0.36)
(0.19 0 0.36)
(0.195 0 0.36)
(0.2 0 0.36)
(0.205 0 0.36)
(0.21 0 0.36)
(0.215 0 0.36)
(0.22 0 0.36)
(0.225 0 0.36)
(0.23 0 0.36)
(0.235 0 0.36)
(0.24 0 0.36)
(0.245 0 0.36)
(0.25 0 0.36)
(0.255 0 0.36)
(0.26 0 0.36)
(0.265 0 0.36)
(0.27 0 0.36)
(0.275 0 0.36)
(0.28 0 0.36)
(0.285 0 0.36)
(0.29 0 0.36)
(0.295 0 0.36)
(0.3 0 0.36)
(0 0.005 0.36)
(0.005 0.005 0.36)
(0.01 0.005 0.36)
(0.015 0.005 0.36)
(0.02 0.005 0.36)
(0.025 0.005 0.36)
(0.03 0.005 0.36)
(0.035 0.005 0.36)
(0.04 0.005 0.36)
(0.045 0.005 0.36)
(0.05 0.005 0.36)
(0.055 0.005 0.36)
(0.06 0.005 0.36)
(0.065 0.005 0.36)
(0.07 0.005 0.36)
(0.075 0.005 0.36)
(0.08 0.005 0.36)
(0.085 0.005 0.36)
(0.09 0.005 0.36)
(0.095 0.005 0.36)
(0.1 0.005 0.36)
(0.105 0.005 0.36)
(0.11 0.005 0.36)
(0.115 0.005 0.36)
(0.12 0.005 0.36)
(0.125 0.005 0.36)
(0.13 0.005 0.36)
(0.135 0.005 0.36)
(0.14 0.005 0.36)
(0.145 0.005 0.36)
(0.15 0.005 0.36)
(0.155 0.005 0.36)
(0.16 0.005 0.36)
(0.165 0.005 0.36)
(0.17 0.005 0.36)
(0.175 0.005 0.36)
(0.18 0.005 0.36)
(0.185 0.005 0.36)
(0.19 0.005 0.36)
(0.195 0.005 0.36)
(0.2 0.005 0.36)
(0.205 0.005 0.36)
(0.21 0.005 0.36)
(0.215 0.005 0.36)
(0.22 0.005 0.36)
(0.225 0.005 0.36)
(0.23 0.005 0.36)
(0.235 0.005 0.36)
(0.24 0.005 0.36)
(0.245 0.005 0.36)
(0.25 0.005 0.36)
(0.255 0.005 0.36)
(0.26 0.005 0.36)
(0.265 0.005 0.36)
(0.27 0.005 0.36)
(0.275 0.005 0.36)
(0.28 0.005 0.36)
(0.285 0.005 0.36)
(0.29 0.005 0.36)
(0.295 0.005 0.36)
(0.3 0.005 0.36)
(0 0.01 0.36)
(0.005 0.01 0.36)
(0.01 0.01 0.36)
(0.015 0.01 0.36)
(0.02 0.01 0.36)
(0.025 0.01 0.36)
(0.03 0.01 0.36)
(0.035 0.01 0.36)
(0.04 0.01 0.36)
(0.045 0.01 0.36)
(0.05 0.01 0.36)
(0.055 0.01 0.36)
(0.06 0.01 0.36)
(0.065 0.01 0.36)
(0.07 0.01 0.36)
(0.075 0.01 0.36)
(0.08 0.01 0.36)
(0.085 0.01 0.36)
(0.09 0.01 0.36)
(0.095 0.01 0.36)
(0.1 0.01 0.36)
(0.105 0.01 0.36)
(0.11 0.01 0.36)
(0.115 0.01 0.36)
(0.12 0.01 0.36)
(0.125 0.01 0.36)
(0.13 0.01 0.36)
(0.135 0.01 0.36)
(0.14 0.01 0.36)
(0.145 0.01 0.36)
(0.15 0.01 0.36)
(0.155 0.01 0.36)
(0.16 0.01 0.36)
(0.165 0.01 0.36)
(0.17 0.01 0.36)
(0.175 0.01 0.36)
(0.18 0.01 0.36)
(0.185 0.01 0.36)
(0.19 0.01 0.36)
(0.195 0.01 0.36)
(0.2 0.01 0.36)
(0.205 0.01 0.36)
(0.21 0.01 0.36)
(0.215 0.01 0.36)
(0.22 0.01 0.36)
(0.225 0.01 0.36)
(0.23 0.01 0.36)
(0.235 0.01 0.36)
(0.24 0.01 0.36)
(0.245 0.01 0.36)
(0.25 0.01 0.36)
(0.255 0.01 0.36)
(0.26 0.01 0.36)
(0.265 0.01 0.36)
(0.27 0.01 0.36)
(0.275 0.01 0.36)
(0.28 0.01 0.36)
(0.285 0.01 0.36)
(0.29 0.01 0.36)
(0.295 0.01 0.36)
(0.3 0.01 0.36)
(0 0 0.365)
(0.005 0 0.365)
(0.01 0 0.365)
(0.015 0 0.365)
(0.02 0 0.365)
(0.025 0 0.365)
(0.03 0 0.365)
(0.035 0 0.365)
(0.04 0 0.365)
(0.045 0 0.365)
(0.05 0 0.365)
(0.055 0 0.365)
(0.06 0 0.365)
(0.065 0 0.365)
(0.07 0 0.365)
(0.075 0 0.365)
(0.08 0 0.365)
(0.085 0 0.365)
(0.09 0 0.365)
(0.095 0 0.365)
(0.1 0 0.365)
(0.105 0 0.365)
(0.11 0 0.365)
(0.115 0 0.365)
(0.12 0 0.365)
(0.125 0 0.365)
(0.13 0 0.365)
(0.135 0 0.365)
(0.14 0 0.365)
(0.145 0 0.365)
(0.15 0 0.365)
(0.155 0 0.365)
(0.16 0 0.365)
(0.165 0 0.365)
(0.17 0 0.365)
(0.175 0 0.365)
(0.18 0 0.365)
(0.185 0 0.365)
(0.19 0 0.365)
(0.195 0 0.365)
(0.2 0 0.365)
(0.205 0 0.365)
(0.21 0 0.365)
(0.215 0 0.365)
(0.22 0 0.365)
(0.225 0 0.365)
(0.23 0 0.365)
(0.235 0 0.365)
(0.24 0 0.365)
(0.245 0 0.365)
(0.25 0 0.365)
(0.255 0 0.365)
(0.26 0 0.365)
(0.265 0 0.365)
(0.27 0 0.365)
(0.275 0 0.365)
(0.28 0 0.365)
(0.285 0 0.365)
(0.29 0 0.365)
(0.295 0 0.365)
(0.3 0 0.365)
(0 0.005 0.365)
(0.005 0.005 0.365)
(0.01 0.005 0.365)
(0.015 0.005 0.365)
(0.02 0.005 0.365)
(0.025 0.005 0.365)
(0.03 0.005 0.365)
(0.035 0.005 0.365)
(0.04 0.005 0.365)
(0.045 0.005 0.365)
(0.05 0.005 0.365)
(0.055 0.005 0.365)
(0.06 0.005 0.365)
(0.065 0.005 0.365)
(0.07 0.005 0.365)
(0.075 0.005 0.365)
(0.08 0.005 0.365)
(0.085 0.005 0.365)
(0.09 0.005 0.365)
(0.095 0.005 0.365)
(0.1 0.005 0.365)
(0.105 0.005 0.365)
(0.11 0.005 0.365)
(0.115 0.005 0.365)
(0.12 0.005 0.365)
(0.125 0.005 0.365)
(0.13 0.005 0.365)
(0.135 0.005 0.365)
(0.14 0.005 0.365)
(0.145 0.005 0.365)
(0.15 0.005 0.365)
(0.155 0.005 0.365)
(0.16 0.005 0.365)
(0.165 0.005 0.365)
(0.17 0.005 0.365)
(0.175 0.005 0.365)
(0.18 0.005 0.365)
(0.185 0.005 0.365)
(0.19 0.005 0.365)
(0.195 0.005 0.365)
(0.2 0.005 0.365)
(0.205 0.005 0.365)
(0.21 0.005 0.365)
(0.215 0.005 0.365)
(0.22 0.005 0.365)
(0.225 0.005 0.365)
(0.23 0.005 0.365)
(0.235 0.005 0.365)
(0.24 0.005 0.365)
(0.245 0.005 0.365)
(0.25 0.005 0.365)
(0.255 0.005 0.365)
(0.26 0.005 0.365)
(0.265 0.005 0.365)
(0.27 0.005 0.365)
(0.275 0.005 0.365)
(0.28 0.005 0.365)
(0.285 0.005 0.365)
(0.29 0.005 0.365)
(0.295 0.005 0.365)
(0.3 0.005 0.365)
(0 0.01 0.365)
(0.005 0.01 0.365)
(0.01 0.01 0.365)
(0.015 0.01 0.365)
(0.02 0.01 0.365)
(0.025 0.01 0.365)
(0.03 0.01 0.365)
(0.035 0.01 0.365)
(0.04 0.01 0.365)
(0.045 0.01 0.365)
(0.05 0.01 0.365)
(0.055 0.01 0.365)
(0.06 0.01 0.365)
(0.065 0.01 0.365)
(0.07 0.01 0.365)
(0.075 0.01 0.365)
(0.08 0.01 0.365)
(0.085 0.01 0.365)
(0.09 0.01 0.365)
(0.095 0.01 0.365)
(0.1 0.01 0.365)
(0.105 0.01 0.365)
(0.11 0.01 0.365)
(0.115 0.01 0.365)
(0.12 0.01 0.365)
(0.125 0.01 0.365)
(0.13 0.01 0.365)
(0.135 0.01 0.365)
(0.14 0.01 0.365)
(0.145 0.01 0.365)
(0.15 0.01 0.365)
(0.155 0.01 0.365)
(0.16 0.01 0.365)
(0.165 0.01 0.365)
(0.17 0.01 0.365)
(0.175 0.01 0.365)
(0.18 0.01 0.365)
(0.185 0.01 0.365)
(0.19 0.01 0.365)
(0.195 0.01 0.365)
(0.2 0.01 0.365)
(0.205 0.01 0.365)
(0.21 0.01 0.365)
(0.215 0.01 0.365)
(0.22 0.01 0.365)
(0.225 0.01 0.365)
(0.23 0.01 0.365)
(0.235 0.01 0.365)
(0.24 0.01 0.365)
(0.245 0.01 0.365)
(0.25 0.01 0.365)
(0.255 0.01 0.365)
(0.26 0.01 0.365)
(0.265 0.01 0.365)
(0.27 0.01 0.365)
(0.275 0.01 0.365)
(0.28 0.01 0.365)
(0.285 0.01 0.365)
(0.29 0.01 0.365)
(0.295 0.01 0.365)
(0.3 0.01 0.365)
(0 0 0.37)
(0.005 0 0.37)
(0.01 0 0.37)
(0.015 0 0.37)
(0.02 0 0.37)
(0.025 0 0.37)
(0.03 0 0.37)
(0.035 0 0.37)
(0.04 0 0.37)
(0.045 0 0.37)
(0.05 0 0.37)
(0.055 0 0.37)
(0.06 0 0.37)
(0.065 0 0.37)
(0.07 0 0.37)
(0.075 0 0.37)
(0.08 0 0.37)
(0.085 0 0.37)
(0.09 0 0.37)
(0.095 0 0.37)
(0.1 0 0.37)
(0.105 0 0.37)
(0.11 0 0.37)
(0.115 0 0.37)
(0.12 0 0.37)
(0.125 0 0.37)
(0.13 0 0.37)
(0.135 0 0.37)
(0.14 0 0.37)
(0.145 0 0.37)
(0.15 0 0.37)
(0.155 0 0.37)
(0.16 0 0.37)
(0.165 0 0.37)
(0.17 0 0.37)
(0.175 0 0.37)
(0.18 0 0.37)
(0.185 0 0.37)
(0.19 0 0.37)
(0.195 0 0.37)
(0.2 0 0.37)
(0.205 0 0.37)
(0.21 0 0.37)
(0.215 0 0.37)
(0.22 0 0.37)
(0.225 0 0.37)
(0.23 0 0.37)
(0.235 0 0.37)
(0.24 0 0.37)
(0.245 0 0.37)
(0.25 0 0.37)
(0.255 0 0.37)
(0.26 0 0.37)
(0.265 0 0.37)
(0.27 0 0.37)
(0.275 0 0.37)
(0.28 0 0.37)
(0.285 0 0.37)
(0.29 0 0.37)
(0.295 0 0.37)
(0.3 0 0.37)
(0 0.005 0.37)
(0.005 0.005 0.37)
(0.01 0.005 0.37)
(0.015 0.005 0.37)
(0.02 0.005 0.37)
(0.025 0.005 0.37)
(0.03 0.005 0.37)
(0.035 0.005 0.37)
(0.04 0.005 0.37)
(0.045 0.005 0.37)
(0.05 0.005 0.37)
(0.055 0.005 0.37)
(0.06 0.005 0.37)
(0.065 0.005 0.37)
(0.07 0.005 0.37)
(0.075 0.005 0.37)
(0.08 0.005 0.37)
(0.085 0.005 0.37)
(0.09 0.005 0.37)
(0.095 0.005 0.37)
(0.1 0.005 0.37)
(0.105 0.005 0.37)
(0.11 0.005 0.37)
(0.115 0.005 0.37)
(0.12 0.005 0.37)
(0.125 0.005 0.37)
(0.13 0.005 0.37)
(0.135 0.005 0.37)
(0.14 0.005 0.37)
(0.145 0.005 0.37)
(0.15 0.005 0.37)
(0.155 0.005 0.37)
(0.16 0.005 0.37)
(0.165 0.005 0.37)
(0.17 0.005 0.37)
(0.175 0.005 0.37)
(0.18 0.005 0.37)
(0.185 0.005 0.37)
(0.19 0.005 0.37)
(0.195 0.005 0.37)
(0.2 0.005 0.37)
(0.205 0.005 0.37)
(0.21 0.005 0.37)
(0.215 0.005 0.37)
(0.22 0.005 0.37)
(0.225 0.005 0.37)
(0.23 0.005 0.37)
(0.235 0.005 0.37)
(0.24 0.005 0.37)
(0.245 0.005 0.37)
(0.25 0.005 0.37)
(0.255 0.005 0.37)
(0.26 0.005 0.37)
(0.265 0.005 0.37)
(0.27 0.005 0.37)
(0.275 0.005 0.37)
(0.28 0.005 0.37)
(0.285 0.005 0.37)
(0.29 0.005 0.37)
(0.295 0.005 0.37)
(0.3 0.005 0.37)
(0 0.01 0.37)
(0.005 0.01 0.37)
(0.01 0.01 0.37)
(0.015 0.01 0.37)
(0.02 0.01 0.37)
(0.025 0.01 0.37)
(0.03 0.01 0.37)
(0.035 0.01 0.37)
(0.04 0.01 0.37)
(0.045 0.01 0.37)
(0.05 0.01 0.37)
(0.055 0.01 0.37)
(0.06 0.01 0.37)
(0.065 0.01 0.37)
(0.07 0.01 0.37)
(0.075 0.01 0.37)
(0.08 0.01 0.37)
(0.085 0.01 0.37)
(0.09 0.01 0.37)
(0.095 0.01 0.37)
(0.1 0.01 0.37)
(0.105 0.01 0.37)
(0.11 0.01 0.37)
(0.115 0.01 0.37)
(0.12 0.01 0.37)
(0.125 0.01 0.37)
(0.13 0.01 0.37)
(0.135 0.01 0.37)
(0.14 0.01 0.37)
(0.145 0.01 0.37)
(0.15 0.01 0.37)
(0.155 0.01 0.37)
(0.16 0.01 0.37)
(0.165 0.01 0.37)
(0.17 0.01 0.37)
(0.175 0.01 0.37)
(0.18 0.01 0.37)
(0.185 0.01 0.37)
(0.19 0.01 0.37)
(0.195 0.01 0.37)
(0.2 0.01 0.37)
(0.205 0.01 0.37)
(0.21 0.01 0.37)
(0.215 0.01 0.37)
(0.22 0.01 0.37)
(0.225 0.01 0.37)
(0.23 0.01 0.37)
(0.235 0.01 0.37)
(0.24 0.01 0.37)
(0.245 0.01 0.37)
(0.25 0.01 0.37)
(0.255 0.01 0.37)
(0.26 0.01 0.37)
(0.265 0.01 0.37)
(0.27 0.01 0.37)
(0.275 0.01 0.37)
(0.28 0.01 0.37)
(0.285 0.01 0.37)
(0.29 0.01 0.37)
(0.295 0.01 0.37)
(0.3 0.01 0.37)
(0 0 0.375)
(0.005 0 0.375)
(0.01 0 0.375)
(0.015 0 0.375)
(0.02 0 0.375)
(0.025 0 0.375)
(0.03 0 0.375)
(0.035 0 0.375)
(0.04 0 0.375)
(0.045 0 0.375)
(0.05 0 0.375)
(0.055 0 0.375)
(0.06 0 0.375)
(0.065 0 0.375)
(0.07 0 0.375)
(0.075 0 0.375)
(0.08 0 0.375)
(0.085 0 0.375)
(0.09 0 0.375)
(0.095 0 0.375)
(0.1 0 0.375)
(0.105 0 0.375)
(0.11 0 0.375)
(0.115 0 0.375)
(0.12 0 0.375)
(0.125 0 0.375)
(0.13 0 0.375)
(0.135 0 0.375)
(0.14 0 0.375)
(0.145 0 0.375)
(0.15 0 0.375)
(0.155 0 0.375)
(0.16 0 0.375)
(0.165 0 0.375)
(0.17 0 0.375)
(0.175 0 0.375)
(0.18 0 0.375)
(0.185 0 0.375)
(0.19 0 0.375)
(0.195 0 0.375)
(0.2 0 0.375)
(0.205 0 0.375)
(0.21 0 0.375)
(0.215 0 0.375)
(0.22 0 0.375)
(0.225 0 0.375)
(0.23 0 0.375)
(0.235 0 0.375)
(0.24 0 0.375)
(0.245 0 0.375)
(0.25 0 0.375)
(0.255 0 0.375)
(0.26 0 0.375)
(0.265 0 0.375)
(0.27 0 0.375)
(0.275 0 0.375)
(0.28 0 0.375)
(0.285 0 0.375)
(0.29 0 0.375)
(0.295 0 0.375)
(0.3 0 0.375)
(0 0.005 0.375)
(0.005 0.005 0.375)
(0.01 0.005 0.375)
(0.015 0.005 0.375)
(0.02 0.005 0.375)
(0.025 0.005 0.375)
(0.03 0.005 0.375)
(0.035 0.005 0.375)
(0.04 0.005 0.375)
(0.045 0.005 0.375)
(0.05 0.005 0.375)
(0.055 0.005 0.375)
(0.06 0.005 0.375)
(0.065 0.005 0.375)
(0.07 0.005 0.375)
(0.075 0.005 0.375)
(0.08 0.005 0.375)
(0.085 0.005 0.375)
(0.09 0.005 0.375)
(0.095 0.005 0.375)
(0.1 0.005 0.375)
(0.105 0.005 0.375)
(0.11 0.005 0.375)
(0.115 0.005 0.375)
(0.12 0.005 0.375)
(0.125 0.005 0.375)
(0.13 0.005 0.375)
(0.135 0.005 0.375)
(0.14 0.005 0.375)
(0.145 0.005 0.375)
(0.15 0.005 0.375)
(0.155 0.005 0.375)
(0.16 0.005 0.375)
(0.165 0.005 0.375)
(0.17 0.005 0.375)
(0.175 0.005 0.375)
(0.18 0.005 0.375)
(0.185 0.005 0.375)
(0.19 0.005 0.375)
(0.195 0.005 0.375)
(0.2 0.005 0.375)
(0.205 0.005 0.375)
(0.21 0.005 0.375)
(0.215 0.005 0.375)
(0.22 0.005 0.375)
(0.225 0.005 0.375)
(0.23 0.005 0.375)
(0.235 0.005 0.375)
(0.24 0.005 0.375)
(0.245 0.005 0.375)
(0.25 0.005 0.375)
(0.255 0.005 0.375)
(0.26 0.005 0.375)
(0.265 0.005 0.375)
(0.27 0.005 0.375)
(0.275 0.005 0.375)
(0.28 0.005 0.375)
(0.285 0.005 0.375)
(0.29 0.005 0.375)
(0.295 0.005 0.375)
(0.3 0.005 0.375)
(0 0.01 0.375)
(0.005 0.01 0.375)
(0.01 0.01 0.375)
(0.015 0.01 0.375)
(0.02 0.01 0.375)
(0.025 0.01 0.375)
(0.03 0.01 0.375)
(0.035 0.01 0.375)
(0.04 0.01 0.375)
(0.045 0.01 0.375)
(0.05 0.01 0.375)
(0.055 0.01 0.375)
(0.06 0.01 0.375)
(0.065 0.01 0.375)
(0.07 0.01 0.375)
(0.075 0.01 0.375)
(0.08 0.01 0.375)
(0.085 0.01 0.375)
(0.09 0.01 0.375)
(0.095 0.01 0.375)
(0.1 0.01 0.375)
(0.105 0.01 0.375)
(0.11 0.01 0.375)
(0.115 0.01 0.375)
(0.12 0.01 0.375)
(0.125 0.01 0.375)
(0.13 0.01 0.375)
(0.135 0.01 0.375)
(0.14 0.01 0.375)
(0.145 0.01 0.375)
(0.15 0.01 0.375)
(0.155 0.01 0.375)
(0.16 0.01 0.375)
(0.165 0.01 0.375)
(0.17 0.01 0.375)
(0.175 0.01 0.375)
(0.18 0.01 0.375)
(0.185 0.01 0.375)
(0.19 0.01 0.375)
(0.195 0.01 0.375)
(0.2 0.01 0.375)
(0.205 0.01 0.375)
(0.21 0.01 0.375)
(0.215 0.01 0.375)
(0.22 0.01 0.375)
(0.225 0.01 0.375)
(0.23 0.01 0.375)
(0.235 0.01 0.375)
(0.24 0.01 0.375)
(0.245 0.01 0.375)
(0.25 0.01 0.375)
(0.255 0.01 0.375)
(0.26 0.01 0.375)
(0.265 0.01 0.375)
(0.27 0.01 0.375)
(0.275 0.01 0.375)
(0.28 0.01 0.375)
(0.285 0.01 0.375)
(0.29 0.01 0.375)
(0.295 0.01 0.375)
(0.3 0.01 0.375)
(0 0 0.38)
(0.005 0 0.38)
(0.01 0 0.38)
(0.015 0 0.38)
(0.02 0 0.38)
(0.025 0 0.38)
(0.03 0 0.38)
(0.035 0 0.38)
(0.04 0 0.38)
(0.045 0 0.38)
(0.05 0 0.38)
(0.055 0 0.38)
(0.06 0 0.38)
(0.065 0 0.38)
(0.07 0 0.38)
(0.075 0 0.38)
(0.08 0 0.38)
(0.085 0 0.38)
(0.09 0 0.38)
(0.095 0 0.38)
(0.1 0 0.38)
(0.105 0 0.38)
(0.11 0 0.38)
(0.115 0 0.38)
(0.12 0 0.38)
(0.125 0 0.38)
(0.13 0 0.38)
(0.135 0 0.38)
(0.14 0 0.38)
(0.145 0 0.38)
(0.15 0 0.38)
(0.155 0 0.38)
(0.16 0 0.38)
(0.165 0 0.38)
(0.17 0 0.38)
(0.175 0 0.38)
(0.18 0 0.38)
(0.185 0 0.38)
(0.19 0 0.38)
(0.195 0 0.38)
(0.2 0 0.38)
(0.205 0 0.38)
(0.21 0 0.38)
(0.215 0 0.38)
(0.22 0 0.38)
(0.225 0 0.38)
(0.23 0 0.38)
(0.235 0 0.38)
(0.24 0 0.38)
(0.245 0 0.38)
(0.25 0 0.38)
(0.255 0 0.38)
(0.26 0 0.38)
(0.265 0 0.38)
(0.27 0 0.38)
(0.275 0 0.38)
(0.28 0 0.38)
(0.285 0 0.38)
(0.29 0 0.38)
(0.295 0 0.38)
(0.3 0 0.38)
(0 0.005 0.38)
(0.005 0.005 0.38)
(0.01 0.005 0.38)
(0.015 0.005 0.38)
(0.02 0.005 0.38)
(0.025 0.005 0.38)
(0.03 0.005 0.38)
(0.035 0.005 0.38)
(0.04 0.005 0.38)
(0.045 0.005 0.38)
(0.05 0.005 0.38)
(0.055 0.005 0.38)
(0.06 0.005 0.38)
(0.065 0.005 0.38)
(0.07 0.005 0.38)
(0.075 0.005 0.38)
(0.08 0.005 0.38)
(0.085 0.005 0.38)
(0.09 0.005 0.38)
(0.095 0.005 0.38)
(0.1 0.005 0.38)
(0.105 0.005 0.38)
(0.11 0.005 0.38)
(0.115 0.005 0.38)
(0.12 0.005 0.38)
(0.125 0.005 0.38)
(0.13 0.005 0.38)
(0.135 0.005 0.38)
(0.14 0.005 0.38)
(0.145 0.005 0.38)
(0.15 0.005 0.38)
(0.155 0.005 0.38)
(0.16 0.005 0.38)
(0.165 0.005 0.38)
(0.17 0.005 0.38)
(0.175 0.005 0.38)
(0.18 0.005 0.38)
(0.185 0.005 0.38)
(0.19 0.005 0.38)
(0.195 0.005 0.38)
(0.2 0.005 0.38)
(0.205 0.005 0.38)
(0.21 0.005 0.38)
(0.215 0.005 0.38)
(0.22 0.005 0.38)
(0.225 0.005 0.38)
(0.23 0.005 0.38)
(0.235 0.005 0.38)
(0.24 0.005 0.38)
(0.245 0.005 0.38)
(0.25 0.005 0.38)
(0.255 0.005 0.38)
(0.26 0.005 0.38)
(0.265 0.005 0.38)
(0.27 0.005 0.38)
(0.275 0.005 0.38)
(0.28 0.005 0.38)
(0.285 0.005 0.38)
(0.29 0.005 0.38)
(0.295 0.005 0.38)
(0.3 0.005 0.38)
(0 0.01 0.38)
(0.005 0.01 0.38)
(0.01 0.01 0.38)
(0.015 0.01 0.38)
(0.02 0.01 0.38)
(0.025 0.01 0.38)
(0.03 0.01 0.38)
(0.035 0.01 0.38)
(0.04 0.01 0.38)
(0.045 0.01 0.38)
(0.05 0.01 0.38)
(0.055 0.01 0.38)
(0.06 0.01 0.38)
(0.065 0.01 0.38)
(0.07 0.01 0.38)
(0.075 0.01 0.38)
(0.08 0.01 0.38)
(0.085 0.01 0.38)
(0.09 0.01 0.38)
(0.095 0.01 0.38)
(0.1 0.01 0.38)
(0.105 0.01 0.38)
(0.11 0.01 0.38)
(0.115 0.01 0.38)
(0.12 0.01 0.38)
(0.125 0.01 0.38)
(0.13 0.01 0.38)
(0.135 0.01 0.38)
(0.14 0.01 0.38)
(0.145 0.01 0.38)
(0.15 0.01 0.38)
(0.155 0.01 0.38)
(0.16 0.01 0.38)
(0.165 0.01 0.38)
(0.17 0.01 0.38)
(0.175 0.01 0.38)
(0.18 0.01 0.38)
(0.185 0.01 0.38)
(0.19 0.01 0.38)
(0.195 0.01 0.38)
(0.2 0.01 0.38)
(0.205 0.01 0.38)
(0.21 0.01 0.38)
(0.215 0.01 0.38)
(0.22 0.01 0.38)
(0.225 0.01 0.38)
(0.23 0.01 0.38)
(0.235 0.01 0.38)
(0.24 0.01 0.38)
(0.245 0.01 0.38)
(0.25 0.01 0.38)
(0.255 0.01 0.38)
(0.26 0.01 0.38)
(0.265 0.01 0.38)
(0.27 0.01 0.38)
(0.275 0.01 0.38)
(0.28 0.01 0.38)
(0.285 0.01 0.38)
(0.29 0.01 0.38)
(0.295 0.01 0.38)
(0.3 0.01 0.38)
(0 0 0.385)
(0.005 0 0.385)
(0.01 0 0.385)
(0.015 0 0.385)
(0.02 0 0.385)
(0.025 0 0.385)
(0.03 0 0.385)
(0.035 0 0.385)
(0.04 0 0.385)
(0.045 0 0.385)
(0.05 0 0.385)
(0.055 0 0.385)
(0.06 0 0.385)
(0.065 0 0.385)
(0.07 0 0.385)
(0.075 0 0.385)
(0.08 0 0.385)
(0.085 0 0.385)
(0.09 0 0.385)
(0.095 0 0.385)
(0.1 0 0.385)
(0.105 0 0.385)
(0.11 0 0.385)
(0.115 0 0.385)
(0.12 0 0.385)
(0.125 0 0.385)
(0.13 0 0.385)
(0.135 0 0.385)
(0.14 0 0.385)
(0.145 0 0.385)
(0.15 0 0.385)
(0.155 0 0.385)
(0.16 0 0.385)
(0.165 0 0.385)
(0.17 0 0.385)
(0.175 0 0.385)
(0.18 0 0.385)
(0.185 0 0.385)
(0.19 0 0.385)
(0.195 0 0.385)
(0.2 0 0.385)
(0.205 0 0.385)
(0.21 0 0.385)
(0.215 0 0.385)
(0.22 0 0.385)
(0.225 0 0.385)
(0.23 0 0.385)
(0.235 0 0.385)
(0.24 0 0.385)
(0.245 0 0.385)
(0.25 0 0.385)
(0.255 0 0.385)
(0.26 0 0.385)
(0.265 0 0.385)
(0.27 0 0.385)
(0.275 0 0.385)
(0.28 0 0.385)
(0.285 0 0.385)
(0.29 0 0.385)
(0.295 0 0.385)
(0.3 0 0.385)
(0 0.005 0.385)
(0.005 0.005 0.385)
(0.01 0.005 0.385)
(0.015 0.005 0.385)
(0.02 0.005 0.385)
(0.025 0.005 0.385)
(0.03 0.005 0.385)
(0.035 0.005 0.385)
(0.04 0.005 0.385)
(0.045 0.005 0.385)
(0.05 0.005 0.385)
(0.055 0.005 0.385)
(0.06 0.005 0.385)
(0.065 0.005 0.385)
(0.07 0.005 0.385)
(0.075 0.005 0.385)
(0.08 0.005 0.385)
(0.085 0.005 0.385)
(0.09 0.005 0.385)
(0.095 0.005 0.385)
(0.1 0.005 0.385)
(0.105 0.005 0.385)
(0.11 0.005 0.385)
(0.115 0.005 0.385)
(0.12 0.005 0.385)
(0.125 0.005 0.385)
(0.13 0.005 0.385)
(0.135 0.005 0.385)
(0.14 0.005 0.385)
(0.145 0.005 0.385)
(0.15 0.005 0.385)
(0.155 0.005 0.385)
(0.16 0.005 0.385)
(0.165 0.005 0.385)
(0.17 0.005 0.385)
(0.175 0.005 0.385)
(0.18 0.005 0.385)
(0.185 0.005 0.385)
(0.19 0.005 0.385)
(0.195 0.005 0.385)
(0.2 0.005 0.385)
(0.205 0.005 0.385)
(0.21 0.005 0.385)
(0.215 0.005 0.385)
(0.22 0.005 0.385)
(0.225 0.005 0.385)
(0.23 0.005 0.385)
(0.235 0.005 0.385)
(0.24 0.005 0.385)
(0.245 0.005 0.385)
(0.25 0.005 0.385)
(0.255 0.005 0.385)
(0.26 0.005 0.385)
(0.265 0.005 0.385)
(0.27 0.005 0.385)
(0.275 0.005 0.385)
(0.28 0.005 0.385)
(0.285 0.005 0.385)
(0.29 0.005 0.385)
(0.295 0.005 0.385)
(0.3 0.005 0.385)
(0 0.01 0.385)
(0.005 0.01 0.385)
(0.01 0.01 0.385)
(0.015 0.01 0.385)
(0.02 0.01 0.385)
(0.025 0.01 0.385)
(0.03 0.01 0.385)
(0.035 0.01 0.385)
(0.04 0.01 0.385)
(0.045 0.01 0.385)
(0.05 0.01 0.385)
(0.055 0.01 0.385)
(0.06 0.01 0.385)
(0.065 0.01 0.385)
(0.07 0.01 0.385)
(0.075 0.01 0.385)
(0.08 0.01 0.385)
(0.085 0.01 0.385)
(0.09 0.01 0.385)
(0.095 0.01 0.385)
(0.1 0.01 0.385)
(0.105 0.01 0.385)
(0.11 0.01 0.385)
(0.115 0.01 0.385)
(0.12 0.01 0.385)
(0.125 0.01 0.385)
(0.13 0.01 0.385)
(0.135 0.01 0.385)
(0.14 0.01 0.385)
(0.145 0.01 0.385)
(0.15 0.01 0.385)
(0.155 0.01 0.385)
(0.16 0.01 0.385)
(0.165 0.01 0.385)
(0.17 0.01 0.385)
(0.175 0.01 0.385)
(0.18 0.01 0.385)
(0.185 0.01 0.385)
(0.19 0.01 0.385)
(0.195 0.01 0.385)
(0.2 0.01 0.385)
(0.205 0.01 0.385)
(0.21 0.01 0.385)
(0.215 0.01 0.385)
(0.22 0.01 0.385)
(0.225 0.01 0.385)
(0.23 0.01 0.385)
(0.235 0.01 0.385)
(0.24 0.01 0.385)
(0.245 0.01 0.385)
(0.25 0.01 0.385)
(0.255 0.01 0.385)
(0.26 0.01 0.385)
(0.265 0.01 0.385)
(0.27 0.01 0.385)
(0.275 0.01 0.385)
(0.28 0.01 0.385)
(0.285 0.01 0.385)
(0.29 0.01 0.385)
(0.295 0.01 0.385)
(0.3 0.01 0.385)
(0 0 0.39)
(0.005 0 0.39)
(0.01 0 0.39)
(0.015 0 0.39)
(0.02 0 0.39)
(0.025 0 0.39)
(0.03 0 0.39)
(0.035 0 0.39)
(0.04 0 0.39)
(0.045 0 0.39)
(0.05 0 0.39)
(0.055 0 0.39)
(0.06 0 0.39)
(0.065 0 0.39)
(0.07 0 0.39)
(0.075 0 0.39)
(0.08 0 0.39)
(0.085 0 0.39)
(0.09 0 0.39)
(0.095 0 0.39)
(0.1 0 0.39)
(0.105 0 0.39)
(0.11 0 0.39)
(0.115 0 0.39)
(0.12 0 0.39)
(0.125 0 0.39)
(0.13 0 0.39)
(0.135 0 0.39)
(0.14 0 0.39)
(0.145 0 0.39)
(0.15 0 0.39)
(0.155 0 0.39)
(0.16 0 0.39)
(0.165 0 0.39)
(0.17 0 0.39)
(0.175 0 0.39)
(0.18 0 0.39)
(0.185 0 0.39)
(0.19 0 0.39)
(0.195 0 0.39)
(0.2 0 0.39)
(0.205 0 0.39)
(0.21 0 0.39)
(0.215 0 0.39)
(0.22 0 0.39)
(0.225 0 0.39)
(0.23 0 0.39)
(0.235 0 0.39)
(0.24 0 0.39)
(0.245 0 0.39)
(0.25 0 0.39)
(0.255 0 0.39)
(0.26 0 0.39)
(0.265 0 0.39)
(0.27 0 0.39)
(0.275 0 0.39)
(0.28 0 0.39)
(0.285 0 0.39)
(0.29 0 0.39)
(0.295 0 0.39)
(0.3 0 0.39)
(0 0.005 0.39)
(0.005 0.005 0.39)
(0.01 0.005 0.39)
(0.015 0.005 0.39)
(0.02 0.005 0.39)
(0.025 0.005 0.39)
(0.03 0.005 0.39)
(0.035 0.005 0.39)
(0.04 0.005 0.39)
(0.045 0.005 0.39)
(0.05 0.005 0.39)
(0.055 0.005 0.39)
(0.06 0.005 0.39)
(0.065 0.005 0.39)
(0.07 0.005 0.39)
(0.075 0.005 0.39)
(0.08 0.005 0.39)
(0.085 0.005 0.39)
(0.09 0.005 0.39)
(0.095 0.005 0.39)
(0.1 0.005 0.39)
(0.105 0.005 0.39)
(0.11 0.005 0.39)
(0.115 0.005 0.39)
(0.12 0.005 0.39)
(0.125 0.005 0.39)
(0.13 0.005 0.39)
(0.135 0.005 0.39)
(0.14 0.005 0.39)
(0.145 0.005 0.39)
(0.15 0.005 0.39)
(0.155 0.005 0.39)
(0.16 0.005 0.39)
(0.165 0.005 0.39)
(0.17 0.005 0.39)
(0.175 0.005 0.39)
(0.18 0.005 0.39)
(0.185 0.005 0.39)
(0.19 0.005 0.39)
(0.195 0.005 0.39)
(0.2 0.005 0.39)
(0.205 0.005 0.39)
(0.21 0.005 0.39)
(0.215 0.005 0.39)
(0.22 0.005 0.39)
(0.225 0.005 0.39)
(0.23 0.005 0.39)
(0.235 0.005 0.39)
(0.24 0.005 0.39)
(0.245 0.005 0.39)
(0.25 0.005 0.39)
(0.255 0.005 0.39)
(0.26 0.005 0.39)
(0.265 0.005 0.39)
(0.27 0.005 0.39)
(0.275 0.005 0.39)
(0.28 0.005 0.39)
(0.285 0.005 0.39)
(0.29 0.005 0.39)
(0.295 0.005 0.39)
(0.3 0.005 0.39)
(0 0.01 0.39)
(0.005 0.01 0.39)
(0.01 0.01 0.39)
(0.015 0.01 0.39)
(0.02 0.01 0.39)
(0.025 0.01 0.39)
(0.03 0.01 0.39)
(0.035 0.01 0.39)
(0.04 0.01 0.39)
(0.045 0.01 0.39)
(0.05 0.01 0.39)
(0.055 0.01 0.39)
(0.06 0.01 0.39)
(0.065 0.01 0.39)
(0.07 0.01 0.39)
(0.075 0.01 0.39)
(0.08 0.01 0.39)
(0.085 0.01 0.39)
(0.09 0.01 0.39)
(0.095 0.01 0.39)
(0.1 0.01 0.39)
(0.105 0.01 0.39)
(0.11 0.01 0.39)
(0.115 0.01 0.39)
(0.12 0.01 0.39)
(0.125 0.01 0.39)
(0.13 0.01 0.39)
(0.135 0.01 0.39)
(0.14 0.01 0.39)
(0.145 0.01 0.39)
(0.15 0.01 0.39)
(0.155 0.01 0.39)
(0.16 0.01 0.39)
(0.165 0.01 0.39)
(0.17 0.01 0.39)
(0.175 0.01 0.39)
(0.18 0.01 0.39)
(0.185 0.01 0.39)
(0.19 0.01 0.39)
(0.195 0.01 0.39)
(0.2 0.01 0.39)
(0.205 0.01 0.39)
(0.21 0.01 0.39)
(0.215 0.01 0.39)
(0.22 0.01 0.39)
(0.225 0.01 0.39)
(0.23 0.01 0.39)
(0.235 0.01 0.39)
(0.24 0.01 0.39)
(0.245 0.01 0.39)
(0.25 0.01 0.39)
(0.255 0.01 0.39)
(0.26 0.01 0.39)
(0.265 0.01 0.39)
(0.27 0.01 0.39)
(0.275 0.01 0.39)
(0.28 0.01 0.39)
(0.285 0.01 0.39)
(0.29 0.01 0.39)
(0.295 0.01 0.39)
(0.3 0.01 0.39)
(0 0 0.395)
(0.005 0 0.395)
(0.01 0 0.395)
(0.015 0 0.395)
(0.02 0 0.395)
(0.025 0 0.395)
(0.03 0 0.395)
(0.035 0 0.395)
(0.04 0 0.395)
(0.045 0 0.395)
(0.05 0 0.395)
(0.055 0 0.395)
(0.06 0 0.395)
(0.065 0 0.395)
(0.07 0 0.395)
(0.075 0 0.395)
(0.08 0 0.395)
(0.085 0 0.395)
(0.09 0 0.395)
(0.095 0 0.395)
(0.1 0 0.395)
(0.105 0 0.395)
(0.11 0 0.395)
(0.115 0 0.395)
(0.12 0 0.395)
(0.125 0 0.395)
(0.13 0 0.395)
(0.135 0 0.395)
(0.14 0 0.395)
(0.145 0 0.395)
(0.15 0 0.395)
(0.155 0 0.395)
(0.16 0 0.395)
(0.165 0 0.395)
(0.17 0 0.395)
(0.175 0 0.395)
(0.18 0 0.395)
(0.185 0 0.395)
(0.19 0 0.395)
(0.195 0 0.395)
(0.2 0 0.395)
(0.205 0 0.395)
(0.21 0 0.395)
(0.215 0 0.395)
(0.22 0 0.395)
(0.225 0 0.395)
(0.23 0 0.395)
(0.235 0 0.395)
(0.24 0 0.395)
(0.245 0 0.395)
(0.25 0 0.395)
(0.255 0 0.395)
(0.26 0 0.395)
(0.265 0 0.395)
(0.27 0 0.395)
(0.275 0 0.395)
(0.28 0 0.395)
(0.285 0 0.395)
(0.29 0 0.395)
(0.295 0 0.395)
(0.3 0 0.395)
(0 0.005 0.395)
(0.005 0.005 0.395)
(0.01 0.005 0.395)
(0.015 0.005 0.395)
(0.02 0.005 0.395)
(0.025 0.005 0.395)
(0.03 0.005 0.395)
(0.035 0.005 0.395)
(0.04 0.005 0.395)
(0.045 0.005 0.395)
(0.05 0.005 0.395)
(0.055 0.005 0.395)
(0.06 0.005 0.395)
(0.065 0.005 0.395)
(0.07 0.005 0.395)
(0.075 0.005 0.395)
(0.08 0.005 0.395)
(0.085 0.005 0.395)
(0.09 0.005 0.395)
(0.095 0.005 0.395)
(0.1 0.005 0.395)
(0.105 0.005 0.395)
(0.11 0.005 0.395)
(0.115 0.005 0.395)
(0.12 0.005 0.395)
(0.125 0.005 0.395)
(0.13 0.005 0.395)
(0.135 0.005 0.395)
(0.14 0.005 0.395)
(0.145 0.005 0.395)
(0.15 0.005 0.395)
(0.155 0.005 0.395)
(0.16 0.005 0.395)
(0.165 0.005 0.395)
(0.17 0.005 0.395)
(0.175 0.005 0.395)
(0.18 0.005 0.395)
(0.185 0.005 0.395)
(0.19 0.005 0.395)
(0.195 0.005 0.395)
(0.2 0.005 0.395)
(0.205 0.005 0.395)
(0.21 0.005 0.395)
(0.215 0.005 0.395)
(0.22 0.005 0.395)
(0.225 0.005 0.395)
(0.23 0.005 0.395)
(0.235 0.005 0.395)
(0.24 0.005 0.395)
(0.245 0.005 0.395)
(0.25 0.005 0.395)
(0.255 0.005 0.395)
(0.26 0.005 0.395)
(0.265 0.005 0.395)
(0.27 0.005 0.395)
(0.275 0.005 0.395)
(0.28 0.005 0.395)
(0.285 0.005 0.395)
(0.29 0.005 0.395)
(0.295 0.005 0.395)
(0.3 0.005 0.395)
(0 0.01 0.395)
(0.005 0.01 0.395)
(0.01 0.01 0.395)
(0.015 0.01 0.395)
(0.02 0.01 0.395)
(0.025 0.01 0.395)
(0.03 0.01 0.395)
(0.035 0.01 0.395)
(0.04 0.01 0.395)
(0.045 0.01 0.395)
(0.05 0.01 0.395)
(0.055 0.01 0.395)
(0.06 0.01 0.395)
(0.065 0.01 0.395)
(0.07 0.01 0.395)
(0.075 0.01 0.395)
(0.08 0.01 0.395)
(0.085 0.01 0.395)
(0.09 0.01 0.395)
(0.095 0.01 0.395)
(0.1 0.01 0.395)
(0.105 0.01 0.395)
(0.11 0.01 0.395)
(0.115 0.01 0.395)
(0.12 0.01 0.395)
(0.125 0.01 0.395)
(0.13 0.01 0.395)
(0.135 0.01 0.395)
(0.14 0.01 0.395)
(0.145 0.01 0.395)
(0.15 0.01 0.395)
(0.155 0.01 0.395)
(0.16 0.01 0.395)
(0.165 0.01 0.395)
(0.17 0.01 0.395)
(0.175 0.01 0.395)
(0.18 0.01 0.395)
(0.185 0.01 0.395)
(0.19 0.01 0.395)
(0.195 0.01 0.395)
(0.2 0.01 0.395)
(0.205 0.01 0.395)
(0.21 0.01 0.395)
(0.215 0.01 0.395)
(0.22 0.01 0.395)
(0.225 0.01 0.395)
(0.23 0.01 0.395)
(0.235 0.01 0.395)
(0.24 0.01 0.395)
(0.245 0.01 0.395)
(0.25 0.01 0.395)
(0.255 0.01 0.395)
(0.26 0.01 0.395)
(0.265 0.01 0.395)
(0.27 0.01 0.395)
(0.275 0.01 0.395)
(0.28 0.01 0.395)
(0.285 0.01 0.395)
(0.29 0.01 0.395)
(0.295 0.01 0.395)
(0.3 0.01 0.395)
(0 0 0.4)
(0.005 0 0.4)
(0.01 0 0.4)
(0.015 0 0.4)
(0.02 0 0.4)
(0.025 0 0.4)
(0.03 0 0.4)
(0.035 0 0.4)
(0.04 0 0.4)
(0.045 0 0.4)
(0.05 0 0.4)
(0.055 0 0.4)
(0.06 0 0.4)
(0.065 0 0.4)
(0.07 0 0.4)
(0.075 0 0.4)
(0.08 0 0.4)
(0.085 0 0.4)
(0.09 0 0.4)
(0.095 0 0.4)
(0.1 0 0.4)
(0.105 0 0.4)
(0.11 0 0.4)
(0.115 0 0.4)
(0.12 0 0.4)
(0.125 0 0.4)
(0.13 0 0.4)
(0.135 0 0.4)
(0.14 0 0.4)
(0.145 0 0.4)
(0.15 0 0.4)
(0.155 0 0.4)
(0.16 0 0.4)
(0.165 0 0.4)
(0.17 0 0.4)
(0.175 0 0.4)
(0.18 0 0.4)
(0.185 0 0.4)
(0.19 0 0.4)
(0.195 0 0.4)
(0.2 0 0.4)
(0.205 0 0.4)
(0.21 0 0.4)
(0.215 0 0.4)
(0.22 0 0.4)
(0.225 0 0.4)
(0.23 0 0.4)
(0.235 0 0.4)
(0.24 0 0.4)
(0.245 0 0.4)
(0.25 0 0.4)
(0.255 0 0.4)
(0.26 0 0.4)
(0.265 0 0.4)
(0.27 0 0.4)
(0.275 0 0.4)
(0.28 0 0.4)
(0.285 0 0.4)
(0.29 0 0.4)
(0.295 0 0.4)
(0.3 0 0.4)
(0 0.005 0.4)
(0.005 0.005 0.4)
(0.01 0.005 0.4)
(0.015 0.005 0.4)
(0.02 0.005 0.4)
(0.025 0.005 0.4)
(0.03 0.005 0.4)
(0.035 0.005 0.4)
(0.04 0.005 0.4)
(0.045 0.005 0.4)
(0.05 0.005 0.4)
(0.055 0.005 0.4)
(0.06 0.005 0.4)
(0.065 0.005 0.4)
(0.07 0.005 0.4)
(0.075 0.005 0.4)
(0.08 0.005 0.4)
(0.085 0.005 0.4)
(0.09 0.005 0.4)
(0.095 0.005 0.4)
(0.1 0.005 0.4)
(0.105 0.005 0.4)
(0.11 0.005 0.4)
(0.115 0.005 0.4)
(0.12 0.005 0.4)
(0.125 0.005 0.4)
(0.13 0.005 0.4)
(0.135 0.005 0.4)
(0.14 0.005 0.4)
(0.145 0.005 0.4)
(0.15 0.005 0.4)
(0.155 0.005 0.4)
(0.16 0.005 0.4)
(0.165 0.005 0.4)
(0.17 0.005 0.4)
(0.175 0.005 0.4)
(0.18 0.005 0.4)
(0.185 0.005 0.4)
(0.19 0.005 0.4)
(0.195 0.005 0.4)
(0.2 0.005 0.4)
(0.205 0.005 0.4)
(0.21 0.005 0.4)
(0.215 0.005 0.4)
(0.22 0.005 0.4)
(0.225 0.005 0.4)
(0.23 0.005 0.4)
(0.235 0.005 0.4)
(0.24 0.005 0.4)
(0.245 0.005 0.4)
(0.25 0.005 0.4)
(0.255 0.005 0.4)
(0.26 0.005 0.4)
(0.265 0.005 0.4)
(0.27 0.005 0.4)
(0.275 0.005 0.4)
(0.28 0.005 0.4)
(0.285 0.005 0.4)
(0.29 0.005 0.4)
(0.295 0.005 0.4)
(0.3 0.005 0.4)
(0 0.01 0.4)
(0.005 0.01 0.4)
(0.01 0.01 0.4)
(0.015 0.01 0.4)
(0.02 0.01 0.4)
(0.025 0.01 0.4)
(0.03 0.01 0.4)
(0.035 0.01 0.4)
(0.04 0.01 0.4)
(0.045 0.01 0.4)
(0.05 0.01 0.4)
(0.055 0.01 0.4)
(0.06 0.01 0.4)
(0.065 0.01 0.4)
(0.07 0.01 0.4)
(0.075 0.01 0.4)
(0.08 0.01 0.4)
(0.085 0.01 0.4)
(0.09 0.01 0.4)
(0.095 0.01 0.4)
(0.1 0.01 0.4)
(0.105 0.01 0.4)
(0.11 0.01 0.4)
(0.115 0.01 0.4)
(0.12 0.01 0.4)
(0.125 0.01 0.4)
(0.13 0.01 0.4)
(0.135 0.01 0.4)
(0.14 0.01 0.4)
(0.145 0.01 0.4)
(0.15 0.01 0.4)
(0.155 0.01 0.4)
(0.16 0.01 0.4)
(0.165 0.01 0.4)
(0.17 0.01 0.4)
(0.175 0.01 0.4)
(0.18 0.01 0.4)
(0.185 0.01 0.4)
(0.19 0.01 0.4)
(0.195 0.01 0.4)
(0.2 0.01 0.4)
(0.205 0.01 0.4)
(0.21 0.01 0.4)
(0.215 0.01 0.4)
(0.22 0.01 0.4)
(0.225 0.01 0.4)
(0.23 0.01 0.4)
(0.235 0.01 0.4)
(0.24 0.01 0.4)
(0.245 0.01 0.4)
(0.25 0.01 0.4)
(0.255 0.01 0.4)
(0.26 0.01 0.4)
(0.265 0.01 0.4)
(0.27 0.01 0.4)
(0.275 0.01 0.4)
(0.28 0.01 0.4)
(0.285 0.01 0.4)
(0.29 0.01 0.4)
(0.295 0.01 0.4)
(0.3 0.01 0.4)
(0 0 0.405)
(0.005 0 0.405)
(0.01 0 0.405)
(0.015 0 0.405)
(0.02 0 0.405)
(0.025 0 0.405)
(0.03 0 0.405)
(0.035 0 0.405)
(0.04 0 0.405)
(0.045 0 0.405)
(0.05 0 0.405)
(0.055 0 0.405)
(0.06 0 0.405)
(0.065 0 0.405)
(0.07 0 0.405)
(0.075 0 0.405)
(0.08 0 0.405)
(0.085 0 0.405)
(0.09 0 0.405)
(0.095 0 0.405)
(0.1 0 0.405)
(0.105 0 0.405)
(0.11 0 0.405)
(0.115 0 0.405)
(0.12 0 0.405)
(0.125 0 0.405)
(0.13 0 0.405)
(0.135 0 0.405)
(0.14 0 0.405)
(0.145 0 0.405)
(0.15 0 0.405)
(0.155 0 0.405)
(0.16 0 0.405)
(0.165 0 0.405)
(0.17 0 0.405)
(0.175 0 0.405)
(0.18 0 0.405)
(0.185 0 0.405)
(0.19 0 0.405)
(0.195 0 0.405)
(0.2 0 0.405)
(0.205 0 0.405)
(0.21 0 0.405)
(0.215 0 0.405)
(0.22 0 0.405)
(0.225 0 0.405)
(0.23 0 0.405)
(0.235 0 0.405)
(0.24 0 0.405)
(0.245 0 0.405)
(0.25 0 0.405)
(0.255 0 0.405)
(0.26 0 0.405)
(0.265 0 0.405)
(0.27 0 0.405)
(0.275 0 0.405)
(0.28 0 0.405)
(0.285 0 0.405)
(0.29 0 0.405)
(0.295 0 0.405)
(0.3 0 0.405)
(0 0.005 0.405)
(0.005 0.005 0.405)
(0.01 0.005 0.405)
(0.015 0.005 0.405)
(0.02 0.005 0.405)
(0.025 0.005 0.405)
(0.03 0.005 0.405)
(0.035 0.005 0.405)
(0.04 0.005 0.405)
(0.045 0.005 0.405)
(0.05 0.005 0.405)
(0.055 0.005 0.405)
(0.06 0.005 0.405)
(0.065 0.005 0.405)
(0.07 0.005 0.405)
(0.075 0.005 0.405)
(0.08 0.005 0.405)
(0.085 0.005 0.405)
(0.09 0.005 0.405)
(0.095 0.005 0.405)
(0.1 0.005 0.405)
(0.105 0.005 0.405)
(0.11 0.005 0.405)
(0.115 0.005 0.405)
(0.12 0.005 0.405)
(0.125 0.005 0.405)
(0.13 0.005 0.405)
(0.135 0.005 0.405)
(0.14 0.005 0.405)
(0.145 0.005 0.405)
(0.15 0.005 0.405)
(0.155 0.005 0.405)
(0.16 0.005 0.405)
(0.165 0.005 0.405)
(0.17 0.005 0.405)
(0.175 0.005 0.405)
(0.18 0.005 0.405)
(0.185 0.005 0.405)
(0.19 0.005 0.405)
(0.195 0.005 0.405)
(0.2 0.005 0.405)
(0.205 0.005 0.405)
(0.21 0.005 0.405)
(0.215 0.005 0.405)
(0.22 0.005 0.405)
(0.225 0.005 0.405)
(0.23 0.005 0.405)
(0.235 0.005 0.405)
(0.24 0.005 0.405)
(0.245 0.005 0.405)
(0.25 0.005 0.405)
(0.255 0.005 0.405)
(0.26 0.005 0.405)
(0.265 0.005 0.405)
(0.27 0.005 0.405)
(0.275 0.005 0.405)
(0.28 0.005 0.405)
(0.285 0.005 0.405)
(0.29 0.005 0.405)
(0.295 0.005 0.405)
(0.3 0.005 0.405)
(0 0.01 0.405)
(0.005 0.01 0.405)
(0.01 0.01 0.405)
(0.015 0.01 0.405)
(0.02 0.01 0.405)
(0.025 0.01 0.405)
(0.03 0.01 0.405)
(0.035 0.01 0.405)
(0.04 0.01 0.405)
(0.045 0.01 0.405)
(0.05 0.01 0.405)
(0.055 0.01 0.405)
(0.06 0.01 0.405)
(0.065 0.01 0.405)
(0.07 0.01 0.405)
(0.075 0.01 0.405)
(0.08 0.01 0.405)
(0.085 0.01 0.405)
(0.09 0.01 0.405)
(0.095 0.01 0.405)
(0.1 0.01 0.405)
(0.105 0.01 0.405)
(0.11 0.01 0.405)
(0.115 0.01 0.405)
(0.12 0.01 0.405)
(0.125 0.01 0.405)
(0.13 0.01 0.405)
(0.135 0.01 0.405)
(0.14 0.01 0.405)
(0.145 0.01 0.405)
(0.15 0.01 0.405)
(0.155 0.01 0.405)
(0.16 0.01 0.405)
(0.165 0.01 0.405)
(0.17 0.01 0.405)
(0.175 0.01 0.405)
(0.18 0.01 0.405)
(0.185 0.01 0.405)
(0.19 0.01 0.405)
(0.195 0.01 0.405)
(0.2 0.01 0.405)
(0.205 0.01 0.405)
(0.21 0.01 0.405)
(0.215 0.01 0.405)
(0.22 0.01 0.405)
(0.225 0.01 0.405)
(0.23 0.01 0.405)
(0.235 0.01 0.405)
(0.24 0.01 0.405)
(0.245 0.01 0.405)
(0.25 0.01 0.405)
(0.255 0.01 0.405)
(0.26 0.01 0.405)
(0.265 0.01 0.405)
(0.27 0.01 0.405)
(0.275 0.01 0.405)
(0.28 0.01 0.405)
(0.285 0.01 0.405)
(0.29 0.01 0.405)
(0.295 0.01 0.405)
(0.3 0.01 0.405)
(0 0 0.41)
(0.005 0 0.41)
(0.01 0 0.41)
(0.015 0 0.41)
(0.02 0 0.41)
(0.025 0 0.41)
(0.03 0 0.41)
(0.035 0 0.41)
(0.04 0 0.41)
(0.045 0 0.41)
(0.05 0 0.41)
(0.055 0 0.41)
(0.06 0 0.41)
(0.065 0 0.41)
(0.07 0 0.41)
(0.075 0 0.41)
(0.08 0 0.41)
(0.085 0 0.41)
(0.09 0 0.41)
(0.095 0 0.41)
(0.1 0 0.41)
(0.105 0 0.41)
(0.11 0 0.41)
(0.115 0 0.41)
(0.12 0 0.41)
(0.125 0 0.41)
(0.13 0 0.41)
(0.135 0 0.41)
(0.14 0 0.41)
(0.145 0 0.41)
(0.15 0 0.41)
(0.155 0 0.41)
(0.16 0 0.41)
(0.165 0 0.41)
(0.17 0 0.41)
(0.175 0 0.41)
(0.18 0 0.41)
(0.185 0 0.41)
(0.19 0 0.41)
(0.195 0 0.41)
(0.2 0 0.41)
(0.205 0 0.41)
(0.21 0 0.41)
(0.215 0 0.41)
(0.22 0 0.41)
(0.225 0 0.41)
(0.23 0 0.41)
(0.235 0 0.41)
(0.24 0 0.41)
(0.245 0 0.41)
(0.25 0 0.41)
(0.255 0 0.41)
(0.26 0 0.41)
(0.265 0 0.41)
(0.27 0 0.41)
(0.275 0 0.41)
(0.28 0 0.41)
(0.285 0 0.41)
(0.29 0 0.41)
(0.295 0 0.41)
(0.3 0 0.41)
(0 0.005 0.41)
(0.005 0.005 0.41)
(0.01 0.005 0.41)
(0.015 0.005 0.41)
(0.02 0.005 0.41)
(0.025 0.005 0.41)
(0.03 0.005 0.41)
(0.035 0.005 0.41)
(0.04 0.005 0.41)
(0.045 0.005 0.41)
(0.05 0.005 0.41)
(0.055 0.005 0.41)
(0.06 0.005 0.41)
(0.065 0.005 0.41)
(0.07 0.005 0.41)
(0.075 0.005 0.41)
(0.08 0.005 0.41)
(0.085 0.005 0.41)
(0.09 0.005 0.41)
(0.095 0.005 0.41)
(0.1 0.005 0.41)
(0.105 0.005 0.41)
(0.11 0.005 0.41)
(0.115 0.005 0.41)
(0.12 0.005 0.41)
(0.125 0.005 0.41)
(0.13 0.005 0.41)
(0.135 0.005 0.41)
(0.14 0.005 0.41)
(0.145 0.005 0.41)
(0.15 0.005 0.41)
(0.155 0.005 0.41)
(0.16 0.005 0.41)
(0.165 0.005 0.41)
(0.17 0.005 0.41)
(0.175 0.005 0.41)
(0.18 0.005 0.41)
(0.185 0.005 0.41)
(0.19 0.005 0.41)
(0.195 0.005 0.41)
(0.2 0.005 0.41)
(0.205 0.005 0.41)
(0.21 0.005 0.41)
(0.215 0.005 0.41)
(0.22 0.005 0.41)
(0.225 0.005 0.41)
(0.23 0.005 0.41)
(0.235 0.005 0.41)
(0.24 0.005 0.41)
(0.245 0.005 0.41)
(0.25 0.005 0.41)
(0.255 0.005 0.41)
(0.26 0.005 0.41)
(0.265 0.005 0.41)
(0.27 0.005 0.41)
(0.275 0.005 0.41)
(0.28 0.005 0.41)
(0.285 0.005 0.41)
(0.29 0.005 0.41)
(0.295 0.005 0.41)
(0.3 0.005 0.41)
(0 0.01 0.41)
(0.005 0.01 0.41)
(0.01 0.01 0.41)
(0.015 0.01 0.41)
(0.02 0.01 0.41)
(0.025 0.01 0.41)
(0.03 0.01 0.41)
(0.035 0.01 0.41)
(0.04 0.01 0.41)
(0.045 0.01 0.41)
(0.05 0.01 0.41)
(0.055 0.01 0.41)
(0.06 0.01 0.41)
(0.065 0.01 0.41)
(0.07 0.01 0.41)
(0.075 0.01 0.41)
(0.08 0.01 0.41)
(0.085 0.01 0.41)
(0.09 0.01 0.41)
(0.095 0.01 0.41)
(0.1 0.01 0.41)
(0.105 0.01 0.41)
(0.11 0.01 0.41)
(0.115 0.01 0.41)
(0.12 0.01 0.41)
(0.125 0.01 0.41)
(0.13 0.01 0.41)
(0.135 0.01 0.41)
(0.14 0.01 0.41)
(0.145 0.01 0.41)
(0.15 0.01 0.41)
(0.155 0.01 0.41)
(0.16 0.01 0.41)
(0.165 0.01 0.41)
(0.17 0.01 0.41)
(0.175 0.01 0.41)
(0.18 0.01 0.41)
(0.185 0.01 0.41)
(0.19 0.01 0.41)
(0.195 0.01 0.41)
(0.2 0.01 0.41)
(0.205 0.01 0.41)
(0.21 0.01 0.41)
(0.215 0.01 0.41)
(0.22 0.01 0.41)
(0.225 0.01 0.41)
(0.23 0.01 0.41)
(0.235 0.01 0.41)
(0.24 0.01 0.41)
(0.245 0.01 0.41)
(0.25 0.01 0.41)
(0.255 0.01 0.41)
(0.26 0.01 0.41)
(0.265 0.01 0.41)
(0.27 0.01 0.41)
(0.275 0.01 0.41)
(0.28 0.01 0.41)
(0.285 0.01 0.41)
(0.29 0.01 0.41)
(0.295 0.01 0.41)
(0.3 0.01 0.41)
(0 0 0.415)
(0.005 0 0.415)
(0.01 0 0.415)
(0.015 0 0.415)
(0.02 0 0.415)
(0.025 0 0.415)
(0.03 0 0.415)
(0.035 0 0.415)
(0.04 0 0.415)
(0.045 0 0.415)
(0.05 0 0.415)
(0.055 0 0.415)
(0.06 0 0.415)
(0.065 0 0.415)
(0.07 0 0.415)
(0.075 0 0.415)
(0.08 0 0.415)
(0.085 0 0.415)
(0.09 0 0.415)
(0.095 0 0.415)
(0.1 0 0.415)
(0.105 0 0.415)
(0.11 0 0.415)
(0.115 0 0.415)
(0.12 0 0.415)
(0.125 0 0.415)
(0.13 0 0.415)
(0.135 0 0.415)
(0.14 0 0.415)
(0.145 0 0.415)
(0.15 0 0.415)
(0.155 0 0.415)
(0.16 0 0.415)
(0.165 0 0.415)
(0.17 0 0.415)
(0.175 0 0.415)
(0.18 0 0.415)
(0.185 0 0.415)
(0.19 0 0.415)
(0.195 0 0.415)
(0.2 0 0.415)
(0.205 0 0.415)
(0.21 0 0.415)
(0.215 0 0.415)
(0.22 0 0.415)
(0.225 0 0.415)
(0.23 0 0.415)
(0.235 0 0.415)
(0.24 0 0.415)
(0.245 0 0.415)
(0.25 0 0.415)
(0.255 0 0.415)
(0.26 0 0.415)
(0.265 0 0.415)
(0.27 0 0.415)
(0.275 0 0.415)
(0.28 0 0.415)
(0.285 0 0.415)
(0.29 0 0.415)
(0.295 0 0.415)
(0.3 0 0.415)
(0 0.005 0.415)
(0.005 0.005 0.415)
(0.01 0.005 0.415)
(0.015 0.005 0.415)
(0.02 0.005 0.415)
(0.025 0.005 0.415)
(0.03 0.005 0.415)
(0.035 0.005 0.415)
(0.04 0.005 0.415)
(0.045 0.005 0.415)
(0.05 0.005 0.415)
(0.055 0.005 0.415)
(0.06 0.005 0.415)
(0.065 0.005 0.415)
(0.07 0.005 0.415)
(0.075 0.005 0.415)
(0.08 0.005 0.415)
(0.085 0.005 0.415)
(0.09 0.005 0.415)
(0.095 0.005 0.415)
(0.1 0.005 0.415)
(0.105 0.005 0.415)
(0.11 0.005 0.415)
(0.115 0.005 0.415)
(0.12 0.005 0.415)
(0.125 0.005 0.415)
(0.13 0.005 0.415)
(0.135 0.005 0.415)
(0.14 0.005 0.415)
(0.145 0.005 0.415)
(0.15 0.005 0.415)
(0.155 0.005 0.415)
(0.16 0.005 0.415)
(0.165 0.005 0.415)
(0.17 0.005 0.415)
(0.175 0.005 0.415)
(0.18 0.005 0.415)
(0.185 0.005 0.415)
(0.19 0.005 0.415)
(0.195 0.005 0.415)
(0.2 0.005 0.415)
(0.205 0.005 0.415)
(0.21 0.005 0.415)
(0.215 0.005 0.415)
(0.22 0.005 0.415)
(0.225 0.005 0.415)
(0.23 0.005 0.415)
(0.235 0.005 0.415)
(0.24 0.005 0.415)
(0.245 0.005 0.415)
(0.25 0.005 0.415)
(0.255 0.005 0.415)
(0.26 0.005 0.415)
(0.265 0.005 0.415)
(0.27 0.005 0.415)
(0.275 0.005 0.415)
(0.28 0.005 0.415)
(0.285 0.005 0.415)
(0.29 0.005 0.415)
(0.295 0.005 0.415)
(0.3 0.005 0.415)
(0 0.01 0.415)
(0.005 0.01 0.415)
(0.01 0.01 0.415)
(0.015 0.01 0.415)
(0.02 0.01 0.415)
(0.025 0.01 0.415)
(0.03 0.01 0.415)
(0.035 0.01 0.415)
(0.04 0.01 0.415)
(0.045 0.01 0.415)
(0.05 0.01 0.415)
(0.055 0.01 0.415)
(0.06 0.01 0.415)
(0.065 0.01 0.415)
(0.07 0.01 0.415)
(0.075 0.01 0.415)
(0.08 0.01 0.415)
(0.085 0.01 0.415)
(0.09 0.01 0.415)
(0.095 0.01 0.415)
(0.1 0.01 0.415)
(0.105 0.01 0.415)
(0.11 0.01 0.415)
(0.115 0.01 0.415)
(0.12 0.01 0.415)
(0.125 0.01 0.415)
(0.13 0.01 0.415)
(0.135 0.01 0.415)
(0.14 0.01 0.415)
(0.145 0.01 0.415)
(0.15 0.01 0.415)
(0.155 0.01 0.415)
(0.16 0.01 0.415)
(0.165 0.01 0.415)
(0.17 0.01 0.415)
(0.175 0.01 0.415)
(0.18 0.01 0.415)
(0.185 0.01 0.415)
(0.19 0.01 0.415)
(0.195 0.01 0.415)
(0.2 0.01 0.415)
(0.205 0.01 0.415)
(0.21 0.01 0.415)
(0.215 0.01 0.415)
(0.22 0.01 0.415)
(0.225 0.01 0.415)
(0.23 0.01 0.415)
(0.235 0.01 0.415)
(0.24 0.01 0.415)
(0.245 0.01 0.415)
(0.25 0.01 0.415)
(0.255 0.01 0.415)
(0.26 0.01 0.415)
(0.265 0.01 0.415)
(0.27 0.01 0.415)
(0.275 0.01 0.415)
(0.28 0.01 0.415)
(0.285 0.01 0.415)
(0.29 0.01 0.415)
(0.295 0.01 0.415)
(0.3 0.01 0.415)
(0 0 0.42)
(0.005 0 0.42)
(0.01 0 0.42)
(0.015 0 0.42)
(0.02 0 0.42)
(0.025 0 0.42)
(0.03 0 0.42)
(0.035 0 0.42)
(0.04 0 0.42)
(0.045 0 0.42)
(0.05 0 0.42)
(0.055 0 0.42)
(0.06 0 0.42)
(0.065 0 0.42)
(0.07 0 0.42)
(0.075 0 0.42)
(0.08 0 0.42)
(0.085 0 0.42)
(0.09 0 0.42)
(0.095 0 0.42)
(0.1 0 0.42)
(0.105 0 0.42)
(0.11 0 0.42)
(0.115 0 0.42)
(0.12 0 0.42)
(0.125 0 0.42)
(0.13 0 0.42)
(0.135 0 0.42)
(0.14 0 0.42)
(0.145 0 0.42)
(0.15 0 0.42)
(0.155 0 0.42)
(0.16 0 0.42)
(0.165 0 0.42)
(0.17 0 0.42)
(0.175 0 0.42)
(0.18 0 0.42)
(0.185 0 0.42)
(0.19 0 0.42)
(0.195 0 0.42)
(0.2 0 0.42)
(0.205 0 0.42)
(0.21 0 0.42)
(0.215 0 0.42)
(0.22 0 0.42)
(0.225 0 0.42)
(0.23 0 0.42)
(0.235 0 0.42)
(0.24 0 0.42)
(0.245 0 0.42)
(0.25 0 0.42)
(0.255 0 0.42)
(0.26 0 0.42)
(0.265 0 0.42)
(0.27 0 0.42)
(0.275 0 0.42)
(0.28 0 0.42)
(0.285 0 0.42)
(0.29 0 0.42)
(0.295 0 0.42)
(0.3 0 0.42)
(0 0.005 0.42)
(0.005 0.005 0.42)
(0.01 0.005 0.42)
(0.015 0.005 0.42)
(0.02 0.005 0.42)
(0.025 0.005 0.42)
(0.03 0.005 0.42)
(0.035 0.005 0.42)
(0.04 0.005 0.42)
(0.045 0.005 0.42)
(0.05 0.005 0.42)
(0.055 0.005 0.42)
(0.06 0.005 0.42)
(0.065 0.005 0.42)
(0.07 0.005 0.42)
(0.075 0.005 0.42)
(0.08 0.005 0.42)
(0.085 0.005 0.42)
(0.09 0.005 0.42)
(0.095 0.005 0.42)
(0.1 0.005 0.42)
(0.105 0.005 0.42)
(0.11 0.005 0.42)
(0.115 0.005 0.42)
(0.12 0.005 0.42)
(0.125 0.005 0.42)
(0.13 0.005 0.42)
(0.135 0.005 0.42)
(0.14 0.005 0.42)
(0.145 0.005 0.42)
(0.15 0.005 0.42)
(0.155 0.005 0.42)
(0.16 0.005 0.42)
(0.165 0.005 0.42)
(0.17 0.005 0.42)
(0.175 0.005 0.42)
(0.18 0.005 0.42)
(0.185 0.005 0.42)
(0.19 0.005 0.42)
(0.195 0.005 0.42)
(0.2 0.005 0.42)
(0.205 0.005 0.42)
(0.21 0.005 0.42)
(0.215 0.005 0.42)
(0.22 0.005 0.42)
(0.225 0.005 0.42)
(0.23 0.005 0.42)
(0.235 0.005 0.42)
(0.24 0.005 0.42)
(0.245 0.005 0.42)
(0.25 0.005 0.42)
(0.255 0.005 0.42)
(0.26 0.005 0.42)
(0.265 0.005 0.42)
(0.27 0.005 0.42)
(0.275 0.005 0.42)
(0.28 0.005 0.42)
(0.285 0.005 0.42)
(0.29 0.005 0.42)
(0.295 0.005 0.42)
(0.3 0.005 0.42)
(0 0.01 0.42)
(0.005 0.01 0.42)
(0.01 0.01 0.42)
(0.015 0.01 0.42)
(0.02 0.01 0.42)
(0.025 0.01 0.42)
(0.03 0.01 0.42)
(0.035 0.01 0.42)
(0.04 0.01 0.42)
(0.045 0.01 0.42)
(0.05 0.01 0.42)
(0.055 0.01 0.42)
(0.06 0.01 0.42)
(0.065 0.01 0.42)
(0.07 0.01 0.42)
(0.075 0.01 0.42)
(0.08 0.01 0.42)
(0.085 0.01 0.42)
(0.09 0.01 0.42)
(0.095 0.01 0.42)
(0.1 0.01 0.42)
(0.105 0.01 0.42)
(0.11 0.01 0.42)
(0.115 0.01 0.42)
(0.12 0.01 0.42)
(0.125 0.01 0.42)
(0.13 0.01 0.42)
(0.135 0.01 0.42)
(0.14 0.01 0.42)
(0.145 0.01 0.42)
(0.15 0.01 0.42)
(0.155 0.01 0.42)
(0.16 0.01 0.42)
(0.165 0.01 0.42)
(0.17 0.01 0.42)
(0.175 0.01 0.42)
(0.18 0.01 0.42)
(0.185 0.01 0.42)
(0.19 0.01 0.42)
(0.195 0.01 0.42)
(0.2 0.01 0.42)
(0.205 0.01 0.42)
(0.21 0.01 0.42)
(0.215 0.01 0.42)
(0.22 0.01 0.42)
(0.225 0.01 0.42)
(0.23 0.01 0.42)
(0.235 0.01 0.42)
(0.24 0.01 0.42)
(0.245 0.01 0.42)
(0.25 0.01 0.42)
(0.255 0.01 0.42)
(0.26 0.01 0.42)
(0.265 0.01 0.42)
(0.27 0.01 0.42)
(0.275 0.01 0.42)
(0.28 0.01 0.42)
(0.285 0.01 0.42)
(0.29 0.01 0.42)
(0.295 0.01 0.42)
(0.3 0.01 0.42)
(0 0 0.425)
(0.005 0 0.425)
(0.01 0 0.425)
(0.015 0 0.425)
(0.02 0 0.425)
(0.025 0 0.425)
(0.03 0 0.425)
(0.035 0 0.425)
(0.04 0 0.425)
(0.045 0 0.425)
(0.05 0 0.425)
(0.055 0 0.425)
(0.06 0 0.425)
(0.065 0 0.425)
(0.07 0 0.425)
(0.075 0 0.425)
(0.08 0 0.425)
(0.085 0 0.425)
(0.09 0 0.425)
(0.095 0 0.425)
(0.1 0 0.425)
(0.105 0 0.425)
(0.11 0 0.425)
(0.115 0 0.425)
(0.12 0 0.425)
(0.125 0 0.425)
(0.13 0 0.425)
(0.135 0 0.425)
(0.14 0 0.425)
(0.145 0 0.425)
(0.15 0 0.425)
(0.155 0 0.425)
(0.16 0 0.425)
(0.165 0 0.425)
(0.17 0 0.425)
(0.175 0 0.425)
(0.18 0 0.425)
(0.185 0 0.425)
(0.19 0 0.425)
(0.195 0 0.425)
(0.2 0 0.425)
(0.205 0 0.425)
(0.21 0 0.425)
(0.215 0 0.425)
(0.22 0 0.425)
(0.225 0 0.425)
(0.23 0 0.425)
(0.235 0 0.425)
(0.24 0 0.425)
(0.245 0 0.425)
(0.25 0 0.425)
(0.255 0 0.425)
(0.26 0 0.425)
(0.265 0 0.425)
(0.27 0 0.425)
(0.275 0 0.425)
(0.28 0 0.425)
(0.285 0 0.425)
(0.29 0 0.425)
(0.295 0 0.425)
(0.3 0 0.425)
(0 0.005 0.425)
(0.005 0.005 0.425)
(0.01 0.005 0.425)
(0.015 0.005 0.425)
(0.02 0.005 0.425)
(0.025 0.005 0.425)
(0.03 0.005 0.425)
(0.035 0.005 0.425)
(0.04 0.005 0.425)
(0.045 0.005 0.425)
(0.05 0.005 0.425)
(0.055 0.005 0.425)
(0.06 0.005 0.425)
(0.065 0.005 0.425)
(0.07 0.005 0.425)
(0.075 0.005 0.425)
(0.08 0.005 0.425)
(0.085 0.005 0.425)
(0.09 0.005 0.425)
(0.095 0.005 0.425)
(0.1 0.005 0.425)
(0.105 0.005 0.425)
(0.11 0.005 0.425)
(0.115 0.005 0.425)
(0.12 0.005 0.425)
(0.125 0.005 0.425)
(0.13 0.005 0.425)
(0.135 0.005 0.425)
(0.14 0.005 0.425)
(0.145 0.005 0.425)
(0.15 0.005 0.425)
(0.155 0.005 0.425)
(0.16 0.005 0.425)
(0.165 0.005 0.425)
(0.17 0.005 0.425)
(0.175 0.005 0.425)
(0.18 0.005 0.425)
(0.185 0.005 0.425)
(0.19 0.005 0.425)
(0.195 0.005 0.425)
(0.2 0.005 0.425)
(0.205 0.005 0.425)
(0.21 0.005 0.425)
(0.215 0.005 0.425)
(0.22 0.005 0.425)
(0.225 0.005 0.425)
(0.23 0.005 0.425)
(0.235 0.005 0.425)
(0.24 0.005 0.425)
(0.245 0.005 0.425)
(0.25 0.005 0.425)
(0.255 0.005 0.425)
(0.26 0.005 0.425)
(0.265 0.005 0.425)
(0.27 0.005 0.425)
(0.275 0.005 0.425)
(0.28 0.005 0.425)
(0.285 0.005 0.425)
(0.29 0.005 0.425)
(0.295 0.005 0.425)
(0.3 0.005 0.425)
(0 0.01 0.425)
(0.005 0.01 0.425)
(0.01 0.01 0.425)
(0.015 0.01 0.425)
(0.02 0.01 0.425)
(0.025 0.01 0.425)
(0.03 0.01 0.425)
(0.035 0.01 0.425)
(0.04 0.01 0.425)
(0.045 0.01 0.425)
(0.05 0.01 0.425)
(0.055 0.01 0.425)
(0.06 0.01 0.425)
(0.065 0.01 0.425)
(0.07 0.01 0.425)
(0.075 0.01 0.425)
(0.08 0.01 0.425)
(0.085 0.01 0.425)
(0.09 0.01 0.425)
(0.095 0.01 0.425)
(0.1 0.01 0.425)
(0.105 0.01 0.425)
(0.11 0.01 0.425)
(0.115 0.01 0.425)
(0.12 0.01 0.425)
(0.125 0.01 0.425)
(0.13 0.01 0.425)
(0.135 0.01 0.425)
(0.14 0.01 0.425)
(0.145 0.01 0.425)
(0.15 0.01 0.425)
(0.155 0.01 0.425)
(0.16 0.01 0.425)
(0.165 0.01 0.425)
(0.17 0.01 0.425)
(0.175 0.01 0.425)
(0.18 0.01 0.425)
(0.185 0.01 0.425)
(0.19 0.01 0.425)
(0.195 0.01 0.425)
(0.2 0.01 0.425)
(0.205 0.01 0.425)
(0.21 0.01 0.425)
(0.215 0.01 0.425)
(0.22 0.01 0.425)
(0.225 0.01 0.425)
(0.23 0.01 0.425)
(0.235 0.01 0.425)
(0.24 0.01 0.425)
(0.245 0.01 0.425)
(0.25 0.01 0.425)
(0.255 0.01 0.425)
(0.26 0.01 0.425)
(0.265 0.01 0.425)
(0.27 0.01 0.425)
(0.275 0.01 0.425)
(0.28 0.01 0.425)
(0.285 0.01 0.425)
(0.29 0.01 0.425)
(0.295 0.01 0.425)
(0.3 0.01 0.425)
(0 0 0.43)
(0.005 0 0.43)
(0.01 0 0.43)
(0.015 0 0.43)
(0.02 0 0.43)
(0.025 0 0.43)
(0.03 0 0.43)
(0.035 0 0.43)
(0.04 0 0.43)
(0.045 0 0.43)
(0.05 0 0.43)
(0.055 0 0.43)
(0.06 0 0.43)
(0.065 0 0.43)
(0.07 0 0.43)
(0.075 0 0.43)
(0.08 0 0.43)
(0.085 0 0.43)
(0.09 0 0.43)
(0.095 0 0.43)
(0.1 0 0.43)
(0.105 0 0.43)
(0.11 0 0.43)
(0.115 0 0.43)
(0.12 0 0.43)
(0.125 0 0.43)
(0.13 0 0.43)
(0.135 0 0.43)
(0.14 0 0.43)
(0.145 0 0.43)
(0.15 0 0.43)
(0.155 0 0.43)
(0.16 0 0.43)
(0.165 0 0.43)
(0.17 0 0.43)
(0.175 0 0.43)
(0.18 0 0.43)
(0.185 0 0.43)
(0.19 0 0.43)
(0.195 0 0.43)
(0.2 0 0.43)
(0.205 0 0.43)
(0.21 0 0.43)
(0.215 0 0.43)
(0.22 0 0.43)
(0.225 0 0.43)
(0.23 0 0.43)
(0.235 0 0.43)
(0.24 0 0.43)
(0.245 0 0.43)
(0.25 0 0.43)
(0.255 0 0.43)
(0.26 0 0.43)
(0.265 0 0.43)
(0.27 0 0.43)
(0.275 0 0.43)
(0.28 0 0.43)
(0.285 0 0.43)
(0.29 0 0.43)
(0.295 0 0.43)
(0.3 0 0.43)
(0 0.005 0.43)
(0.005 0.005 0.43)
(0.01 0.005 0.43)
(0.015 0.005 0.43)
(0.02 0.005 0.43)
(0.025 0.005 0.43)
(0.03 0.005 0.43)
(0.035 0.005 0.43)
(0.04 0.005 0.43)
(0.045 0.005 0.43)
(0.05 0.005 0.43)
(0.055 0.005 0.43)
(0.06 0.005 0.43)
(0.065 0.005 0.43)
(0.07 0.005 0.43)
(0.075 0.005 0.43)
(0.08 0.005 0.43)
(0.085 0.005 0.43)
(0.09 0.005 0.43)
(0.095 0.005 0.43)
(0.1 0.005 0.43)
(0.105 0.005 0.43)
(0.11 0.005 0.43)
(0.115 0.005 0.43)
(0.12 0.005 0.43)
(0.125 0.005 0.43)
(0.13 0.005 0.43)
(0.135 0.005 0.43)
(0.14 0.005 0.43)
(0.145 0.005 0.43)
(0.15 0.005 0.43)
(0.155 0.005 0.43)
(0.16 0.005 0.43)
(0.165 0.005 0.43)
(0.17 0.005 0.43)
(0.175 0.005 0.43)
(0.18 0.005 0.43)
(0.185 0.005 0.43)
(0.19 0.005 0.43)
(0.195 0.005 0.43)
(0.2 0.005 0.43)
(0.205 0.005 0.43)
(0.21 0.005 0.43)
(0.215 0.005 0.43)
(0.22 0.005 0.43)
(0.225 0.005 0.43)
(0.23 0.005 0.43)
(0.235 0.005 0.43)
(0.24 0.005 0.43)
(0.245 0.005 0.43)
(0.25 0.005 0.43)
(0.255 0.005 0.43)
(0.26 0.005 0.43)
(0.265 0.005 0.43)
(0.27 0.005 0.43)
(0.275 0.005 0.43)
(0.28 0.005 0.43)
(0.285 0.005 0.43)
(0.29 0.005 0.43)
(0.295 0.005 0.43)
(0.3 0.005 0.43)
(0 0.01 0.43)
(0.005 0.01 0.43)
(0.01 0.01 0.43)
(0.015 0.01 0.43)
(0.02 0.01 0.43)
(0.025 0.01 0.43)
(0.03 0.01 0.43)
(0.035 0.01 0.43)
(0.04 0.01 0.43)
(0.045 0.01 0.43)
(0.05 0.01 0.43)
(0.055 0.01 0.43)
(0.06 0.01 0.43)
(0.065 0.01 0.43)
(0.07 0.01 0.43)
(0.075 0.01 0.43)
(0.08 0.01 0.43)
(0.085 0.01 0.43)
(0.09 0.01 0.43)
(0.095 0.01 0.43)
(0.1 0.01 0.43)
(0.105 0.01 0.43)
(0.11 0.01 0.43)
(0.115 0.01 0.43)
(0.12 0.01 0.43)
(0.125 0.01 0.43)
(0.13 0.01 0.43)
(0.135 0.01 0.43)
(0.14 0.01 0.43)
(0.145 0.01 0.43)
(0.15 0.01 0.43)
(0.155 0.01 0.43)
(0.16 0.01 0.43)
(0.165 0.01 0.43)
(0.17 0.01 0.43)
(0.175 0.01 0.43)
(0.18 0.01 0.43)
(0.185 0.01 0.43)
(0.19 0.01 0.43)
(0.195 0.01 0.43)
(0.2 0.01 0.43)
(0.205 0.01 0.43)
(0.21 0.01 0.43)
(0.215 0.01 0.43)
(0.22 0.01 0.43)
(0.225 0.01 0.43)
(0.23 0.01 0.43)
(0.235 0.01 0.43)
(0.24 0.01 0.43)
(0.245 0.01 0.43)
(0.25 0.01 0.43)
(0.255 0.01 0.43)
(0.26 0.01 0.43)
(0.265 0.01 0.43)
(0.27 0.01 0.43)
(0.275 0.01 0.43)
(0.28 0.01 0.43)
(0.285 0.01 0.43)
(0.29 0.01 0.43)
(0.295 0.01 0.43)
(0.3 0.01 0.43)
(0 0 0.435)
(0.005 0 0.435)
(0.01 0 0.435)
(0.015 0 0.435)
(0.02 0 0.435)
(0.025 0 0.435)
(0.03 0 0.435)
(0.035 0 0.435)
(0.04 0 0.435)
(0.045 0 0.435)
(0.05 0 0.435)
(0.055 0 0.435)
(0.06 0 0.435)
(0.065 0 0.435)
(0.07 0 0.435)
(0.075 0 0.435)
(0.08 0 0.435)
(0.085 0 0.435)
(0.09 0 0.435)
(0.095 0 0.435)
(0.1 0 0.435)
(0.105 0 0.435)
(0.11 0 0.435)
(0.115 0 0.435)
(0.12 0 0.435)
(0.125 0 0.435)
(0.13 0 0.435)
(0.135 0 0.435)
(0.14 0 0.435)
(0.145 0 0.435)
(0.15 0 0.435)
(0.155 0 0.435)
(0.16 0 0.435)
(0.165 0 0.435)
(0.17 0 0.435)
(0.175 0 0.435)
(0.18 0 0.435)
(0.185 0 0.435)
(0.19 0 0.435)
(0.195 0 0.435)
(0.2 0 0.435)
(0.205 0 0.435)
(0.21 0 0.435)
(0.215 0 0.435)
(0.22 0 0.435)
(0.225 0 0.435)
(0.23 0 0.435)
(0.235 0 0.435)
(0.24 0 0.435)
(0.245 0 0.435)
(0.25 0 0.435)
(0.255 0 0.435)
(0.26 0 0.435)
(0.265 0 0.435)
(0.27 0 0.435)
(0.275 0 0.435)
(0.28 0 0.435)
(0.285 0 0.435)
(0.29 0 0.435)
(0.295 0 0.435)
(0.3 0 0.435)
(0 0.005 0.435)
(0.005 0.005 0.435)
(0.01 0.005 0.435)
(0.015 0.005 0.435)
(0.02 0.005 0.435)
(0.025 0.005 0.435)
(0.03 0.005 0.435)
(0.035 0.005 0.435)
(0.04 0.005 0.435)
(0.045 0.005 0.435)
(0.05 0.005 0.435)
(0.055 0.005 0.435)
(0.06 0.005 0.435)
(0.065 0.005 0.435)
(0.07 0.005 0.435)
(0.075 0.005 0.435)
(0.08 0.005 0.435)
(0.085 0.005 0.435)
(0.09 0.005 0.435)
(0.095 0.005 0.435)
(0.1 0.005 0.435)
(0.105 0.005 0.435)
(0.11 0.005 0.435)
(0.115 0.005 0.435)
(0.12 0.005 0.435)
(0.125 0.005 0.435)
(0.13 0.005 0.435)
(0.135 0.005 0.435)
(0.14 0.005 0.435)
(0.145 0.005 0.435)
(0.15 0.005 0.435)
(0.155 0.005 0.435)
(0.16 0.005 0.435)
(0.165 0.005 0.435)
(0.17 0.005 0.435)
(0.175 0.005 0.435)
(0.18 0.005 0.435)
(0.185 0.005 0.435)
(0.19 0.005 0.435)
(0.195 0.005 0.435)
(0.2 0.005 0.435)
(0.205 0.005 0.435)
(0.21 0.005 0.435)
(0.215 0.005 0.435)
(0.22 0.005 0.435)
(0.225 0.005 0.435)
(0.23 0.005 0.435)
(0.235 0.005 0.435)
(0.24 0.005 0.435)
(0.245 0.005 0.435)
(0.25 0.005 0.435)
(0.255 0.005 0.435)
(0.26 0.005 0.435)
(0.265 0.005 0.435)
(0.27 0.005 0.435)
(0.275 0.005 0.435)
(0.28 0.005 0.435)
(0.285 0.005 0.435)
(0.29 0.005 0.435)
(0.295 0.005 0.435)
(0.3 0.005 0.435)
(0 0.01 0.435)
(0.005 0.01 0.435)
(0.01 0.01 0.435)
(0.015 0.01 0.435)
(0.02 0.01 0.435)
(0.025 0.01 0.435)
(0.03 0.01 0.435)
(0.035 0.01 0.435)
(0.04 0.01 0.435)
(0.045 0.01 0.435)
(0.05 0.01 0.435)
(0.055 0.01 0.435)
(0.06 0.01 0.435)
(0.065 0.01 0.435)
(0.07 0.01 0.435)
(0.075 0.01 0.435)
(0.08 0.01 0.435)
(0.085 0.01 0.435)
(0.09 0.01 0.435)
(0.095 0.01 0.435)
(0.1 0.01 0.435)
(0.105 0.01 0.435)
(0.11 0.01 0.435)
(0.115 0.01 0.435)
(0.12 0.01 0.435)
(0.125 0.01 0.435)
(0.13 0.01 0.435)
(0.135 0.01 0.435)
(0.14 0.01 0.435)
(0.145 0.01 0.435)
(0.15 0.01 0.435)
(0.155 0.01 0.435)
(0.16 0.01 0.435)
(0.165 0.01 0.435)
(0.17 0.01 0.435)
(0.175 0.01 0.435)
(0.18 0.01 0.435)
(0.185 0.01 0.435)
(0.19 0.01 0.435)
(0.195 0.01 0.435)
(0.2 0.01 0.435)
(0.205 0.01 0.435)
(0.21 0.01 0.435)
(0.215 0.01 0.435)
(0.22 0.01 0.435)
(0.225 0.01 0.435)
(0.23 0.01 0.435)
(0.235 0.01 0.435)
(0.24 0.01 0.435)
(0.245 0.01 0.435)
(0.25 0.01 0.435)
(0.255 0.01 0.435)
(0.26 0.01 0.435)
(0.265 0.01 0.435)
(0.27 0.01 0.435)
(0.275 0.01 0.435)
(0.28 0.01 0.435)
(0.285 0.01 0.435)
(0.29 0.01 0.435)
(0.295 0.01 0.435)
(0.3 0.01 0.435)
(0 0 0.44)
(0.005 0 0.44)
(0.01 0 0.44)
(0.015 0 0.44)
(0.02 0 0.44)
(0.025 0 0.44)
(0.03 0 0.44)
(0.035 0 0.44)
(0.04 0 0.44)
(0.045 0 0.44)
(0.05 0 0.44)
(0.055 0 0.44)
(0.06 0 0.44)
(0.065 0 0.44)
(0.07 0 0.44)
(0.075 0 0.44)
(0.08 0 0.44)
(0.085 0 0.44)
(0.09 0 0.44)
(0.095 0 0.44)
(0.1 0 0.44)
(0.105 0 0.44)
(0.11 0 0.44)
(0.115 0 0.44)
(0.12 0 0.44)
(0.125 0 0.44)
(0.13 0 0.44)
(0.135 0 0.44)
(0.14 0 0.44)
(0.145 0 0.44)
(0.15 0 0.44)
(0.155 0 0.44)
(0.16 0 0.44)
(0.165 0 0.44)
(0.17 0 0.44)
(0.175 0 0.44)
(0.18 0 0.44)
(0.185 0 0.44)
(0.19 0 0.44)
(0.195 0 0.44)
(0.2 0 0.44)
(0.205 0 0.44)
(0.21 0 0.44)
(0.215 0 0.44)
(0.22 0 0.44)
(0.225 0 0.44)
(0.23 0 0.44)
(0.235 0 0.44)
(0.24 0 0.44)
(0.245 0 0.44)
(0.25 0 0.44)
(0.255 0 0.44)
(0.26 0 0.44)
(0.265 0 0.44)
(0.27 0 0.44)
(0.275 0 0.44)
(0.28 0 0.44)
(0.285 0 0.44)
(0.29 0 0.44)
(0.295 0 0.44)
(0.3 0 0.44)
(0 0.005 0.44)
(0.005 0.005 0.44)
(0.01 0.005 0.44)
(0.015 0.005 0.44)
(0.02 0.005 0.44)
(0.025 0.005 0.44)
(0.03 0.005 0.44)
(0.035 0.005 0.44)
(0.04 0.005 0.44)
(0.045 0.005 0.44)
(0.05 0.005 0.44)
(0.055 0.005 0.44)
(0.06 0.005 0.44)
(0.065 0.005 0.44)
(0.07 0.005 0.44)
(0.075 0.005 0.44)
(0.08 0.005 0.44)
(0.085 0.005 0.44)
(0.09 0.005 0.44)
(0.095 0.005 0.44)
(0.1 0.005 0.44)
(0.105 0.005 0.44)
(0.11 0.005 0.44)
(0.115 0.005 0.44)
(0.12 0.005 0.44)
(0.125 0.005 0.44)
(0.13 0.005 0.44)
(0.135 0.005 0.44)
(0.14 0.005 0.44)
(0.145 0.005 0.44)
(0.15 0.005 0.44)
(0.155 0.005 0.44)
(0.16 0.005 0.44)
(0.165 0.005 0.44)
(0.17 0.005 0.44)
(0.175 0.005 0.44)
(0.18 0.005 0.44)
(0.185 0.005 0.44)
(0.19 0.005 0.44)
(0.195 0.005 0.44)
(0.2 0.005 0.44)
(0.205 0.005 0.44)
(0.21 0.005 0.44)
(0.215 0.005 0.44)
(0.22 0.005 0.44)
(0.225 0.005 0.44)
(0.23 0.005 0.44)
(0.235 0.005 0.44)
(0.24 0.005 0.44)
(0.245 0.005 0.44)
(0.25 0.005 0.44)
(0.255 0.005 0.44)
(0.26 0.005 0.44)
(0.265 0.005 0.44)
(0.27 0.005 0.44)
(0.275 0.005 0.44)
(0.28 0.005 0.44)
(0.285 0.005 0.44)
(0.29 0.005 0.44)
(0.295 0.005 0.44)
(0.3 0.005 0.44)
(0 0.01 0.44)
(0.005 0.01 0.44)
(0.01 0.01 0.44)
(0.015 0.01 0.44)
(0.02 0.01 0.44)
(0.025 0.01 0.44)
(0.03 0.01 0.44)
(0.035 0.01 0.44)
(0.04 0.01 0.44)
(0.045 0.01 0.44)
(0.05 0.01 0.44)
(0.055 0.01 0.44)
(0.06 0.01 0.44)
(0.065 0.01 0.44)
(0.07 0.01 0.44)
(0.075 0.01 0.44)
(0.08 0.01 0.44)
(0.085 0.01 0.44)
(0.09 0.01 0.44)
(0.095 0.01 0.44)
(0.1 0.01 0.44)
(0.105 0.01 0.44)
(0.11 0.01 0.44)
(0.115 0.01 0.44)
(0.12 0.01 0.44)
(0.125 0.01 0.44)
(0.13 0.01 0.44)
(0.135 0.01 0.44)
(0.14 0.01 0.44)
(0.145 0.01 0.44)
(0.15 0.01 0.44)
(0.155 0.01 0.44)
(0.16 0.01 0.44)
(0.165 0.01 0.44)
(0.17 0.01 0.44)
(0.175 0.01 0.44)
(0.18 0.01 0.44)
(0.185 0.01 0.44)
(0.19 0.01 0.44)
(0.195 0.01 0.44)
(0.2 0.01 0.44)
(0.205 0.01 0.44)
(0.21 0.01 0.44)
(0.215 0.01 0.44)
(0.22 0.01 0.44)
(0.225 0.01 0.44)
(0.23 0.01 0.44)
(0.235 0.01 0.44)
(0.24 0.01 0.44)
(0.245 0.01 0.44)
(0.25 0.01 0.44)
(0.255 0.01 0.44)
(0.26 0.01 0.44)
(0.265 0.01 0.44)
(0.27 0.01 0.44)
(0.275 0.01 0.44)
(0.28 0.01 0.44)
(0.285 0.01 0.44)
(0.29 0.01 0.44)
(0.295 0.01 0.44)
(0.3 0.01 0.44)
(0 0 0.445)
(0.005 0 0.445)
(0.01 0 0.445)
(0.015 0 0.445)
(0.02 0 0.445)
(0.025 0 0.445)
(0.03 0 0.445)
(0.035 0 0.445)
(0.04 0 0.445)
(0.045 0 0.445)
(0.05 0 0.445)
(0.055 0 0.445)
(0.06 0 0.445)
(0.065 0 0.445)
(0.07 0 0.445)
(0.075 0 0.445)
(0.08 0 0.445)
(0.085 0 0.445)
(0.09 0 0.445)
(0.095 0 0.445)
(0.1 0 0.445)
(0.105 0 0.445)
(0.11 0 0.445)
(0.115 0 0.445)
(0.12 0 0.445)
(0.125 0 0.445)
(0.13 0 0.445)
(0.135 0 0.445)
(0.14 0 0.445)
(0.145 0 0.445)
(0.15 0 0.445)
(0.155 0 0.445)
(0.16 0 0.445)
(0.165 0 0.445)
(0.17 0 0.445)
(0.175 0 0.445)
(0.18 0 0.445)
(0.185 0 0.445)
(0.19 0 0.445)
(0.195 0 0.445)
(0.2 0 0.445)
(0.205 0 0.445)
(0.21 0 0.445)
(0.215 0 0.445)
(0.22 0 0.445)
(0.225 0 0.445)
(0.23 0 0.445)
(0.235 0 0.445)
(0.24 0 0.445)
(0.245 0 0.445)
(0.25 0 0.445)
(0.255 0 0.445)
(0.26 0 0.445)
(0.265 0 0.445)
(0.27 0 0.445)
(0.275 0 0.445)
(0.28 0 0.445)
(0.285 0 0.445)
(0.29 0 0.445)
(0.295 0 0.445)
(0.3 0 0.445)
(0 0.005 0.445)
(0.005 0.005 0.445)
(0.01 0.005 0.445)
(0.015 0.005 0.445)
(0.02 0.005 0.445)
(0.025 0.005 0.445)
(0.03 0.005 0.445)
(0.035 0.005 0.445)
(0.04 0.005 0.445)
(0.045 0.005 0.445)
(0.05 0.005 0.445)
(0.055 0.005 0.445)
(0.06 0.005 0.445)
(0.065 0.005 0.445)
(0.07 0.005 0.445)
(0.075 0.005 0.445)
(0.08 0.005 0.445)
(0.085 0.005 0.445)
(0.09 0.005 0.445)
(0.095 0.005 0.445)
(0.1 0.005 0.445)
(0.105 0.005 0.445)
(0.11 0.005 0.445)
(0.115 0.005 0.445)
(0.12 0.005 0.445)
(0.125 0.005 0.445)
(0.13 0.005 0.445)
(0.135 0.005 0.445)
(0.14 0.005 0.445)
(0.145 0.005 0.445)
(0.15 0.005 0.445)
(0.155 0.005 0.445)
(0.16 0.005 0.445)
(0.165 0.005 0.445)
(0.17 0.005 0.445)
(0.175 0.005 0.445)
(0.18 0.005 0.445)
(0.185 0.005 0.445)
(0.19 0.005 0.445)
(0.195 0.005 0.445)
(0.2 0.005 0.445)
(0.205 0.005 0.445)
(0.21 0.005 0.445)
(0.215 0.005 0.445)
(0.22 0.005 0.445)
(0.225 0.005 0.445)
(0.23 0.005 0.445)
(0.235 0.005 0.445)
(0.24 0.005 0.445)
(0.245 0.005 0.445)
(0.25 0.005 0.445)
(0.255 0.005 0.445)
(0.26 0.005 0.445)
(0.265 0.005 0.445)
(0.27 0.005 0.445)
(0.275 0.005 0.445)
(0.28 0.005 0.445)
(0.285 0.005 0.445)
(0.29 0.005 0.445)
(0.295 0.005 0.445)
(0.3 0.005 0.445)
(0 0.01 0.445)
(0.005 0.01 0.445)
(0.01 0.01 0.445)
(0.015 0.01 0.445)
(0.02 0.01 0.445)
(0.025 0.01 0.445)
(0.03 0.01 0.445)
(0.035 0.01 0.445)
(0.04 0.01 0.445)
(0.045 0.01 0.445)
(0.05 0.01 0.445)
(0.055 0.01 0.445)
(0.06 0.01 0.445)
(0.065 0.01 0.445)
(0.07 0.01 0.445)
(0.075 0.01 0.445)
(0.08 0.01 0.445)
(0.085 0.01 0.445)
(0.09 0.01 0.445)
(0.095 0.01 0.445)
(0.1 0.01 0.445)
(0.105 0.01 0.445)
(0.11 0.01 0.445)
(0.115 0.01 0.445)
(0.12 0.01 0.445)
(0.125 0.01 0.445)
(0.13 0.01 0.445)
(0.135 0.01 0.445)
(0.14 0.01 0.445)
(0.145 0.01 0.445)
(0.15 0.01 0.445)
(0.155 0.01 0.445)
(0.16 0.01 0.445)
(0.165 0.01 0.445)
(0.17 0.01 0.445)
(0.175 0.01 0.445)
(0.18 0.01 0.445)
(0.185 0.01 0.445)
(0.19 0.01 0.445)
(0.195 0.01 0.445)
(0.2 0.01 0.445)
(0.205 0.01 0.445)
(0.21 0.01 0.445)
(0.215 0.01 0.445)
(0.22 0.01 0.445)
(0.225 0.01 0.445)
(0.23 0.01 0.445)
(0.235 0.01 0.445)
(0.24 0.01 0.445)
(0.245 0.01 0.445)
(0.25 0.01 0.445)
(0.255 0.01 0.445)
(0.26 0.01 0.445)
(0.265 0.01 0.445)
(0.27 0.01 0.445)
(0.275 0.01 0.445)
(0.28 0.01 0.445)
(0.285 0.01 0.445)
(0.29 0.01 0.445)
(0.295 0.01 0.445)
(0.3 0.01 0.445)
(0 0 0.45)
(0.005 0 0.45)
(0.01 0 0.45)
(0.015 0 0.45)
(0.02 0 0.45)
(0.025 0 0.45)
(0.03 0 0.45)
(0.035 0 0.45)
(0.04 0 0.45)
(0.045 0 0.45)
(0.05 0 0.45)
(0.055 0 0.45)
(0.06 0 0.45)
(0.065 0 0.45)
(0.07 0 0.45)
(0.075 0 0.45)
(0.08 0 0.45)
(0.085 0 0.45)
(0.09 0 0.45)
(0.095 0 0.45)
(0.1 0 0.45)
(0.105 0 0.45)
(0.11 0 0.45)
(0.115 0 0.45)
(0.12 0 0.45)
(0.125 0 0.45)
(0.13 0 0.45)
(0.135 0 0.45)
(0.14 0 0.45)
(0.145 0 0.45)
(0.15 0 0.45)
(0.155 0 0.45)
(0.16 0 0.45)
(0.165 0 0.45)
(0.17 0 0.45)
(0.175 0 0.45)
(0.18 0 0.45)
(0.185 0 0.45)
(0.19 0 0.45)
(0.195 0 0.45)
(0.2 0 0.45)
(0.205 0 0.45)
(0.21 0 0.45)
(0.215 0 0.45)
(0.22 0 0.45)
(0.225 0 0.45)
(0.23 0 0.45)
(0.235 0 0.45)
(0.24 0 0.45)
(0.245 0 0.45)
(0.25 0 0.45)
(0.255 0 0.45)
(0.26 0 0.45)
(0.265 0 0.45)
(0.27 0 0.45)
(0.275 0 0.45)
(0.28 0 0.45)
(0.285 0 0.45)
(0.29 0 0.45)
(0.295 0 0.45)
(0.3 0 0.45)
(0 0.005 0.45)
(0.005 0.005 0.45)
(0.01 0.005 0.45)
(0.015 0.005 0.45)
(0.02 0.005 0.45)
(0.025 0.005 0.45)
(0.03 0.005 0.45)
(0.035 0.005 0.45)
(0.04 0.005 0.45)
(0.045 0.005 0.45)
(0.05 0.005 0.45)
(0.055 0.005 0.45)
(0.06 0.005 0.45)
(0.065 0.005 0.45)
(0.07 0.005 0.45)
(0.075 0.005 0.45)
(0.08 0.005 0.45)
(0.085 0.005 0.45)
(0.09 0.005 0.45)
(0.095 0.005 0.45)
(0.1 0.005 0.45)
(0.105 0.005 0.45)
(0.11 0.005 0.45)
(0.115 0.005 0.45)
(0.12 0.005 0.45)
(0.125 0.005 0.45)
(0.13 0.005 0.45)
(0.135 0.005 0.45)
(0.14 0.005 0.45)
(0.145 0.005 0.45)
(0.15 0.005 0.45)
(0.155 0.005 0.45)
(0.16 0.005 0.45)
(0.165 0.005 0.45)
(0.17 0.005 0.45)
(0.175 0.005 0.45)
(0.18 0.005 0.45)
(0.185 0.005 0.45)
(0.19 0.005 0.45)
(0.195 0.005 0.45)
(0.2 0.005 0.45)
(0.205 0.005 0.45)
(0.21 0.005 0.45)
(0.215 0.005 0.45)
(0.22 0.005 0.45)
(0.225 0.005 0.45)
(0.23 0.005 0.45)
(0.235 0.005 0.45)
(0.24 0.005 0.45)
(0.245 0.005 0.45)
(0.25 0.005 0.45)
(0.255 0.005 0.45)
(0.26 0.005 0.45)
(0.265 0.005 0.45)
(0.27 0.005 0.45)
(0.275 0.005 0.45)
(0.28 0.005 0.45)
(0.285 0.005 0.45)
(0.29 0.005 0.45)
(0.295 0.005 0.45)
(0.3 0.005 0.45)
(0 0.01 0.45)
(0.005 0.01 0.45)
(0.01 0.01 0.45)
(0.015 0.01 0.45)
(0.02 0.01 0.45)
(0.025 0.01 0.45)
(0.03 0.01 0.45)
(0.035 0.01 0.45)
(0.04 0.01 0.45)
(0.045 0.01 0.45)
(0.05 0.01 0.45)
(0.055 0.01 0.45)
(0.06 0.01 0.45)
(0.065 0.01 0.45)
(0.07 0.01 0.45)
(0.075 0.01 0.45)
(0.08 0.01 0.45)
(0.085 0.01 0.45)
(0.09 0.01 0.45)
(0.095 0.01 0.45)
(0.1 0.01 0.45)
(0.105 0.01 0.45)
(0.11 0.01 0.45)
(0.115 0.01 0.45)
(0.12 0.01 0.45)
(0.125 0.01 0.45)
(0.13 0.01 0.45)
(0.135 0.01 0.45)
(0.14 0.01 0.45)
(0.145 0.01 0.45)
(0.15 0.01 0.45)
(0.155 0.01 0.45)
(0.16 0.01 0.45)
(0.165 0.01 0.45)
(0.17 0.01 0.45)
(0.175 0.01 0.45)
(0.18 0.01 0.45)
(0.185 0.01 0.45)
(0.19 0.01 0.45)
(0.195 0.01 0.45)
(0.2 0.01 0.45)
(0.205 0.01 0.45)
(0.21 0.01 0.45)
(0.215 0.01 0.45)
(0.22 0.01 0.45)
(0.225 0.01 0.45)
(0.23 0.01 0.45)
(0.235 0.01 0.45)
(0.24 0.01 0.45)
(0.245 0.01 0.45)
(0.25 0.01 0.45)
(0.255 0.01 0.45)
(0.26 0.01 0.45)
(0.265 0.01 0.45)
(0.27 0.01 0.45)
(0.275 0.01 0.45)
(0.28 0.01 0.45)
(0.285 0.01 0.45)
(0.29 0.01 0.45)
(0.295 0.01 0.45)
(0.3 0.01 0.45)
(0 0 0.455)
(0.005 0 0.455)
(0.01 0 0.455)
(0.015 0 0.455)
(0.02 0 0.455)
(0.025 0 0.455)
(0.03 0 0.455)
(0.035 0 0.455)
(0.04 0 0.455)
(0.045 0 0.455)
(0.05 0 0.455)
(0.055 0 0.455)
(0.06 0 0.455)
(0.065 0 0.455)
(0.07 0 0.455)
(0.075 0 0.455)
(0.08 0 0.455)
(0.085 0 0.455)
(0.09 0 0.455)
(0.095 0 0.455)
(0.1 0 0.455)
(0.105 0 0.455)
(0.11 0 0.455)
(0.115 0 0.455)
(0.12 0 0.455)
(0.125 0 0.455)
(0.13 0 0.455)
(0.135 0 0.455)
(0.14 0 0.455)
(0.145 0 0.455)
(0.15 0 0.455)
(0.155 0 0.455)
(0.16 0 0.455)
(0.165 0 0.455)
(0.17 0 0.455)
(0.175 0 0.455)
(0.18 0 0.455)
(0.185 0 0.455)
(0.19 0 0.455)
(0.195 0 0.455)
(0.2 0 0.455)
(0.205 0 0.455)
(0.21 0 0.455)
(0.215 0 0.455)
(0.22 0 0.455)
(0.225 0 0.455)
(0.23 0 0.455)
(0.235 0 0.455)
(0.24 0 0.455)
(0.245 0 0.455)
(0.25 0 0.455)
(0.255 0 0.455)
(0.26 0 0.455)
(0.265 0 0.455)
(0.27 0 0.455)
(0.275 0 0.455)
(0.28 0 0.455)
(0.285 0 0.455)
(0.29 0 0.455)
(0.295 0 0.455)
(0.3 0 0.455)
(0 0.005 0.455)
(0.005 0.005 0.455)
(0.01 0.005 0.455)
(0.015 0.005 0.455)
(0.02 0.005 0.455)
(0.025 0.005 0.455)
(0.03 0.005 0.455)
(0.035 0.005 0.455)
(0.04 0.005 0.455)
(0.045 0.005 0.455)
(0.05 0.005 0.455)
(0.055 0.005 0.455)
(0.06 0.005 0.455)
(0.065 0.005 0.455)
(0.07 0.005 0.455)
(0.075 0.005 0.455)
(0.08 0.005 0.455)
(0.085 0.005 0.455)
(0.09 0.005 0.455)
(0.095 0.005 0.455)
(0.1 0.005 0.455)
(0.105 0.005 0.455)
(0.11 0.005 0.455)
(0.115 0.005 0.455)
(0.12 0.005 0.455)
(0.125 0.005 0.455)
(0.13 0.005 0.455)
(0.135 0.005 0.455)
(0.14 0.005 0.455)
(0.145 0.005 0.455)
(0.15 0.005 0.455)
(0.155 0.005 0.455)
(0.16 0.005 0.455)
(0.165 0.005 0.455)
(0.17 0.005 0.455)
(0.175 0.005 0.455)
(0.18 0.005 0.455)
(0.185 0.005 0.455)
(0.19 0.005 0.455)
(0.195 0.005 0.455)
(0.2 0.005 0.455)
(0.205 0.005 0.455)
(0.21 0.005 0.455)
(0.215 0.005 0.455)
(0.22 0.005 0.455)
(0.225 0.005 0.455)
(0.23 0.005 0.455)
(0.235 0.005 0.455)
(0.24 0.005 0.455)
(0.245 0.005 0.455)
(0.25 0.005 0.455)
(0.255 0.005 0.455)
(0.26 0.005 0.455)
(0.265 0.005 0.455)
(0.27 0.005 0.455)
(0.275 0.005 0.455)
(0.28 0.005 0.455)
(0.285 0.005 0.455)
(0.29 0.005 0.455)
(0.295 0.005 0.455)
(0.3 0.005 0.455)
(0 0.01 0.455)
(0.005 0.01 0.455)
(0.01 0.01 0.455)
(0.015 0.01 0.455)
(0.02 0.01 0.455)
(0.025 0.01 0.455)
(0.03 0.01 0.455)
(0.035 0.01 0.455)
(0.04 0.01 0.455)
(0.045 0.01 0.455)
(0.05 0.01 0.455)
(0.055 0.01 0.455)
(0.06 0.01 0.455)
(0.065 0.01 0.455)
(0.07 0.01 0.455)
(0.075 0.01 0.455)
(0.08 0.01 0.455)
(0.085 0.01 0.455)
(0.09 0.01 0.455)
(0.095 0.01 0.455)
(0.1 0.01 0.455)
(0.105 0.01 0.455)
(0.11 0.01 0.455)
(0.115 0.01 0.455)
(0.12 0.01 0.455)
(0.125 0.01 0.455)
(0.13 0.01 0.455)
(0.135 0.01 0.455)
(0.14 0.01 0.455)
(0.145 0.01 0.455)
(0.15 0.01 0.455)
(0.155 0.01 0.455)
(0.16 0.01 0.455)
(0.165 0.01 0.455)
(0.17 0.01 0.455)
(0.175 0.01 0.455)
(0.18 0.01 0.455)
(0.185 0.01 0.455)
(0.19 0.01 0.455)
(0.195 0.01 0.455)
(0.2 0.01 0.455)
(0.205 0.01 0.455)
(0.21 0.01 0.455)
(0.215 0.01 0.455)
(0.22 0.01 0.455)
(0.225 0.01 0.455)
(0.23 0.01 0.455)
(0.235 0.01 0.455)
(0.24 0.01 0.455)
(0.245 0.01 0.455)
(0.25 0.01 0.455)
(0.255 0.01 0.455)
(0.26 0.01 0.455)
(0.265 0.01 0.455)
(0.27 0.01 0.455)
(0.275 0.01 0.455)
(0.28 0.01 0.455)
(0.285 0.01 0.455)
(0.29 0.01 0.455)
(0.295 0.01 0.455)
(0.3 0.01 0.455)
(0 0 0.46)
(0.005 0 0.46)
(0.01 0 0.46)
(0.015 0 0.46)
(0.02 0 0.46)
(0.025 0 0.46)
(0.03 0 0.46)
(0.035 0 0.46)
(0.04 0 0.46)
(0.045 0 0.46)
(0.05 0 0.46)
(0.055 0 0.46)
(0.06 0 0.46)
(0.065 0 0.46)
(0.07 0 0.46)
(0.075 0 0.46)
(0.08 0 0.46)
(0.085 0 0.46)
(0.09 0 0.46)
(0.095 0 0.46)
(0.1 0 0.46)
(0.105 0 0.46)
(0.11 0 0.46)
(0.115 0 0.46)
(0.12 0 0.46)
(0.125 0 0.46)
(0.13 0 0.46)
(0.135 0 0.46)
(0.14 0 0.46)
(0.145 0 0.46)
(0.15 0 0.46)
(0.155 0 0.46)
(0.16 0 0.46)
(0.165 0 0.46)
(0.17 0 0.46)
(0.175 0 0.46)
(0.18 0 0.46)
(0.185 0 0.46)
(0.19 0 0.46)
(0.195 0 0.46)
(0.2 0 0.46)
(0.205 0 0.46)
(0.21 0 0.46)
(0.215 0 0.46)
(0.22 0 0.46)
(0.225 0 0.46)
(0.23 0 0.46)
(0.235 0 0.46)
(0.24 0 0.46)
(0.245 0 0.46)
(0.25 0 0.46)
(0.255 0 0.46)
(0.26 0 0.46)
(0.265 0 0.46)
(0.27 0 0.46)
(0.275 0 0.46)
(0.28 0 0.46)
(0.285 0 0.46)
(0.29 0 0.46)
(0.295 0 0.46)
(0.3 0 0.46)
(0 0.005 0.46)
(0.005 0.005 0.46)
(0.01 0.005 0.46)
(0.015 0.005 0.46)
(0.02 0.005 0.46)
(0.025 0.005 0.46)
(0.03 0.005 0.46)
(0.035 0.005 0.46)
(0.04 0.005 0.46)
(0.045 0.005 0.46)
(0.05 0.005 0.46)
(0.055 0.005 0.46)
(0.06 0.005 0.46)
(0.065 0.005 0.46)
(0.07 0.005 0.46)
(0.075 0.005 0.46)
(0.08 0.005 0.46)
(0.085 0.005 0.46)
(0.09 0.005 0.46)
(0.095 0.005 0.46)
(0.1 0.005 0.46)
(0.105 0.005 0.46)
(0.11 0.005 0.46)
(0.115 0.005 0.46)
(0.12 0.005 0.46)
(0.125 0.005 0.46)
(0.13 0.005 0.46)
(0.135 0.005 0.46)
(0.14 0.005 0.46)
(0.145 0.005 0.46)
(0.15 0.005 0.46)
(0.155 0.005 0.46)
(0.16 0.005 0.46)
(0.165 0.005 0.46)
(0.17 0.005 0.46)
(0.175 0.005 0.46)
(0.18 0.005 0.46)
(0.185 0.005 0.46)
(0.19 0.005 0.46)
(0.195 0.005 0.46)
(0.2 0.005 0.46)
(0.205 0.005 0.46)
(0.21 0.005 0.46)
(0.215 0.005 0.46)
(0.22 0.005 0.46)
(0.225 0.005 0.46)
(0.23 0.005 0.46)
(0.235 0.005 0.46)
(0.24 0.005 0.46)
(0.245 0.005 0.46)
(0.25 0.005 0.46)
(0.255 0.005 0.46)
(0.26 0.005 0.46)
(0.265 0.005 0.46)
(0.27 0.005 0.46)
(0.275 0.005 0.46)
(0.28 0.005 0.46)
(0.285 0.005 0.46)
(0.29 0.005 0.46)
(0.295 0.005 0.46)
(0.3 0.005 0.46)
(0 0.01 0.46)
(0.005 0.01 0.46)
(0.01 0.01 0.46)
(0.015 0.01 0.46)
(0.02 0.01 0.46)
(0.025 0.01 0.46)
(0.03 0.01 0.46)
(0.035 0.01 0.46)
(0.04 0.01 0.46)
(0.045 0.01 0.46)
(0.05 0.01 0.46)
(0.055 0.01 0.46)
(0.06 0.01 0.46)
(0.065 0.01 0.46)
(0.07 0.01 0.46)
(0.075 0.01 0.46)
(0.08 0.01 0.46)
(0.085 0.01 0.46)
(0.09 0.01 0.46)
(0.095 0.01 0.46)
(0.1 0.01 0.46)
(0.105 0.01 0.46)
(0.11 0.01 0.46)
(0.115 0.01 0.46)
(0.12 0.01 0.46)
(0.125 0.01 0.46)
(0.13 0.01 0.46)
(0.135 0.01 0.46)
(0.14 0.01 0.46)
(0.145 0.01 0.46)
(0.15 0.01 0.46)
(0.155 0.01 0.46)
(0.16 0.01 0.46)
(0.165 0.01 0.46)
(0.17 0.01 0.46)
(0.175 0.01 0.46)
(0.18 0.01 0.46)
(0.185 0.01 0.46)
(0.19 0.01 0.46)
(0.195 0.01 0.46)
(0.2 0.01 0.46)
(0.205 0.01 0.46)
(0.21 0.01 0.46)
(0.215 0.01 0.46)
(0.22 0.01 0.46)
(0.225 0.01 0.46)
(0.23 0.01 0.46)
(0.235 0.01 0.46)
(0.24 0.01 0.46)
(0.245 0.01 0.46)
(0.25 0.01 0.46)
(0.255 0.01 0.46)
(0.26 0.01 0.46)
(0.265 0.01 0.46)
(0.27 0.01 0.46)
(0.275 0.01 0.46)
(0.28 0.01 0.46)
(0.285 0.01 0.46)
(0.29 0.01 0.46)
(0.295 0.01 0.46)
(0.3 0.01 0.46)
(0 0 0.465)
(0.005 0 0.465)
(0.01 0 0.465)
(0.015 0 0.465)
(0.02 0 0.465)
(0.025 0 0.465)
(0.03 0 0.465)
(0.035 0 0.465)
(0.04 0 0.465)
(0.045 0 0.465)
(0.05 0 0.465)
(0.055 0 0.465)
(0.06 0 0.465)
(0.065 0 0.465)
(0.07 0 0.465)
(0.075 0 0.465)
(0.08 0 0.465)
(0.085 0 0.465)
(0.09 0 0.465)
(0.095 0 0.465)
(0.1 0 0.465)
(0.105 0 0.465)
(0.11 0 0.465)
(0.115 0 0.465)
(0.12 0 0.465)
(0.125 0 0.465)
(0.13 0 0.465)
(0.135 0 0.465)
(0.14 0 0.465)
(0.145 0 0.465)
(0.15 0 0.465)
(0.155 0 0.465)
(0.16 0 0.465)
(0.165 0 0.465)
(0.17 0 0.465)
(0.175 0 0.465)
(0.18 0 0.465)
(0.185 0 0.465)
(0.19 0 0.465)
(0.195 0 0.465)
(0.2 0 0.465)
(0.205 0 0.465)
(0.21 0 0.465)
(0.215 0 0.465)
(0.22 0 0.465)
(0.225 0 0.465)
(0.23 0 0.465)
(0.235 0 0.465)
(0.24 0 0.465)
(0.245 0 0.465)
(0.25 0 0.465)
(0.255 0 0.465)
(0.26 0 0.465)
(0.265 0 0.465)
(0.27 0 0.465)
(0.275 0 0.465)
(0.28 0 0.465)
(0.285 0 0.465)
(0.29 0 0.465)
(0.295 0 0.465)
(0.3 0 0.465)
(0 0.005 0.465)
(0.005 0.005 0.465)
(0.01 0.005 0.465)
(0.015 0.005 0.465)
(0.02 0.005 0.465)
(0.025 0.005 0.465)
(0.03 0.005 0.465)
(0.035 0.005 0.465)
(0.04 0.005 0.465)
(0.045 0.005 0.465)
(0.05 0.005 0.465)
(0.055 0.005 0.465)
(0.06 0.005 0.465)
(0.065 0.005 0.465)
(0.07 0.005 0.465)
(0.075 0.005 0.465)
(0.08 0.005 0.465)
(0.085 0.005 0.465)
(0.09 0.005 0.465)
(0.095 0.005 0.465)
(0.1 0.005 0.465)
(0.105 0.005 0.465)
(0.11 0.005 0.465)
(0.115 0.005 0.465)
(0.12 0.005 0.465)
(0.125 0.005 0.465)
(0.13 0.005 0.465)
(0.135 0.005 0.465)
(0.14 0.005 0.465)
(0.145 0.005 0.465)
(0.15 0.005 0.465)
(0.155 0.005 0.465)
(0.16 0.005 0.465)
(0.165 0.005 0.465)
(0.17 0.005 0.465)
(0.175 0.005 0.465)
(0.18 0.005 0.465)
(0.185 0.005 0.465)
(0.19 0.005 0.465)
(0.195 0.005 0.465)
(0.2 0.005 0.465)
(0.205 0.005 0.465)
(0.21 0.005 0.465)
(0.215 0.005 0.465)
(0.22 0.005 0.465)
(0.225 0.005 0.465)
(0.23 0.005 0.465)
(0.235 0.005 0.465)
(0.24 0.005 0.465)
(0.245 0.005 0.465)
(0.25 0.005 0.465)
(0.255 0.005 0.465)
(0.26 0.005 0.465)
(0.265 0.005 0.465)
(0.27 0.005 0.465)
(0.275 0.005 0.465)
(0.28 0.005 0.465)
(0.285 0.005 0.465)
(0.29 0.005 0.465)
(0.295 0.005 0.465)
(0.3 0.005 0.465)
(0 0.01 0.465)
(0.005 0.01 0.465)
(0.01 0.01 0.465)
(0.015 0.01 0.465)
(0.02 0.01 0.465)
(0.025 0.01 0.465)
(0.03 0.01 0.465)
(0.035 0.01 0.465)
(0.04 0.01 0.465)
(0.045 0.01 0.465)
(0.05 0.01 0.465)
(0.055 0.01 0.465)
(0.06 0.01 0.465)
(0.065 0.01 0.465)
(0.07 0.01 0.465)
(0.075 0.01 0.465)
(0.08 0.01 0.465)
(0.085 0.01 0.465)
(0.09 0.01 0.465)
(0.095 0.01 0.465)
(0.1 0.01 0.465)
(0.105 0.01 0.465)
(0.11 0.01 0.465)
(0.115 0.01 0.465)
(0.12 0.01 0.465)
(0.125 0.01 0.465)
(0.13 0.01 0.465)
(0.135 0.01 0.465)
(0.14 0.01 0.465)
(0.145 0.01 0.465)
(0.15 0.01 0.465)
(0.155 0.01 0.465)
(0.16 0.01 0.465)
(0.165 0.01 0.465)
(0.17 0.01 0.465)
(0.175 0.01 0.465)
(0.18 0.01 0.465)
(0.185 0.01 0.465)
(0.19 0.01 0.465)
(0.195 0.01 0.465)
(0.2 0.01 0.465)
(0.205 0.01 0.465)
(0.21 0.01 0.465)
(0.215 0.01 0.465)
(0.22 0.01 0.465)
(0.225 0.01 0.465)
(0.23 0.01 0.465)
(0.235 0.01 0.465)
(0.24 0.01 0.465)
(0.245 0.01 0.465)
(0.25 0.01 0.465)
(0.255 0.01 0.465)
(0.26 0.01 0.465)
(0.265 0.01 0.465)
(0.27 0.01 0.465)
(0.275 0.01 0.465)
(0.28 0.01 0.465)
(0.285 0.01 0.465)
(0.29 0.01 0.465)
(0.295 0.01 0.465)
(0.3 0.01 0.465)
(0 0 0.47)
(0.005 0 0.47)
(0.01 0 0.47)
(0.015 0 0.47)
(0.02 0 0.47)
(0.025 0 0.47)
(0.03 0 0.47)
(0.035 0 0.47)
(0.04 0 0.47)
(0.045 0 0.47)
(0.05 0 0.47)
(0.055 0 0.47)
(0.06 0 0.47)
(0.065 0 0.47)
(0.07 0 0.47)
(0.075 0 0.47)
(0.08 0 0.47)
(0.085 0 0.47)
(0.09 0 0.47)
(0.095 0 0.47)
(0.1 0 0.47)
(0.105 0 0.47)
(0.11 0 0.47)
(0.115 0 0.47)
(0.12 0 0.47)
(0.125 0 0.47)
(0.13 0 0.47)
(0.135 0 0.47)
(0.14 0 0.47)
(0.145 0 0.47)
(0.15 0 0.47)
(0.155 0 0.47)
(0.16 0 0.47)
(0.165 0 0.47)
(0.17 0 0.47)
(0.175 0 0.47)
(0.18 0 0.47)
(0.185 0 0.47)
(0.19 0 0.47)
(0.195 0 0.47)
(0.2 0 0.47)
(0.205 0 0.47)
(0.21 0 0.47)
(0.215 0 0.47)
(0.22 0 0.47)
(0.225 0 0.47)
(0.23 0 0.47)
(0.235 0 0.47)
(0.24 0 0.47)
(0.245 0 0.47)
(0.25 0 0.47)
(0.255 0 0.47)
(0.26 0 0.47)
(0.265 0 0.47)
(0.27 0 0.47)
(0.275 0 0.47)
(0.28 0 0.47)
(0.285 0 0.47)
(0.29 0 0.47)
(0.295 0 0.47)
(0.3 0 0.47)
(0 0.005 0.47)
(0.005 0.005 0.47)
(0.01 0.005 0.47)
(0.015 0.005 0.47)
(0.02 0.005 0.47)
(0.025 0.005 0.47)
(0.03 0.005 0.47)
(0.035 0.005 0.47)
(0.04 0.005 0.47)
(0.045 0.005 0.47)
(0.05 0.005 0.47)
(0.055 0.005 0.47)
(0.06 0.005 0.47)
(0.065 0.005 0.47)
(0.07 0.005 0.47)
(0.075 0.005 0.47)
(0.08 0.005 0.47)
(0.085 0.005 0.47)
(0.09 0.005 0.47)
(0.095 0.005 0.47)
(0.1 0.005 0.47)
(0.105 0.005 0.47)
(0.11 0.005 0.47)
(0.115 0.005 0.47)
(0.12 0.005 0.47)
(0.125 0.005 0.47)
(0.13 0.005 0.47)
(0.135 0.005 0.47)
(0.14 0.005 0.47)
(0.145 0.005 0.47)
(0.15 0.005 0.47)
(0.155 0.005 0.47)
(0.16 0.005 0.47)
(0.165 0.005 0.47)
(0.17 0.005 0.47)
(0.175 0.005 0.47)
(0.18 0.005 0.47)
(0.185 0.005 0.47)
(0.19 0.005 0.47)
(0.195 0.005 0.47)
(0.2 0.005 0.47)
(0.205 0.005 0.47)
(0.21 0.005 0.47)
(0.215 0.005 0.47)
(0.22 0.005 0.47)
(0.225 0.005 0.47)
(0.23 0.005 0.47)
(0.235 0.005 0.47)
(0.24 0.005 0.47)
(0.245 0.005 0.47)
(0.25 0.005 0.47)
(0.255 0.005 0.47)
(0.26 0.005 0.47)
(0.265 0.005 0.47)
(0.27 0.005 0.47)
(0.275 0.005 0.47)
(0.28 0.005 0.47)
(0.285 0.005 0.47)
(0.29 0.005 0.47)
(0.295 0.005 0.47)
(0.3 0.005 0.47)
(0 0.01 0.47)
(0.005 0.01 0.47)
(0.01 0.01 0.47)
(0.015 0.01 0.47)
(0.02 0.01 0.47)
(0.025 0.01 0.47)
(0.03 0.01 0.47)
(0.035 0.01 0.47)
(0.04 0.01 0.47)
(0.045 0.01 0.47)
(0.05 0.01 0.47)
(0.055 0.01 0.47)
(0.06 0.01 0.47)
(0.065 0.01 0.47)
(0.07 0.01 0.47)
(0.075 0.01 0.47)
(0.08 0.01 0.47)
(0.085 0.01 0.47)
(0.09 0.01 0.47)
(0.095 0.01 0.47)
(0.1 0.01 0.47)
(0.105 0.01 0.47)
(0.11 0.01 0.47)
(0.115 0.01 0.47)
(0.12 0.01 0.47)
(0.125 0.01 0.47)
(0.13 0.01 0.47)
(0.135 0.01 0.47)
(0.14 0.01 0.47)
(0.145 0.01 0.47)
(0.15 0.01 0.47)
(0.155 0.01 0.47)
(0.16 0.01 0.47)
(0.165 0.01 0.47)
(0.17 0.01 0.47)
(0.175 0.01 0.47)
(0.18 0.01 0.47)
(0.185 0.01 0.47)
(0.19 0.01 0.47)
(0.195 0.01 0.47)
(0.2 0.01 0.47)
(0.205 0.01 0.47)
(0.21 0.01 0.47)
(0.215 0.01 0.47)
(0.22 0.01 0.47)
(0.225 0.01 0.47)
(0.23 0.01 0.47)
(0.235 0.01 0.47)
(0.24 0.01 0.47)
(0.245 0.01 0.47)
(0.25 0.01 0.47)
(0.255 0.01 0.47)
(0.26 0.01 0.47)
(0.265 0.01 0.47)
(0.27 0.01 0.47)
(0.275 0.01 0.47)
(0.28 0.01 0.47)
(0.285 0.01 0.47)
(0.29 0.01 0.47)
(0.295 0.01 0.47)
(0.3 0.01 0.47)
(0 0 0.475)
(0.005 0 0.475)
(0.01 0 0.475)
(0.015 0 0.475)
(0.02 0 0.475)
(0.025 0 0.475)
(0.03 0 0.475)
(0.035 0 0.475)
(0.04 0 0.475)
(0.045 0 0.475)
(0.05 0 0.475)
(0.055 0 0.475)
(0.06 0 0.475)
(0.065 0 0.475)
(0.07 0 0.475)
(0.075 0 0.475)
(0.08 0 0.475)
(0.085 0 0.475)
(0.09 0 0.475)
(0.095 0 0.475)
(0.1 0 0.475)
(0.105 0 0.475)
(0.11 0 0.475)
(0.115 0 0.475)
(0.12 0 0.475)
(0.125 0 0.475)
(0.13 0 0.475)
(0.135 0 0.475)
(0.14 0 0.475)
(0.145 0 0.475)
(0.15 0 0.475)
(0.155 0 0.475)
(0.16 0 0.475)
(0.165 0 0.475)
(0.17 0 0.475)
(0.175 0 0.475)
(0.18 0 0.475)
(0.185 0 0.475)
(0.19 0 0.475)
(0.195 0 0.475)
(0.2 0 0.475)
(0.205 0 0.475)
(0.21 0 0.475)
(0.215 0 0.475)
(0.22 0 0.475)
(0.225 0 0.475)
(0.23 0 0.475)
(0.235 0 0.475)
(0.24 0 0.475)
(0.245 0 0.475)
(0.25 0 0.475)
(0.255 0 0.475)
(0.26 0 0.475)
(0.265 0 0.475)
(0.27 0 0.475)
(0.275 0 0.475)
(0.28 0 0.475)
(0.285 0 0.475)
(0.29 0 0.475)
(0.295 0 0.475)
(0.3 0 0.475)
(0 0.005 0.475)
(0.005 0.005 0.475)
(0.01 0.005 0.475)
(0.015 0.005 0.475)
(0.02 0.005 0.475)
(0.025 0.005 0.475)
(0.03 0.005 0.475)
(0.035 0.005 0.475)
(0.04 0.005 0.475)
(0.045 0.005 0.475)
(0.05 0.005 0.475)
(0.055 0.005 0.475)
(0.06 0.005 0.475)
(0.065 0.005 0.475)
(0.07 0.005 0.475)
(0.075 0.005 0.475)
(0.08 0.005 0.475)
(0.085 0.005 0.475)
(0.09 0.005 0.475)
(0.095 0.005 0.475)
(0.1 0.005 0.475)
(0.105 0.005 0.475)
(0.11 0.005 0.475)
(0.115 0.005 0.475)
(0.12 0.005 0.475)
(0.125 0.005 0.475)
(0.13 0.005 0.475)
(0.135 0.005 0.475)
(0.14 0.005 0.475)
(0.145 0.005 0.475)
(0.15 0.005 0.475)
(0.155 0.005 0.475)
(0.16 0.005 0.475)
(0.165 0.005 0.475)
(0.17 0.005 0.475)
(0.175 0.005 0.475)
(0.18 0.005 0.475)
(0.185 0.005 0.475)
(0.19 0.005 0.475)
(0.195 0.005 0.475)
(0.2 0.005 0.475)
(0.205 0.005 0.475)
(0.21 0.005 0.475)
(0.215 0.005 0.475)
(0.22 0.005 0.475)
(0.225 0.005 0.475)
(0.23 0.005 0.475)
(0.235 0.005 0.475)
(0.24 0.005 0.475)
(0.245 0.005 0.475)
(0.25 0.005 0.475)
(0.255 0.005 0.475)
(0.26 0.005 0.475)
(0.265 0.005 0.475)
(0.27 0.005 0.475)
(0.275 0.005 0.475)
(0.28 0.005 0.475)
(0.285 0.005 0.475)
(0.29 0.005 0.475)
(0.295 0.005 0.475)
(0.3 0.005 0.475)
(0 0.01 0.475)
(0.005 0.01 0.475)
(0.01 0.01 0.475)
(0.015 0.01 0.475)
(0.02 0.01 0.475)
(0.025 0.01 0.475)
(0.03 0.01 0.475)
(0.035 0.01 0.475)
(0.04 0.01 0.475)
(0.045 0.01 0.475)
(0.05 0.01 0.475)
(0.055 0.01 0.475)
(0.06 0.01 0.475)
(0.065 0.01 0.475)
(0.07 0.01 0.475)
(0.075 0.01 0.475)
(0.08 0.01 0.475)
(0.085 0.01 0.475)
(0.09 0.01 0.475)
(0.095 0.01 0.475)
(0.1 0.01 0.475)
(0.105 0.01 0.475)
(0.11 0.01 0.475)
(0.115 0.01 0.475)
(0.12 0.01 0.475)
(0.125 0.01 0.475)
(0.13 0.01 0.475)
(0.135 0.01 0.475)
(0.14 0.01 0.475)
(0.145 0.01 0.475)
(0.15 0.01 0.475)
(0.155 0.01 0.475)
(0.16 0.01 0.475)
(0.165 0.01 0.475)
(0.17 0.01 0.475)
(0.175 0.01 0.475)
(0.18 0.01 0.475)
(0.185 0.01 0.475)
(0.19 0.01 0.475)
(0.195 0.01 0.475)
(0.2 0.01 0.475)
(0.205 0.01 0.475)
(0.21 0.01 0.475)
(0.215 0.01 0.475)
(0.22 0.01 0.475)
(0.225 0.01 0.475)
(0.23 0.01 0.475)
(0.235 0.01 0.475)
(0.24 0.01 0.475)
(0.245 0.01 0.475)
(0.25 0.01 0.475)
(0.255 0.01 0.475)
(0.26 0.01 0.475)
(0.265 0.01 0.475)
(0.27 0.01 0.475)
(0.275 0.01 0.475)
(0.28 0.01 0.475)
(0.285 0.01 0.475)
(0.29 0.01 0.475)
(0.295 0.01 0.475)
(0.3 0.01 0.475)
(0 0 0.48)
(0.005 0 0.48)
(0.01 0 0.48)
(0.015 0 0.48)
(0.02 0 0.48)
(0.025 0 0.48)
(0.03 0 0.48)
(0.035 0 0.48)
(0.04 0 0.48)
(0.045 0 0.48)
(0.05 0 0.48)
(0.055 0 0.48)
(0.06 0 0.48)
(0.065 0 0.48)
(0.07 0 0.48)
(0.075 0 0.48)
(0.08 0 0.48)
(0.085 0 0.48)
(0.09 0 0.48)
(0.095 0 0.48)
(0.1 0 0.48)
(0.105 0 0.48)
(0.11 0 0.48)
(0.115 0 0.48)
(0.12 0 0.48)
(0.125 0 0.48)
(0.13 0 0.48)
(0.135 0 0.48)
(0.14 0 0.48)
(0.145 0 0.48)
(0.15 0 0.48)
(0.155 0 0.48)
(0.16 0 0.48)
(0.165 0 0.48)
(0.17 0 0.48)
(0.175 0 0.48)
(0.18 0 0.48)
(0.185 0 0.48)
(0.19 0 0.48)
(0.195 0 0.48)
(0.2 0 0.48)
(0.205 0 0.48)
(0.21 0 0.48)
(0.215 0 0.48)
(0.22 0 0.48)
(0.225 0 0.48)
(0.23 0 0.48)
(0.235 0 0.48)
(0.24 0 0.48)
(0.245 0 0.48)
(0.25 0 0.48)
(0.255 0 0.48)
(0.26 0 0.48)
(0.265 0 0.48)
(0.27 0 0.48)
(0.275 0 0.48)
(0.28 0 0.48)
(0.285 0 0.48)
(0.29 0 0.48)
(0.295 0 0.48)
(0.3 0 0.48)
(0 0.005 0.48)
(0.005 0.005 0.48)
(0.01 0.005 0.48)
(0.015 0.005 0.48)
(0.02 0.005 0.48)
(0.025 0.005 0.48)
(0.03 0.005 0.48)
(0.035 0.005 0.48)
(0.04 0.005 0.48)
(0.045 0.005 0.48)
(0.05 0.005 0.48)
(0.055 0.005 0.48)
(0.06 0.005 0.48)
(0.065 0.005 0.48)
(0.07 0.005 0.48)
(0.075 0.005 0.48)
(0.08 0.005 0.48)
(0.085 0.005 0.48)
(0.09 0.005 0.48)
(0.095 0.005 0.48)
(0.1 0.005 0.48)
(0.105 0.005 0.48)
(0.11 0.005 0.48)
(0.115 0.005 0.48)
(0.12 0.005 0.48)
(0.125 0.005 0.48)
(0.13 0.005 0.48)
(0.135 0.005 0.48)
(0.14 0.005 0.48)
(0.145 0.005 0.48)
(0.15 0.005 0.48)
(0.155 0.005 0.48)
(0.16 0.005 0.48)
(0.165 0.005 0.48)
(0.17 0.005 0.48)
(0.175 0.005 0.48)
(0.18 0.005 0.48)
(0.185 0.005 0.48)
(0.19 0.005 0.48)
(0.195 0.005 0.48)
(0.2 0.005 0.48)
(0.205 0.005 0.48)
(0.21 0.005 0.48)
(0.215 0.005 0.48)
(0.22 0.005 0.48)
(0.225 0.005 0.48)
(0.23 0.005 0.48)
(0.235 0.005 0.48)
(0.24 0.005 0.48)
(0.245 0.005 0.48)
(0.25 0.005 0.48)
(0.255 0.005 0.48)
(0.26 0.005 0.48)
(0.265 0.005 0.48)
(0.27 0.005 0.48)
(0.275 0.005 0.48)
(0.28 0.005 0.48)
(0.285 0.005 0.48)
(0.29 0.005 0.48)
(0.295 0.005 0.48)
(0.3 0.005 0.48)
(0 0.01 0.48)
(0.005 0.01 0.48)
(0.01 0.01 0.48)
(0.015 0.01 0.48)
(0.02 0.01 0.48)
(0.025 0.01 0.48)
(0.03 0.01 0.48)
(0.035 0.01 0.48)
(0.04 0.01 0.48)
(0.045 0.01 0.48)
(0.05 0.01 0.48)
(0.055 0.01 0.48)
(0.06 0.01 0.48)
(0.065 0.01 0.48)
(0.07 0.01 0.48)
(0.075 0.01 0.48)
(0.08 0.01 0.48)
(0.085 0.01 0.48)
(0.09 0.01 0.48)
(0.095 0.01 0.48)
(0.1 0.01 0.48)
(0.105 0.01 0.48)
(0.11 0.01 0.48)
(0.115 0.01 0.48)
(0.12 0.01 0.48)
(0.125 0.01 0.48)
(0.13 0.01 0.48)
(0.135 0.01 0.48)
(0.14 0.01 0.48)
(0.145 0.01 0.48)
(0.15 0.01 0.48)
(0.155 0.01 0.48)
(0.16 0.01 0.48)
(0.165 0.01 0.48)
(0.17 0.01 0.48)
(0.175 0.01 0.48)
(0.18 0.01 0.48)
(0.185 0.01 0.48)
(0.19 0.01 0.48)
(0.195 0.01 0.48)
(0.2 0.01 0.48)
(0.205 0.01 0.48)
(0.21 0.01 0.48)
(0.215 0.01 0.48)
(0.22 0.01 0.48)
(0.225 0.01 0.48)
(0.23 0.01 0.48)
(0.235 0.01 0.48)
(0.24 0.01 0.48)
(0.245 0.01 0.48)
(0.25 0.01 0.48)
(0.255 0.01 0.48)
(0.26 0.01 0.48)
(0.265 0.01 0.48)
(0.27 0.01 0.48)
(0.275 0.01 0.48)
(0.28 0.01 0.48)
(0.285 0.01 0.48)
(0.29 0.01 0.48)
(0.295 0.01 0.48)
(0.3 0.01 0.48)
(0 0 0.485)
(0.005 0 0.485)
(0.01 0 0.485)
(0.015 0 0.485)
(0.02 0 0.485)
(0.025 0 0.485)
(0.03 0 0.485)
(0.035 0 0.485)
(0.04 0 0.485)
(0.045 0 0.485)
(0.05 0 0.485)
(0.055 0 0.485)
(0.06 0 0.485)
(0.065 0 0.485)
(0.07 0 0.485)
(0.075 0 0.485)
(0.08 0 0.485)
(0.085 0 0.485)
(0.09 0 0.485)
(0.095 0 0.485)
(0.1 0 0.485)
(0.105 0 0.485)
(0.11 0 0.485)
(0.115 0 0.485)
(0.12 0 0.485)
(0.125 0 0.485)
(0.13 0 0.485)
(0.135 0 0.485)
(0.14 0 0.485)
(0.145 0 0.485)
(0.15 0 0.485)
(0.155 0 0.485)
(0.16 0 0.485)
(0.165 0 0.485)
(0.17 0 0.485)
(0.175 0 0.485)
(0.18 0 0.485)
(0.185 0 0.485)
(0.19 0 0.485)
(0.195 0 0.485)
(0.2 0 0.485)
(0.205 0 0.485)
(0.21 0 0.485)
(0.215 0 0.485)
(0.22 0 0.485)
(0.225 0 0.485)
(0.23 0 0.485)
(0.235 0 0.485)
(0.24 0 0.485)
(0.245 0 0.485)
(0.25 0 0.485)
(0.255 0 0.485)
(0.26 0 0.485)
(0.265 0 0.485)
(0.27 0 0.485)
(0.275 0 0.485)
(0.28 0 0.485)
(0.285 0 0.485)
(0.29 0 0.485)
(0.295 0 0.485)
(0.3 0 0.485)
(0 0.005 0.485)
(0.005 0.005 0.485)
(0.01 0.005 0.485)
(0.015 0.005 0.485)
(0.02 0.005 0.485)
(0.025 0.005 0.485)
(0.03 0.005 0.485)
(0.035 0.005 0.485)
(0.04 0.005 0.485)
(0.045 0.005 0.485)
(0.05 0.005 0.485)
(0.055 0.005 0.485)
(0.06 0.005 0.485)
(0.065 0.005 0.485)
(0.07 0.005 0.485)
(0.075 0.005 0.485)
(0.08 0.005 0.485)
(0.085 0.005 0.485)
(0.09 0.005 0.485)
(0.095 0.005 0.485)
(0.1 0.005 0.485)
(0.105 0.005 0.485)
(0.11 0.005 0.485)
(0.115 0.005 0.485)
(0.12 0.005 0.485)
(0.125 0.005 0.485)
(0.13 0.005 0.485)
(0.135 0.005 0.485)
(0.14 0.005 0.485)
(0.145 0.005 0.485)
(0.15 0.005 0.485)
(0.155 0.005 0.485)
(0.16 0.005 0.485)
(0.165 0.005 0.485)
(0.17 0.005 0.485)
(0.175 0.005 0.485)
(0.18 0.005 0.485)
(0.185 0.005 0.485)
(0.19 0.005 0.485)
(0.195 0.005 0.485)
(0.2 0.005 0.485)
(0.205 0.005 0.485)
(0.21 0.005 0.485)
(0.215 0.005 0.485)
(0.22 0.005 0.485)
(0.225 0.005 0.485)
(0.23 0.005 0.485)
(0.235 0.005 0.485)
(0.24 0.005 0.485)
(0.245 0.005 0.485)
(0.25 0.005 0.485)
(0.255 0.005 0.485)
(0.26 0.005 0.485)
(0.265 0.005 0.485)
(0.27 0.005 0.485)
(0.275 0.005 0.485)
(0.28 0.005 0.485)
(0.285 0.005 0.485)
(0.29 0.005 0.485)
(0.295 0.005 0.485)
(0.3 0.005 0.485)
(0 0.01 0.485)
(0.005 0.01 0.485)
(0.01 0.01 0.485)
(0.015 0.01 0.485)
(0.02 0.01 0.485)
(0.025 0.01 0.485)
(0.03 0.01 0.485)
(0.035 0.01 0.485)
(0.04 0.01 0.485)
(0.045 0.01 0.485)
(0.05 0.01 0.485)
(0.055 0.01 0.485)
(0.06 0.01 0.485)
(0.065 0.01 0.485)
(0.07 0.01 0.485)
(0.075 0.01 0.485)
(0.08 0.01 0.485)
(0.085 0.01 0.485)
(0.09 0.01 0.485)
(0.095 0.01 0.485)
(0.1 0.01 0.485)
(0.105 0.01 0.485)
(0.11 0.01 0.485)
(0.115 0.01 0.485)
(0.12 0.01 0.485)
(0.125 0.01 0.485)
(0.13 0.01 0.485)
(0.135 0.01 0.485)
(0.14 0.01 0.485)
(0.145 0.01 0.485)
(0.15 0.01 0.485)
(0.155 0.01 0.485)
(0.16 0.01 0.485)
(0.165 0.01 0.485)
(0.17 0.01 0.485)
(0.175 0.01 0.485)
(0.18 0.01 0.485)
(0.185 0.01 0.485)
(0.19 0.01 0.485)
(0.195 0.01 0.485)
(0.2 0.01 0.485)
(0.205 0.01 0.485)
(0.21 0.01 0.485)
(0.215 0.01 0.485)
(0.22 0.01 0.485)
(0.225 0.01 0.485)
(0.23 0.01 0.485)
(0.235 0.01 0.485)
(0.24 0.01 0.485)
(0.245 0.01 0.485)
(0.25 0.01 0.485)
(0.255 0.01 0.485)
(0.26 0.01 0.485)
(0.265 0.01 0.485)
(0.27 0.01 0.485)
(0.275 0.01 0.485)
(0.28 0.01 0.485)
(0.285 0.01 0.485)
(0.29 0.01 0.485)
(0.295 0.01 0.485)
(0.3 0.01 0.485)
(0 0 0.49)
(0.005 0 0.49)
(0.01 0 0.49)
(0.015 0 0.49)
(0.02 0 0.49)
(0.025 0 0.49)
(0.03 0 0.49)
(0.035 0 0.49)
(0.04 0 0.49)
(0.045 0 0.49)
(0.05 0 0.49)
(0.055 0 0.49)
(0.06 0 0.49)
(0.065 0 0.49)
(0.07 0 0.49)
(0.075 0 0.49)
(0.08 0 0.49)
(0.085 0 0.49)
(0.09 0 0.49)
(0.095 0 0.49)
(0.1 0 0.49)
(0.105 0 0.49)
(0.11 0 0.49)
(0.115 0 0.49)
(0.12 0 0.49)
(0.125 0 0.49)
(0.13 0 0.49)
(0.135 0 0.49)
(0.14 0 0.49)
(0.145 0 0.49)
(0.15 0 0.49)
(0.155 0 0.49)
(0.16 0 0.49)
(0.165 0 0.49)
(0.17 0 0.49)
(0.175 0 0.49)
(0.18 0 0.49)
(0.185 0 0.49)
(0.19 0 0.49)
(0.195 0 0.49)
(0.2 0 0.49)
(0.205 0 0.49)
(0.21 0 0.49)
(0.215 0 0.49)
(0.22 0 0.49)
(0.225 0 0.49)
(0.23 0 0.49)
(0.235 0 0.49)
(0.24 0 0.49)
(0.245 0 0.49)
(0.25 0 0.49)
(0.255 0 0.49)
(0.26 0 0.49)
(0.265 0 0.49)
(0.27 0 0.49)
(0.275 0 0.49)
(0.28 0 0.49)
(0.285 0 0.49)
(0.29 0 0.49)
(0.295 0 0.49)
(0.3 0 0.49)
(0 0.005 0.49)
(0.005 0.005 0.49)
(0.01 0.005 0.49)
(0.015 0.005 0.49)
(0.02 0.005 0.49)
(0.025 0.005 0.49)
(0.03 0.005 0.49)
(0.035 0.005 0.49)
(0.04 0.005 0.49)
(0.045 0.005 0.49)
(0.05 0.005 0.49)
(0.055 0.005 0.49)
(0.06 0.005 0.49)
(0.065 0.005 0.49)
(0.07 0.005 0.49)
(0.075 0.005 0.49)
(0.08 0.005 0.49)
(0.085 0.005 0.49)
(0.09 0.005 0.49)
(0.095 0.005 0.49)
(0.1 0.005 0.49)
(0.105 0.005 0.49)
(0.11 0.005 0.49)
(0.115 0.005 0.49)
(0.12 0.005 0.49)
(0.125 0.005 0.49)
(0.13 0.005 0.49)
(0.135 0.005 0.49)
(0.14 0.005 0.49)
(0.145 0.005 0.49)
(0.15 0.005 0.49)
(0.155 0.005 0.49)
(0.16 0.005 0.49)
(0.165 0.005 0.49)
(0.17 0.005 0.49)
(0.175 0.005 0.49)
(0.18 0.005 0.49)
(0.185 0.005 0.49)
(0.19 0.005 0.49)
(0.195 0.005 0.49)
(0.2 0.005 0.49)
(0.205 0.005 0.49)
(0.21 0.005 0.49)
(0.215 0.005 0.49)
(0.22 0.005 0.49)
(0.225 0.005 0.49)
(0.23 0.005 0.49)
(0.235 0.005 0.49)
(0.24 0.005 0.49)
(0.245 0.005 0.49)
(0.25 0.005 0.49)
(0.255 0.005 0.49)
(0.26 0.005 0.49)
(0.265 0.005 0.49)
(0.27 0.005 0.49)
(0.275 0.005 0.49)
(0.28 0.005 0.49)
(0.285 0.005 0.49)
(0.29 0.005 0.49)
(0.295 0.005 0.49)
(0.3 0.005 0.49)
(0 0.01 0.49)
(0.005 0.01 0.49)
(0.01 0.01 0.49)
(0.015 0.01 0.49)
(0.02 0.01 0.49)
(0.025 0.01 0.49)
(0.03 0.01 0.49)
(0.035 0.01 0.49)
(0.04 0.01 0.49)
(0.045 0.01 0.49)
(0.05 0.01 0.49)
(0.055 0.01 0.49)
(0.06 0.01 0.49)
(0.065 0.01 0.49)
(0.07 0.01 0.49)
(0.075 0.01 0.49)
(0.08 0.01 0.49)
(0.085 0.01 0.49)
(0.09 0.01 0.49)
(0.095 0.01 0.49)
(0.1 0.01 0.49)
(0.105 0.01 0.49)
(0.11 0.01 0.49)
(0.115 0.01 0.49)
(0.12 0.01 0.49)
(0.125 0.01 0.49)
(0.13 0.01 0.49)
(0.135 0.01 0.49)
(0.14 0.01 0.49)
(0.145 0.01 0.49)
(0.15 0.01 0.49)
(0.155 0.01 0.49)
(0.16 0.01 0.49)
(0.165 0.01 0.49)
(0.17 0.01 0.49)
(0.175 0.01 0.49)
(0.18 0.01 0.49)
(0.185 0.01 0.49)
(0.19 0.01 0.49)
(0.195 0.01 0.49)
(0.2 0.01 0.49)
(0.205 0.01 0.49)
(0.21 0.01 0.49)
(0.215 0.01 0.49)
(0.22 0.01 0.49)
(0.225 0.01 0.49)
(0.23 0.01 0.49)
(0.235 0.01 0.49)
(0.24 0.01 0.49)
(0.245 0.01 0.49)
(0.25 0.01 0.49)
(0.255 0.01 0.49)
(0.26 0.01 0.49)
(0.265 0.01 0.49)
(0.27 0.01 0.49)
(0.275 0.01 0.49)
(0.28 0.01 0.49)
(0.285 0.01 0.49)
(0.29 0.01 0.49)
(0.295 0.01 0.49)
(0.3 0.01 0.49)
(0 0 0.495)
(0.005 0 0.495)
(0.01 0 0.495)
(0.015 0 0.495)
(0.02 0 0.495)
(0.025 0 0.495)
(0.03 0 0.495)
(0.035 0 0.495)
(0.04 0 0.495)
(0.045 0 0.495)
(0.05 0 0.495)
(0.055 0 0.495)
(0.06 0 0.495)
(0.065 0 0.495)
(0.07 0 0.495)
(0.075 0 0.495)
(0.08 0 0.495)
(0.085 0 0.495)
(0.09 0 0.495)
(0.095 0 0.495)
(0.1 0 0.495)
(0.105 0 0.495)
(0.11 0 0.495)
(0.115 0 0.495)
(0.12 0 0.495)
(0.125 0 0.495)
(0.13 0 0.495)
(0.135 0 0.495)
(0.14 0 0.495)
(0.145 0 0.495)
(0.15 0 0.495)
(0.155 0 0.495)
(0.16 0 0.495)
(0.165 0 0.495)
(0.17 0 0.495)
(0.175 0 0.495)
(0.18 0 0.495)
(0.185 0 0.495)
(0.19 0 0.495)
(0.195 0 0.495)
(0.2 0 0.495)
(0.205 0 0.495)
(0.21 0 0.495)
(0.215 0 0.495)
(0.22 0 0.495)
(0.225 0 0.495)
(0.23 0 0.495)
(0.235 0 0.495)
(0.24 0 0.495)
(0.245 0 0.495)
(0.25 0 0.495)
(0.255 0 0.495)
(0.26 0 0.495)
(0.265 0 0.495)
(0.27 0 0.495)
(0.275 0 0.495)
(0.28 0 0.495)
(0.285 0 0.495)
(0.29 0 0.495)
(0.295 0 0.495)
(0.3 0 0.495)
(0 0.005 0.495)
(0.005 0.005 0.495)
(0.01 0.005 0.495)
(0.015 0.005 0.495)
(0.02 0.005 0.495)
(0.025 0.005 0.495)
(0.03 0.005 0.495)
(0.035 0.005 0.495)
(0.04 0.005 0.495)
(0.045 0.005 0.495)
(0.05 0.005 0.495)
(0.055 0.005 0.495)
(0.06 0.005 0.495)
(0.065 0.005 0.495)
(0.07 0.005 0.495)
(0.075 0.005 0.495)
(0.08 0.005 0.495)
(0.085 0.005 0.495)
(0.09 0.005 0.495)
(0.095 0.005 0.495)
(0.1 0.005 0.495)
(0.105 0.005 0.495)
(0.11 0.005 0.495)
(0.115 0.005 0.495)
(0.12 0.005 0.495)
(0.125 0.005 0.495)
(0.13 0.005 0.495)
(0.135 0.005 0.495)
(0.14 0.005 0.495)
(0.145 0.005 0.495)
(0.15 0.005 0.495)
(0.155 0.005 0.495)
(0.16 0.005 0.495)
(0.165 0.005 0.495)
(0.17 0.005 0.495)
(0.175 0.005 0.495)
(0.18 0.005 0.495)
(0.185 0.005 0.495)
(0.19 0.005 0.495)
(0.195 0.005 0.495)
(0.2 0.005 0.495)
(0.205 0.005 0.495)
(0.21 0.005 0.495)
(0.215 0.005 0.495)
(0.22 0.005 0.495)
(0.225 0.005 0.495)
(0.23 0.005 0.495)
(0.235 0.005 0.495)
(0.24 0.005 0.495)
(0.245 0.005 0.495)
(0.25 0.005 0.495)
(0.255 0.005 0.495)
(0.26 0.005 0.495)
(0.265 0.005 0.495)
(0.27 0.005 0.495)
(0.275 0.005 0.495)
(0.28 0.005 0.495)
(0.285 0.005 0.495)
(0.29 0.005 0.495)
(0.295 0.005 0.495)
(0.3 0.005 0.495)
(0 0.01 0.495)
(0.005 0.01 0.495)
(0.01 0.01 0.495)
(0.015 0.01 0.495)
(0.02 0.01 0.495)
(0.025 0.01 0.495)
(0.03 0.01 0.495)
(0.035 0.01 0.495)
(0.04 0.01 0.495)
(0.045 0.01 0.495)
(0.05 0.01 0.495)
(0.055 0.01 0.495)
(0.06 0.01 0.495)
(0.065 0.01 0.495)
(0.07 0.01 0.495)
(0.075 0.01 0.495)
(0.08 0.01 0.495)
(0.085 0.01 0.495)
(0.09 0.01 0.495)
(0.095 0.01 0.495)
(0.1 0.01 0.495)
(0.105 0.01 0.495)
(0.11 0.01 0.495)
(0.115 0.01 0.495)
(0.12 0.01 0.495)
(0.125 0.01 0.495)
(0.13 0.01 0.495)
(0.135 0.01 0.495)
(0.14 0.01 0.495)
(0.145 0.01 0.495)
(0.15 0.01 0.495)
(0.155 0.01 0.495)
(0.16 0.01 0.495)
(0.165 0.01 0.495)
(0.17 0.01 0.495)
(0.175 0.01 0.495)
(0.18 0.01 0.495)
(0.185 0.01 0.495)
(0.19 0.01 0.495)
(0.195 0.01 0.495)
(0.2 0.01 0.495)
(0.205 0.01 0.495)
(0.21 0.01 0.495)
(0.215 0.01 0.495)
(0.22 0.01 0.495)
(0.225 0.01 0.495)
(0.23 0.01 0.495)
(0.235 0.01 0.495)
(0.24 0.01 0.495)
(0.245 0.01 0.495)
(0.25 0.01 0.495)
(0.255 0.01 0.495)
(0.26 0.01 0.495)
(0.265 0.01 0.495)
(0.27 0.01 0.495)
(0.275 0.01 0.495)
(0.28 0.01 0.495)
(0.285 0.01 0.495)
(0.29 0.01 0.495)
(0.295 0.01 0.495)
(0.3 0.01 0.495)
(0 0 0.5)
(0.005 0 0.5)
(0.01 0 0.5)
(0.015 0 0.5)
(0.02 0 0.5)
(0.025 0 0.5)
(0.03 0 0.5)
(0.035 0 0.5)
(0.04 0 0.5)
(0.045 0 0.5)
(0.05 0 0.5)
(0.055 0 0.5)
(0.06 0 0.5)
(0.065 0 0.5)
(0.07 0 0.5)
(0.075 0 0.5)
(0.08 0 0.5)
(0.085 0 0.5)
(0.09 0 0.5)
(0.095 0 0.5)
(0.1 0 0.5)
(0.105 0 0.5)
(0.11 0 0.5)
(0.115 0 0.5)
(0.12 0 0.5)
(0.125 0 0.5)
(0.13 0 0.5)
(0.135 0 0.5)
(0.14 0 0.5)
(0.145 0 0.5)
(0.15 0 0.5)
(0.155 0 0.5)
(0.16 0 0.5)
(0.165 0 0.5)
(0.17 0 0.5)
(0.175 0 0.5)
(0.18 0 0.5)
(0.185 0 0.5)
(0.19 0 0.5)
(0.195 0 0.5)
(0.2 0 0.5)
(0.205 0 0.5)
(0.21 0 0.5)
(0.215 0 0.5)
(0.22 0 0.5)
(0.225 0 0.5)
(0.23 0 0.5)
(0.235 0 0.5)
(0.24 0 0.5)
(0.245 0 0.5)
(0.25 0 0.5)
(0.255 0 0.5)
(0.26 0 0.5)
(0.265 0 0.5)
(0.27 0 0.5)
(0.275 0 0.5)
(0.28 0 0.5)
(0.285 0 0.5)
(0.29 0 0.5)
(0.295 0 0.5)
(0.3 0 0.5)
(0 0.005 0.5)
(0.005 0.005 0.5)
(0.01 0.005 0.5)
(0.015 0.005 0.5)
(0.02 0.005 0.5)
(0.025 0.005 0.5)
(0.03 0.005 0.5)
(0.035 0.005 0.5)
(0.04 0.005 0.5)
(0.045 0.005 0.5)
(0.05 0.005 0.5)
(0.055 0.005 0.5)
(0.06 0.005 0.5)
(0.065 0.005 0.5)
(0.07 0.005 0.5)
(0.075 0.005 0.5)
(0.08 0.005 0.5)
(0.085 0.005 0.5)
(0.09 0.005 0.5)
(0.095 0.005 0.5)
(0.1 0.005 0.5)
(0.105 0.005 0.5)
(0.11 0.005 0.5)
(0.115 0.005 0.5)
(0.12 0.005 0.5)
(0.125 0.005 0.5)
(0.13 0.005 0.5)
(0.135 0.005 0.5)
(0.14 0.005 0.5)
(0.145 0.005 0.5)
(0.15 0.005 0.5)
(0.155 0.005 0.5)
(0.16 0.005 0.5)
(0.165 0.005 0.5)
(0.17 0.005 0.5)
(0.175 0.005 0.5)
(0.18 0.005 0.5)
(0.185 0.005 0.5)
(0.19 0.005 0.5)
(0.195 0.005 0.5)
(0.2 0.005 0.5)
(0.205 0.005 0.5)
(0.21 0.005 0.5)
(0.215 0.005 0.5)
(0.22 0.005 0.5)
(0.225 0.005 0.5)
(0.23 0.005 0.5)
(0.235 0.005 0.5)
(0.24 0.005 0.5)
(0.245 0.005 0.5)
(0.25 0.005 0.5)
(0.255 0.005 0.5)
(0.26 0.005 0.5)
(0.265 0.005 0.5)
(0.27 0.005 0.5)
(0.275 0.005 0.5)
(0.28 0.005 0.5)
(0.285 0.005 0.5)
(0.29 0.005 0.5)
(0.295 0.005 0.5)
(0.3 0.005 0.5)
(0 0.01 0.5)
(0.005 0.01 0.5)
(0.01 0.01 0.5)
(0.015 0.01 0.5)
(0.02 0.01 0.5)
(0.025 0.01 0.5)
(0.03 0.01 0.5)
(0.035 0.01 0.5)
(0.04 0.01 0.5)
(0.045 0.01 0.5)
(0.05 0.01 0.5)
(0.055 0.01 0.5)
(0.06 0.01 0.5)
(0.065 0.01 0.5)
(0.07 0.01 0.5)
(0.075 0.01 0.5)
(0.08 0.01 0.5)
(0.085 0.01 0.5)
(0.09 0.01 0.5)
(0.095 0.01 0.5)
(0.1 0.01 0.5)
(0.105 0.01 0.5)
(0.11 0.01 0.5)
(0.115 0.01 0.5)
(0.12 0.01 0.5)
(0.125 0.01 0.5)
(0.13 0.01 0.5)
(0.135 0.01 0.5)
(0.14 0.01 0.5)
(0.145 0.01 0.5)
(0.15 0.01 0.5)
(0.155 0.01 0.5)
(0.16 0.01 0.5)
(0.165 0.01 0.5)
(0.17 0.01 0.5)
(0.175 0.01 0.5)
(0.18 0.01 0.5)
(0.185 0.01 0.5)
(0.19 0.01 0.5)
(0.195 0.01 0.5)
(0.2 0.01 0.5)
(0.205 0.01 0.5)
(0.21 0.01 0.5)
(0.215 0.01 0.5)
(0.22 0.01 0.5)
(0.225 0.01 0.5)
(0.23 0.01 0.5)
(0.235 0.01 0.5)
(0.24 0.01 0.5)
(0.245 0.01 0.5)
(0.25 0.01 0.5)
(0.255 0.01 0.5)
(0.26 0.01 0.5)
(0.265 0.01 0.5)
(0.27 0.01 0.5)
(0.275 0.01 0.5)
(0.28 0.01 0.5)
(0.285 0.01 0.5)
(0.29 0.01 0.5)
(0.295 0.01 0.5)
(0.3 0.01 0.5)
(0 0 0.505)
(0.005 0 0.505)
(0.01 0 0.505)
(0.015 0 0.505)
(0.02 0 0.505)
(0.025 0 0.505)
(0.03 0 0.505)
(0.035 0 0.505)
(0.04 0 0.505)
(0.045 0 0.505)
(0.05 0 0.505)
(0.055 0 0.505)
(0.06 0 0.505)
(0.065 0 0.505)
(0.07 0 0.505)
(0.075 0 0.505)
(0.08 0 0.505)
(0.085 0 0.505)
(0.09 0 0.505)
(0.095 0 0.505)
(0.1 0 0.505)
(0.105 0 0.505)
(0.11 0 0.505)
(0.115 0 0.505)
(0.12 0 0.505)
(0.125 0 0.505)
(0.13 0 0.505)
(0.135 0 0.505)
(0.14 0 0.505)
(0.145 0 0.505)
(0.15 0 0.505)
(0.155 0 0.505)
(0.16 0 0.505)
(0.165 0 0.505)
(0.17 0 0.505)
(0.175 0 0.505)
(0.18 0 0.505)
(0.185 0 0.505)
(0.19 0 0.505)
(0.195 0 0.505)
(0.2 0 0.505)
(0.205 0 0.505)
(0.21 0 0.505)
(0.215 0 0.505)
(0.22 0 0.505)
(0.225 0 0.505)
(0.23 0 0.505)
(0.235 0 0.505)
(0.24 0 0.505)
(0.245 0 0.505)
(0.25 0 0.505)
(0.255 0 0.505)
(0.26 0 0.505)
(0.265 0 0.505)
(0.27 0 0.505)
(0.275 0 0.505)
(0.28 0 0.505)
(0.285 0 0.505)
(0.29 0 0.505)
(0.295 0 0.505)
(0.3 0 0.505)
(0 0.005 0.505)
(0.005 0.005 0.505)
(0.01 0.005 0.505)
(0.015 0.005 0.505)
(0.02 0.005 0.505)
(0.025 0.005 0.505)
(0.03 0.005 0.505)
(0.035 0.005 0.505)
(0.04 0.005 0.505)
(0.045 0.005 0.505)
(0.05 0.005 0.505)
(0.055 0.005 0.505)
(0.06 0.005 0.505)
(0.065 0.005 0.505)
(0.07 0.005 0.505)
(0.075 0.005 0.505)
(0.08 0.005 0.505)
(0.085 0.005 0.505)
(0.09 0.005 0.505)
(0.095 0.005 0.505)
(0.1 0.005 0.505)
(0.105 0.005 0.505)
(0.11 0.005 0.505)
(0.115 0.005 0.505)
(0.12 0.005 0.505)
(0.125 0.005 0.505)
(0.13 0.005 0.505)
(0.135 0.005 0.505)
(0.14 0.005 0.505)
(0.145 0.005 0.505)
(0.15 0.005 0.505)
(0.155 0.005 0.505)
(0.16 0.005 0.505)
(0.165 0.005 0.505)
(0.17 0.005 0.505)
(0.175 0.005 0.505)
(0.18 0.005 0.505)
(0.185 0.005 0.505)
(0.19 0.005 0.505)
(0.195 0.005 0.505)
(0.2 0.005 0.505)
(0.205 0.005 0.505)
(0.21 0.005 0.505)
(0.215 0.005 0.505)
(0.22 0.005 0.505)
(0.225 0.005 0.505)
(0.23 0.005 0.505)
(0.235 0.005 0.505)
(0.24 0.005 0.505)
(0.245 0.005 0.505)
(0.25 0.005 0.505)
(0.255 0.005 0.505)
(0.26 0.005 0.505)
(0.265 0.005 0.505)
(0.27 0.005 0.505)
(0.275 0.005 0.505)
(0.28 0.005 0.505)
(0.285 0.005 0.505)
(0.29 0.005 0.505)
(0.295 0.005 0.505)
(0.3 0.005 0.505)
(0 0.01 0.505)
(0.005 0.01 0.505)
(0.01 0.01 0.505)
(0.015 0.01 0.505)
(0.02 0.01 0.505)
(0.025 0.01 0.505)
(0.03 0.01 0.505)
(0.035 0.01 0.505)
(0.04 0.01 0.505)
(0.045 0.01 0.505)
(0.05 0.01 0.505)
(0.055 0.01 0.505)
(0.06 0.01 0.505)
(0.065 0.01 0.505)
(0.07 0.01 0.505)
(0.075 0.01 0.505)
(0.08 0.01 0.505)
(0.085 0.01 0.505)
(0.09 0.01 0.505)
(0.095 0.01 0.505)
(0.1 0.01 0.505)
(0.105 0.01 0.505)
(0.11 0.01 0.505)
(0.115 0.01 0.505)
(0.12 0.01 0.505)
(0.125 0.01 0.505)
(0.13 0.01 0.505)
(0.135 0.01 0.505)
(0.14 0.01 0.505)
(0.145 0.01 0.505)
(0.15 0.01 0.505)
(0.155 0.01 0.505)
(0.16 0.01 0.505)
(0.165 0.01 0.505)
(0.17 0.01 0.505)
(0.175 0.01 0.505)
(0.18 0.01 0.505)
(0.185 0.01 0.505)
(0.19 0.01 0.505)
(0.195 0.01 0.505)
(0.2 0.01 0.505)
(0.205 0.01 0.505)
(0.21 0.01 0.505)
(0.215 0.01 0.505)
(0.22 0.01 0.505)
(0.225 0.01 0.505)
(0.23 0.01 0.505)
(0.235 0.01 0.505)
(0.24 0.01 0.505)
(0.245 0.01 0.505)
(0.25 0.01 0.505)
(0.255 0.01 0.505)
(0.26 0.01 0.505)
(0.265 0.01 0.505)
(0.27 0.01 0.505)
(0.275 0.01 0.505)
(0.28 0.01 0.505)
(0.285 0.01 0.505)
(0.29 0.01 0.505)
(0.295 0.01 0.505)
(0.3 0.01 0.505)
(0 0 0.51)
(0.005 0 0.51)
(0.01 0 0.51)
(0.015 0 0.51)
(0.02 0 0.51)
(0.025 0 0.51)
(0.03 0 0.51)
(0.035 0 0.51)
(0.04 0 0.51)
(0.045 0 0.51)
(0.05 0 0.51)
(0.055 0 0.51)
(0.06 0 0.51)
(0.065 0 0.51)
(0.07 0 0.51)
(0.075 0 0.51)
(0.08 0 0.51)
(0.085 0 0.51)
(0.09 0 0.51)
(0.095 0 0.51)
(0.1 0 0.51)
(0.105 0 0.51)
(0.11 0 0.51)
(0.115 0 0.51)
(0.12 0 0.51)
(0.125 0 0.51)
(0.13 0 0.51)
(0.135 0 0.51)
(0.14 0 0.51)
(0.145 0 0.51)
(0.15 0 0.51)
(0.155 0 0.51)
(0.16 0 0.51)
(0.165 0 0.51)
(0.17 0 0.51)
(0.175 0 0.51)
(0.18 0 0.51)
(0.185 0 0.51)
(0.19 0 0.51)
(0.195 0 0.51)
(0.2 0 0.51)
(0.205 0 0.51)
(0.21 0 0.51)
(0.215 0 0.51)
(0.22 0 0.51)
(0.225 0 0.51)
(0.23 0 0.51)
(0.235 0 0.51)
(0.24 0 0.51)
(0.245 0 0.51)
(0.25 0 0.51)
(0.255 0 0.51)
(0.26 0 0.51)
(0.265 0 0.51)
(0.27 0 0.51)
(0.275 0 0.51)
(0.28 0 0.51)
(0.285 0 0.51)
(0.29 0 0.51)
(0.295 0 0.51)
(0.3 0 0.51)
(0 0.005 0.51)
(0.005 0.005 0.51)
(0.01 0.005 0.51)
(0.015 0.005 0.51)
(0.02 0.005 0.51)
(0.025 0.005 0.51)
(0.03 0.005 0.51)
(0.035 0.005 0.51)
(0.04 0.005 0.51)
(0.045 0.005 0.51)
(0.05 0.005 0.51)
(0.055 0.005 0.51)
(0.06 0.005 0.51)
(0.065 0.005 0.51)
(0.07 0.005 0.51)
(0.075 0.005 0.51)
(0.08 0.005 0.51)
(0.085 0.005 0.51)
(0.09 0.005 0.51)
(0.095 0.005 0.51)
(0.1 0.005 0.51)
(0.105 0.005 0.51)
(0.11 0.005 0.51)
(0.115 0.005 0.51)
(0.12 0.005 0.51)
(0.125 0.005 0.51)
(0.13 0.005 0.51)
(0.135 0.005 0.51)
(0.14 0.005 0.51)
(0.145 0.005 0.51)
(0.15 0.005 0.51)
(0.155 0.005 0.51)
(0.16 0.005 0.51)
(0.165 0.005 0.51)
(0.17 0.005 0.51)
(0.175 0.005 0.51)
(0.18 0.005 0.51)
(0.185 0.005 0.51)
(0.19 0.005 0.51)
(0.195 0.005 0.51)
(0.2 0.005 0.51)
(0.205 0.005 0.51)
(0.21 0.005 0.51)
(0.215 0.005 0.51)
(0.22 0.005 0.51)
(0.225 0.005 0.51)
(0.23 0.005 0.51)
(0.235 0.005 0.51)
(0.24 0.005 0.51)
(0.245 0.005 0.51)
(0.25 0.005 0.51)
(0.255 0.005 0.51)
(0.26 0.005 0.51)
(0.265 0.005 0.51)
(0.27 0.005 0.51)
(0.275 0.005 0.51)
(0.28 0.005 0.51)
(0.285 0.005 0.51)
(0.29 0.005 0.51)
(0.295 0.005 0.51)
(0.3 0.005 0.51)
(0 0.01 0.51)
(0.005 0.01 0.51)
(0.01 0.01 0.51)
(0.015 0.01 0.51)
(0.02 0.01 0.51)
(0.025 0.01 0.51)
(0.03 0.01 0.51)
(0.035 0.01 0.51)
(0.04 0.01 0.51)
(0.045 0.01 0.51)
(0.05 0.01 0.51)
(0.055 0.01 0.51)
(0.06 0.01 0.51)
(0.065 0.01 0.51)
(0.07 0.01 0.51)
(0.075 0.01 0.51)
(0.08 0.01 0.51)
(0.085 0.01 0.51)
(0.09 0.01 0.51)
(0.095 0.01 0.51)
(0.1 0.01 0.51)
(0.105 0.01 0.51)
(0.11 0.01 0.51)
(0.115 0.01 0.51)
(0.12 0.01 0.51)
(0.125 0.01 0.51)
(0.13 0.01 0.51)
(0.135 0.01 0.51)
(0.14 0.01 0.51)
(0.145 0.01 0.51)
(0.15 0.01 0.51)
(0.155 0.01 0.51)
(0.16 0.01 0.51)
(0.165 0.01 0.51)
(0.17 0.01 0.51)
(0.175 0.01 0.51)
(0.18 0.01 0.51)
(0.185 0.01 0.51)
(0.19 0.01 0.51)
(0.195 0.01 0.51)
(0.2 0.01 0.51)
(0.205 0.01 0.51)
(0.21 0.01 0.51)
(0.215 0.01 0.51)
(0.22 0.01 0.51)
(0.225 0.01 0.51)
(0.23 0.01 0.51)
(0.235 0.01 0.51)
(0.24 0.01 0.51)
(0.245 0.01 0.51)
(0.25 0.01 0.51)
(0.255 0.01 0.51)
(0.26 0.01 0.51)
(0.265 0.01 0.51)
(0.27 0.01 0.51)
(0.275 0.01 0.51)
(0.28 0.01 0.51)
(0.285 0.01 0.51)
(0.29 0.01 0.51)
(0.295 0.01 0.51)
(0.3 0.01 0.51)
(0 0 0.515)
(0.005 0 0.515)
(0.01 0 0.515)
(0.015 0 0.515)
(0.02 0 0.515)
(0.025 0 0.515)
(0.03 0 0.515)
(0.035 0 0.515)
(0.04 0 0.515)
(0.045 0 0.515)
(0.05 0 0.515)
(0.055 0 0.515)
(0.06 0 0.515)
(0.065 0 0.515)
(0.07 0 0.515)
(0.075 0 0.515)
(0.08 0 0.515)
(0.085 0 0.515)
(0.09 0 0.515)
(0.095 0 0.515)
(0.1 0 0.515)
(0.105 0 0.515)
(0.11 0 0.515)
(0.115 0 0.515)
(0.12 0 0.515)
(0.125 0 0.515)
(0.13 0 0.515)
(0.135 0 0.515)
(0.14 0 0.515)
(0.145 0 0.515)
(0.15 0 0.515)
(0.155 0 0.515)
(0.16 0 0.515)
(0.165 0 0.515)
(0.17 0 0.515)
(0.175 0 0.515)
(0.18 0 0.515)
(0.185 0 0.515)
(0.19 0 0.515)
(0.195 0 0.515)
(0.2 0 0.515)
(0.205 0 0.515)
(0.21 0 0.515)
(0.215 0 0.515)
(0.22 0 0.515)
(0.225 0 0.515)
(0.23 0 0.515)
(0.235 0 0.515)
(0.24 0 0.515)
(0.245 0 0.515)
(0.25 0 0.515)
(0.255 0 0.515)
(0.26 0 0.515)
(0.265 0 0.515)
(0.27 0 0.515)
(0.275 0 0.515)
(0.28 0 0.515)
(0.285 0 0.515)
(0.29 0 0.515)
(0.295 0 0.515)
(0.3 0 0.515)
(0 0.005 0.515)
(0.005 0.005 0.515)
(0.01 0.005 0.515)
(0.015 0.005 0.515)
(0.02 0.005 0.515)
(0.025 0.005 0.515)
(0.03 0.005 0.515)
(0.035 0.005 0.515)
(0.04 0.005 0.515)
(0.045 0.005 0.515)
(0.05 0.005 0.515)
(0.055 0.005 0.515)
(0.06 0.005 0.515)
(0.065 0.005 0.515)
(0.07 0.005 0.515)
(0.075 0.005 0.515)
(0.08 0.005 0.515)
(0.085 0.005 0.515)
(0.09 0.005 0.515)
(0.095 0.005 0.515)
(0.1 0.005 0.515)
(0.105 0.005 0.515)
(0.11 0.005 0.515)
(0.115 0.005 0.515)
(0.12 0.005 0.515)
(0.125 0.005 0.515)
(0.13 0.005 0.515)
(0.135 0.005 0.515)
(0.14 0.005 0.515)
(0.145 0.005 0.515)
(0.15 0.005 0.515)
(0.155 0.005 0.515)
(0.16 0.005 0.515)
(0.165 0.005 0.515)
(0.17 0.005 0.515)
(0.175 0.005 0.515)
(0.18 0.005 0.515)
(0.185 0.005 0.515)
(0.19 0.005 0.515)
(0.195 0.005 0.515)
(0.2 0.005 0.515)
(0.205 0.005 0.515)
(0.21 0.005 0.515)
(0.215 0.005 0.515)
(0.22 0.005 0.515)
(0.225 0.005 0.515)
(0.23 0.005 0.515)
(0.235 0.005 0.515)
(0.24 0.005 0.515)
(0.245 0.005 0.515)
(0.25 0.005 0.515)
(0.255 0.005 0.515)
(0.26 0.005 0.515)
(0.265 0.005 0.515)
(0.27 0.005 0.515)
(0.275 0.005 0.515)
(0.28 0.005 0.515)
(0.285 0.005 0.515)
(0.29 0.005 0.515)
(0.295 0.005 0.515)
(0.3 0.005 0.515)
(0 0.01 0.515)
(0.005 0.01 0.515)
(0.01 0.01 0.515)
(0.015 0.01 0.515)
(0.02 0.01 0.515)
(0.025 0.01 0.515)
(0.03 0.01 0.515)
(0.035 0.01 0.515)
(0.04 0.01 0.515)
(0.045 0.01 0.515)
(0.05 0.01 0.515)
(0.055 0.01 0.515)
(0.06 0.01 0.515)
(0.065 0.01 0.515)
(0.07 0.01 0.515)
(0.075 0.01 0.515)
(0.08 0.01 0.515)
(0.085 0.01 0.515)
(0.09 0.01 0.515)
(0.095 0.01 0.515)
(0.1 0.01 0.515)
(0.105 0.01 0.515)
(0.11 0.01 0.515)
(0.115 0.01 0.515)
(0.12 0.01 0.515)
(0.125 0.01 0.515)
(0.13 0.01 0.515)
(0.135 0.01 0.515)
(0.14 0.01 0.515)
(0.145 0.01 0.515)
(0.15 0.01 0.515)
(0.155 0.01 0.515)
(0.16 0.01 0.515)
(0.165 0.01 0.515)
(0.17 0.01 0.515)
(0.175 0.01 0.515)
(0.18 0.01 0.515)
(0.185 0.01 0.515)
(0.19 0.01 0.515)
(0.195 0.01 0.515)
(0.2 0.01 0.515)
(0.205 0.01 0.515)
(0.21 0.01 0.515)
(0.215 0.01 0.515)
(0.22 0.01 0.515)
(0.225 0.01 0.515)
(0.23 0.01 0.515)
(0.235 0.01 0.515)
(0.24 0.01 0.515)
(0.245 0.01 0.515)
(0.25 0.01 0.515)
(0.255 0.01 0.515)
(0.26 0.01 0.515)
(0.265 0.01 0.515)
(0.27 0.01 0.515)
(0.275 0.01 0.515)
(0.28 0.01 0.515)
(0.285 0.01 0.515)
(0.29 0.01 0.515)
(0.295 0.01 0.515)
(0.3 0.01 0.515)
(0 0 0.52)
(0.005 0 0.52)
(0.01 0 0.52)
(0.015 0 0.52)
(0.02 0 0.52)
(0.025 0 0.52)
(0.03 0 0.52)
(0.035 0 0.52)
(0.04 0 0.52)
(0.045 0 0.52)
(0.05 0 0.52)
(0.055 0 0.52)
(0.06 0 0.52)
(0.065 0 0.52)
(0.07 0 0.52)
(0.075 0 0.52)
(0.08 0 0.52)
(0.085 0 0.52)
(0.09 0 0.52)
(0.095 0 0.52)
(0.1 0 0.52)
(0.105 0 0.52)
(0.11 0 0.52)
(0.115 0 0.52)
(0.12 0 0.52)
(0.125 0 0.52)
(0.13 0 0.52)
(0.135 0 0.52)
(0.14 0 0.52)
(0.145 0 0.52)
(0.15 0 0.52)
(0.155 0 0.52)
(0.16 0 0.52)
(0.165 0 0.52)
(0.17 0 0.52)
(0.175 0 0.52)
(0.18 0 0.52)
(0.185 0 0.52)
(0.19 0 0.52)
(0.195 0 0.52)
(0.2 0 0.52)
(0.205 0 0.52)
(0.21 0 0.52)
(0.215 0 0.52)
(0.22 0 0.52)
(0.225 0 0.52)
(0.23 0 0.52)
(0.235 0 0.52)
(0.24 0 0.52)
(0.245 0 0.52)
(0.25 0 0.52)
(0.255 0 0.52)
(0.26 0 0.52)
(0.265 0 0.52)
(0.27 0 0.52)
(0.275 0 0.52)
(0.28 0 0.52)
(0.285 0 0.52)
(0.29 0 0.52)
(0.295 0 0.52)
(0.3 0 0.52)
(0 0.005 0.52)
(0.005 0.005 0.52)
(0.01 0.005 0.52)
(0.015 0.005 0.52)
(0.02 0.005 0.52)
(0.025 0.005 0.52)
(0.03 0.005 0.52)
(0.035 0.005 0.52)
(0.04 0.005 0.52)
(0.045 0.005 0.52)
(0.05 0.005 0.52)
(0.055 0.005 0.52)
(0.06 0.005 0.52)
(0.065 0.005 0.52)
(0.07 0.005 0.52)
(0.075 0.005 0.52)
(0.08 0.005 0.52)
(0.085 0.005 0.52)
(0.09 0.005 0.52)
(0.095 0.005 0.52)
(0.1 0.005 0.52)
(0.105 0.005 0.52)
(0.11 0.005 0.52)
(0.115 0.005 0.52)
(0.12 0.005 0.52)
(0.125 0.005 0.52)
(0.13 0.005 0.52)
(0.135 0.005 0.52)
(0.14 0.005 0.52)
(0.145 0.005 0.52)
(0.15 0.005 0.52)
(0.155 0.005 0.52)
(0.16 0.005 0.52)
(0.165 0.005 0.52)
(0.17 0.005 0.52)
(0.175 0.005 0.52)
(0.18 0.005 0.52)
(0.185 0.005 0.52)
(0.19 0.005 0.52)
(0.195 0.005 0.52)
(0.2 0.005 0.52)
(0.205 0.005 0.52)
(0.21 0.005 0.52)
(0.215 0.005 0.52)
(0.22 0.005 0.52)
(0.225 0.005 0.52)
(0.23 0.005 0.52)
(0.235 0.005 0.52)
(0.24 0.005 0.52)
(0.245 0.005 0.52)
(0.25 0.005 0.52)
(0.255 0.005 0.52)
(0.26 0.005 0.52)
(0.265 0.005 0.52)
(0.27 0.005 0.52)
(0.275 0.005 0.52)
(0.28 0.005 0.52)
(0.285 0.005 0.52)
(0.29 0.005 0.52)
(0.295 0.005 0.52)
(0.3 0.005 0.52)
(0 0.01 0.52)
(0.005 0.01 0.52)
(0.01 0.01 0.52)
(0.015 0.01 0.52)
(0.02 0.01 0.52)
(0.025 0.01 0.52)
(0.03 0.01 0.52)
(0.035 0.01 0.52)
(0.04 0.01 0.52)
(0.045 0.01 0.52)
(0.05 0.01 0.52)
(0.055 0.01 0.52)
(0.06 0.01 0.52)
(0.065 0.01 0.52)
(0.07 0.01 0.52)
(0.075 0.01 0.52)
(0.08 0.01 0.52)
(0.085 0.01 0.52)
(0.09 0.01 0.52)
(0.095 0.01 0.52)
(0.1 0.01 0.52)
(0.105 0.01 0.52)
(0.11 0.01 0.52)
(0.115 0.01 0.52)
(0.12 0.01 0.52)
(0.125 0.01 0.52)
(0.13 0.01 0.52)
(0.135 0.01 0.52)
(0.14 0.01 0.52)
(0.145 0.01 0.52)
(0.15 0.01 0.52)
(0.155 0.01 0.52)
(0.16 0.01 0.52)
(0.165 0.01 0.52)
(0.17 0.01 0.52)
(0.175 0.01 0.52)
(0.18 0.01 0.52)
(0.185 0.01 0.52)
(0.19 0.01 0.52)
(0.195 0.01 0.52)
(0.2 0.01 0.52)
(0.205 0.01 0.52)
(0.21 0.01 0.52)
(0.215 0.01 0.52)
(0.22 0.01 0.52)
(0.225 0.01 0.52)
(0.23 0.01 0.52)
(0.235 0.01 0.52)
(0.24 0.01 0.52)
(0.245 0.01 0.52)
(0.25 0.01 0.52)
(0.255 0.01 0.52)
(0.26 0.01 0.52)
(0.265 0.01 0.52)
(0.27 0.01 0.52)
(0.275 0.01 0.52)
(0.28 0.01 0.52)
(0.285 0.01 0.52)
(0.29 0.01 0.52)
(0.295 0.01 0.52)
(0.3 0.01 0.52)
(0 0 0.525)
(0.005 0 0.525)
(0.01 0 0.525)
(0.015 0 0.525)
(0.02 0 0.525)
(0.025 0 0.525)
(0.03 0 0.525)
(0.035 0 0.525)
(0.04 0 0.525)
(0.045 0 0.525)
(0.05 0 0.525)
(0.055 0 0.525)
(0.06 0 0.525)
(0.065 0 0.525)
(0.07 0 0.525)
(0.075 0 0.525)
(0.08 0 0.525)
(0.085 0 0.525)
(0.09 0 0.525)
(0.095 0 0.525)
(0.1 0 0.525)
(0.105 0 0.525)
(0.11 0 0.525)
(0.115 0 0.525)
(0.12 0 0.525)
(0.125 0 0.525)
(0.13 0 0.525)
(0.135 0 0.525)
(0.14 0 0.525)
(0.145 0 0.525)
(0.15 0 0.525)
(0.155 0 0.525)
(0.16 0 0.525)
(0.165 0 0.525)
(0.17 0 0.525)
(0.175 0 0.525)
(0.18 0 0.525)
(0.185 0 0.525)
(0.19 0 0.525)
(0.195 0 0.525)
(0.2 0 0.525)
(0.205 0 0.525)
(0.21 0 0.525)
(0.215 0 0.525)
(0.22 0 0.525)
(0.225 0 0.525)
(0.23 0 0.525)
(0.235 0 0.525)
(0.24 0 0.525)
(0.245 0 0.525)
(0.25 0 0.525)
(0.255 0 0.525)
(0.26 0 0.525)
(0.265 0 0.525)
(0.27 0 0.525)
(0.275 0 0.525)
(0.28 0 0.525)
(0.285 0 0.525)
(0.29 0 0.525)
(0.295 0 0.525)
(0.3 0 0.525)
(0 0.005 0.525)
(0.005 0.005 0.525)
(0.01 0.005 0.525)
(0.015 0.005 0.525)
(0.02 0.005 0.525)
(0.025 0.005 0.525)
(0.03 0.005 0.525)
(0.035 0.005 0.525)
(0.04 0.005 0.525)
(0.045 0.005 0.525)
(0.05 0.005 0.525)
(0.055 0.005 0.525)
(0.06 0.005 0.525)
(0.065 0.005 0.525)
(0.07 0.005 0.525)
(0.075 0.005 0.525)
(0.08 0.005 0.525)
(0.085 0.005 0.525)
(0.09 0.005 0.525)
(0.095 0.005 0.525)
(0.1 0.005 0.525)
(0.105 0.005 0.525)
(0.11 0.005 0.525)
(0.115 0.005 0.525)
(0.12 0.005 0.525)
(0.125 0.005 0.525)
(0.13 0.005 0.525)
(0.135 0.005 0.525)
(0.14 0.005 0.525)
(0.145 0.005 0.525)
(0.15 0.005 0.525)
(0.155 0.005 0.525)
(0.16 0.005 0.525)
(0.165 0.005 0.525)
(0.17 0.005 0.525)
(0.175 0.005 0.525)
(0.18 0.005 0.525)
(0.185 0.005 0.525)
(0.19 0.005 0.525)
(0.195 0.005 0.525)
(0.2 0.005 0.525)
(0.205 0.005 0.525)
(0.21 0.005 0.525)
(0.215 0.005 0.525)
(0.22 0.005 0.525)
(0.225 0.005 0.525)
(0.23 0.005 0.525)
(0.235 0.005 0.525)
(0.24 0.005 0.525)
(0.245 0.005 0.525)
(0.25 0.005 0.525)
(0.255 0.005 0.525)
(0.26 0.005 0.525)
(0.265 0.005 0.525)
(0.27 0.005 0.525)
(0.275 0.005 0.525)
(0.28 0.005 0.525)
(0.285 0.005 0.525)
(0.29 0.005 0.525)
(0.295 0.005 0.525)
(0.3 0.005 0.525)
(0 0.01 0.525)
(0.005 0.01 0.525)
(0.01 0.01 0.525)
(0.015 0.01 0.525)
(0.02 0.01 0.525)
(0.025 0.01 0.525)
(0.03 0.01 0.525)
(0.035 0.01 0.525)
(0.04 0.01 0.525)
(0.045 0.01 0.525)
(0.05 0.01 0.525)
(0.055 0.01 0.525)
(0.06 0.01 0.525)
(0.065 0.01 0.525)
(0.07 0.01 0.525)
(0.075 0.01 0.525)
(0.08 0.01 0.525)
(0.085 0.01 0.525)
(0.09 0.01 0.525)
(0.095 0.01 0.525)
(0.1 0.01 0.525)
(0.105 0.01 0.525)
(0.11 0.01 0.525)
(0.115 0.01 0.525)
(0.12 0.01 0.525)
(0.125 0.01 0.525)
(0.13 0.01 0.525)
(0.135 0.01 0.525)
(0.14 0.01 0.525)
(0.145 0.01 0.525)
(0.15 0.01 0.525)
(0.155 0.01 0.525)
(0.16 0.01 0.525)
(0.165 0.01 0.525)
(0.17 0.01 0.525)
(0.175 0.01 0.525)
(0.18 0.01 0.525)
(0.185 0.01 0.525)
(0.19 0.01 0.525)
(0.195 0.01 0.525)
(0.2 0.01 0.525)
(0.205 0.01 0.525)
(0.21 0.01 0.525)
(0.215 0.01 0.525)
(0.22 0.01 0.525)
(0.225 0.01 0.525)
(0.23 0.01 0.525)
(0.235 0.01 0.525)
(0.24 0.01 0.525)
(0.245 0.01 0.525)
(0.25 0.01 0.525)
(0.255 0.01 0.525)
(0.26 0.01 0.525)
(0.265 0.01 0.525)
(0.27 0.01 0.525)
(0.275 0.01 0.525)
(0.28 0.01 0.525)
(0.285 0.01 0.525)
(0.29 0.01 0.525)
(0.295 0.01 0.525)
(0.3 0.01 0.525)
(0 0 0.53)
(0.005 0 0.53)
(0.01 0 0.53)
(0.015 0 0.53)
(0.02 0 0.53)
(0.025 0 0.53)
(0.03 0 0.53)
(0.035 0 0.53)
(0.04 0 0.53)
(0.045 0 0.53)
(0.05 0 0.53)
(0.055 0 0.53)
(0.06 0 0.53)
(0.065 0 0.53)
(0.07 0 0.53)
(0.075 0 0.53)
(0.08 0 0.53)
(0.085 0 0.53)
(0.09 0 0.53)
(0.095 0 0.53)
(0.1 0 0.53)
(0.105 0 0.53)
(0.11 0 0.53)
(0.115 0 0.53)
(0.12 0 0.53)
(0.125 0 0.53)
(0.13 0 0.53)
(0.135 0 0.53)
(0.14 0 0.53)
(0.145 0 0.53)
(0.15 0 0.53)
(0.155 0 0.53)
(0.16 0 0.53)
(0.165 0 0.53)
(0.17 0 0.53)
(0.175 0 0.53)
(0.18 0 0.53)
(0.185 0 0.53)
(0.19 0 0.53)
(0.195 0 0.53)
(0.2 0 0.53)
(0.205 0 0.53)
(0.21 0 0.53)
(0.215 0 0.53)
(0.22 0 0.53)
(0.225 0 0.53)
(0.23 0 0.53)
(0.235 0 0.53)
(0.24 0 0.53)
(0.245 0 0.53)
(0.25 0 0.53)
(0.255 0 0.53)
(0.26 0 0.53)
(0.265 0 0.53)
(0.27 0 0.53)
(0.275 0 0.53)
(0.28 0 0.53)
(0.285 0 0.53)
(0.29 0 0.53)
(0.295 0 0.53)
(0.3 0 0.53)
(0 0.005 0.53)
(0.005 0.005 0.53)
(0.01 0.005 0.53)
(0.015 0.005 0.53)
(0.02 0.005 0.53)
(0.025 0.005 0.53)
(0.03 0.005 0.53)
(0.035 0.005 0.53)
(0.04 0.005 0.53)
(0.045 0.005 0.53)
(0.05 0.005 0.53)
(0.055 0.005 0.53)
(0.06 0.005 0.53)
(0.065 0.005 0.53)
(0.07 0.005 0.53)
(0.075 0.005 0.53)
(0.08 0.005 0.53)
(0.085 0.005 0.53)
(0.09 0.005 0.53)
(0.095 0.005 0.53)
(0.1 0.005 0.53)
(0.105 0.005 0.53)
(0.11 0.005 0.53)
(0.115 0.005 0.53)
(0.12 0.005 0.53)
(0.125 0.005 0.53)
(0.13 0.005 0.53)
(0.135 0.005 0.53)
(0.14 0.005 0.53)
(0.145 0.005 0.53)
(0.15 0.005 0.53)
(0.155 0.005 0.53)
(0.16 0.005 0.53)
(0.165 0.005 0.53)
(0.17 0.005 0.53)
(0.175 0.005 0.53)
(0.18 0.005 0.53)
(0.185 0.005 0.53)
(0.19 0.005 0.53)
(0.195 0.005 0.53)
(0.2 0.005 0.53)
(0.205 0.005 0.53)
(0.21 0.005 0.53)
(0.215 0.005 0.53)
(0.22 0.005 0.53)
(0.225 0.005 0.53)
(0.23 0.005 0.53)
(0.235 0.005 0.53)
(0.24 0.005 0.53)
(0.245 0.005 0.53)
(0.25 0.005 0.53)
(0.255 0.005 0.53)
(0.26 0.005 0.53)
(0.265 0.005 0.53)
(0.27 0.005 0.53)
(0.275 0.005 0.53)
(0.28 0.005 0.53)
(0.285 0.005 0.53)
(0.29 0.005 0.53)
(0.295 0.005 0.53)
(0.3 0.005 0.53)
(0 0.01 0.53)
(0.005 0.01 0.53)
(0.01 0.01 0.53)
(0.015 0.01 0.53)
(0.02 0.01 0.53)
(0.025 0.01 0.53)
(0.03 0.01 0.53)
(0.035 0.01 0.53)
(0.04 0.01 0.53)
(0.045 0.01 0.53)
(0.05 0.01 0.53)
(0.055 0.01 0.53)
(0.06 0.01 0.53)
(0.065 0.01 0.53)
(0.07 0.01 0.53)
(0.075 0.01 0.53)
(0.08 0.01 0.53)
(0.085 0.01 0.53)
(0.09 0.01 0.53)
(0.095 0.01 0.53)
(0.1 0.01 0.53)
(0.105 0.01 0.53)
(0.11 0.01 0.53)
(0.115 0.01 0.53)
(0.12 0.01 0.53)
(0.125 0.01 0.53)
(0.13 0.01 0.53)
(0.135 0.01 0.53)
(0.14 0.01 0.53)
(0.145 0.01 0.53)
(0.15 0.01 0.53)
(0.155 0.01 0.53)
(0.16 0.01 0.53)
(0.165 0.01 0.53)
(0.17 0.01 0.53)
(0.175 0.01 0.53)
(0.18 0.01 0.53)
(0.185 0.01 0.53)
(0.19 0.01 0.53)
(0.195 0.01 0.53)
(0.2 0.01 0.53)
(0.205 0.01 0.53)
(0.21 0.01 0.53)
(0.215 0.01 0.53)
(0.22 0.01 0.53)
(0.225 0.01 0.53)
(0.23 0.01 0.53)
(0.235 0.01 0.53)
(0.24 0.01 0.53)
(0.245 0.01 0.53)
(0.25 0.01 0.53)
(0.255 0.01 0.53)
(0.26 0.01 0.53)
(0.265 0.01 0.53)
(0.27 0.01 0.53)
(0.275 0.01 0.53)
(0.28 0.01 0.53)
(0.285 0.01 0.53)
(0.29 0.01 0.53)
(0.295 0.01 0.53)
(0.3 0.01 0.53)
(0 0 0.535)
(0.005 0 0.535)
(0.01 0 0.535)
(0.015 0 0.535)
(0.02 0 0.535)
(0.025 0 0.535)
(0.03 0 0.535)
(0.035 0 0.535)
(0.04 0 0.535)
(0.045 0 0.535)
(0.05 0 0.535)
(0.055 0 0.535)
(0.06 0 0.535)
(0.065 0 0.535)
(0.07 0 0.535)
(0.075 0 0.535)
(0.08 0 0.535)
(0.085 0 0.535)
(0.09 0 0.535)
(0.095 0 0.535)
(0.1 0 0.535)
(0.105 0 0.535)
(0.11 0 0.535)
(0.115 0 0.535)
(0.12 0 0.535)
(0.125 0 0.535)
(0.13 0 0.535)
(0.135 0 0.535)
(0.14 0 0.535)
(0.145 0 0.535)
(0.15 0 0.535)
(0.155 0 0.535)
(0.16 0 0.535)
(0.165 0 0.535)
(0.17 0 0.535)
(0.175 0 0.535)
(0.18 0 0.535)
(0.185 0 0.535)
(0.19 0 0.535)
(0.195 0 0.535)
(0.2 0 0.535)
(0.205 0 0.535)
(0.21 0 0.535)
(0.215 0 0.535)
(0.22 0 0.535)
(0.225 0 0.535)
(0.23 0 0.535)
(0.235 0 0.535)
(0.24 0 0.535)
(0.245 0 0.535)
(0.25 0 0.535)
(0.255 0 0.535)
(0.26 0 0.535)
(0.265 0 0.535)
(0.27 0 0.535)
(0.275 0 0.535)
(0.28 0 0.535)
(0.285 0 0.535)
(0.29 0 0.535)
(0.295 0 0.535)
(0.3 0 0.535)
(0 0.005 0.535)
(0.005 0.005 0.535)
(0.01 0.005 0.535)
(0.015 0.005 0.535)
(0.02 0.005 0.535)
(0.025 0.005 0.535)
(0.03 0.005 0.535)
(0.035 0.005 0.535)
(0.04 0.005 0.535)
(0.045 0.005 0.535)
(0.05 0.005 0.535)
(0.055 0.005 0.535)
(0.06 0.005 0.535)
(0.065 0.005 0.535)
(0.07 0.005 0.535)
(0.075 0.005 0.535)
(0.08 0.005 0.535)
(0.085 0.005 0.535)
(0.09 0.005 0.535)
(0.095 0.005 0.535)
(0.1 0.005 0.535)
(0.105 0.005 0.535)
(0.11 0.005 0.535)
(0.115 0.005 0.535)
(0.12 0.005 0.535)
(0.125 0.005 0.535)
(0.13 0.005 0.535)
(0.135 0.005 0.535)
(0.14 0.005 0.535)
(0.145 0.005 0.535)
(0.15 0.005 0.535)
(0.155 0.005 0.535)
(0.16 0.005 0.535)
(0.165 0.005 0.535)
(0.17 0.005 0.535)
(0.175 0.005 0.535)
(0.18 0.005 0.535)
(0.185 0.005 0.535)
(0.19 0.005 0.535)
(0.195 0.005 0.535)
(0.2 0.005 0.535)
(0.205 0.005 0.535)
(0.21 0.005 0.535)
(0.215 0.005 0.535)
(0.22 0.005 0.535)
(0.225 0.005 0.535)
(0.23 0.005 0.535)
(0.235 0.005 0.535)
(0.24 0.005 0.535)
(0.245 0.005 0.535)
(0.25 0.005 0.535)
(0.255 0.005 0.535)
(0.26 0.005 0.535)
(0.265 0.005 0.535)
(0.27 0.005 0.535)
(0.275 0.005 0.535)
(0.28 0.005 0.535)
(0.285 0.005 0.535)
(0.29 0.005 0.535)
(0.295 0.005 0.535)
(0.3 0.005 0.535)
(0 0.01 0.535)
(0.005 0.01 0.535)
(0.01 0.01 0.535)
(0.015 0.01 0.535)
(0.02 0.01 0.535)
(0.025 0.01 0.535)
(0.03 0.01 0.535)
(0.035 0.01 0.535)
(0.04 0.01 0.535)
(0.045 0.01 0.535)
(0.05 0.01 0.535)
(0.055 0.01 0.535)
(0.06 0.01 0.535)
(0.065 0.01 0.535)
(0.07 0.01 0.535)
(0.075 0.01 0.535)
(0.08 0.01 0.535)
(0.085 0.01 0.535)
(0.09 0.01 0.535)
(0.095 0.01 0.535)
(0.1 0.01 0.535)
(0.105 0.01 0.535)
(0.11 0.01 0.535)
(0.115 0.01 0.535)
(0.12 0.01 0.535)
(0.125 0.01 0.535)
(0.13 0.01 0.535)
(0.135 0.01 0.535)
(0.14 0.01 0.535)
(0.145 0.01 0.535)
(0.15 0.01 0.535)
(0.155 0.01 0.535)
(0.16 0.01 0.535)
(0.165 0.01 0.535)
(0.17 0.01 0.535)
(0.175 0.01 0.535)
(0.18 0.01 0.535)
(0.185 0.01 0.535)
(0.19 0.01 0.535)
(0.195 0.01 0.535)
(0.2 0.01 0.535)
(0.205 0.01 0.535)
(0.21 0.01 0.535)
(0.215 0.01 0.535)
(0.22 0.01 0.535)
(0.225 0.01 0.535)
(0.23 0.01 0.535)
(0.235 0.01 0.535)
(0.24 0.01 0.535)
(0.245 0.01 0.535)
(0.25 0.01 0.535)
(0.255 0.01 0.535)
(0.26 0.01 0.535)
(0.265 0.01 0.535)
(0.27 0.01 0.535)
(0.275 0.01 0.535)
(0.28 0.01 0.535)
(0.285 0.01 0.535)
(0.29 0.01 0.535)
(0.295 0.01 0.535)
(0.3 0.01 0.535)
(0 0 0.54)
(0.005 0 0.54)
(0.01 0 0.54)
(0.015 0 0.54)
(0.02 0 0.54)
(0.025 0 0.54)
(0.03 0 0.54)
(0.035 0 0.54)
(0.04 0 0.54)
(0.045 0 0.54)
(0.05 0 0.54)
(0.055 0 0.54)
(0.06 0 0.54)
(0.065 0 0.54)
(0.07 0 0.54)
(0.075 0 0.54)
(0.08 0 0.54)
(0.085 0 0.54)
(0.09 0 0.54)
(0.095 0 0.54)
(0.1 0 0.54)
(0.105 0 0.54)
(0.11 0 0.54)
(0.115 0 0.54)
(0.12 0 0.54)
(0.125 0 0.54)
(0.13 0 0.54)
(0.135 0 0.54)
(0.14 0 0.54)
(0.145 0 0.54)
(0.15 0 0.54)
(0.155 0 0.54)
(0.16 0 0.54)
(0.165 0 0.54)
(0.17 0 0.54)
(0.175 0 0.54)
(0.18 0 0.54)
(0.185 0 0.54)
(0.19 0 0.54)
(0.195 0 0.54)
(0.2 0 0.54)
(0.205 0 0.54)
(0.21 0 0.54)
(0.215 0 0.54)
(0.22 0 0.54)
(0.225 0 0.54)
(0.23 0 0.54)
(0.235 0 0.54)
(0.24 0 0.54)
(0.245 0 0.54)
(0.25 0 0.54)
(0.255 0 0.54)
(0.26 0 0.54)
(0.265 0 0.54)
(0.27 0 0.54)
(0.275 0 0.54)
(0.28 0 0.54)
(0.285 0 0.54)
(0.29 0 0.54)
(0.295 0 0.54)
(0.3 0 0.54)
(0 0.005 0.54)
(0.005 0.005 0.54)
(0.01 0.005 0.54)
(0.015 0.005 0.54)
(0.02 0.005 0.54)
(0.025 0.005 0.54)
(0.03 0.005 0.54)
(0.035 0.005 0.54)
(0.04 0.005 0.54)
(0.045 0.005 0.54)
(0.05 0.005 0.54)
(0.055 0.005 0.54)
(0.06 0.005 0.54)
(0.065 0.005 0.54)
(0.07 0.005 0.54)
(0.075 0.005 0.54)
(0.08 0.005 0.54)
(0.085 0.005 0.54)
(0.09 0.005 0.54)
(0.095 0.005 0.54)
(0.1 0.005 0.54)
(0.105 0.005 0.54)
(0.11 0.005 0.54)
(0.115 0.005 0.54)
(0.12 0.005 0.54)
(0.125 0.005 0.54)
(0.13 0.005 0.54)
(0.135 0.005 0.54)
(0.14 0.005 0.54)
(0.145 0.005 0.54)
(0.15 0.005 0.54)
(0.155 0.005 0.54)
(0.16 0.005 0.54)
(0.165 0.005 0.54)
(0.17 0.005 0.54)
(0.175 0.005 0.54)
(0.18 0.005 0.54)
(0.185 0.005 0.54)
(0.19 0.005 0.54)
(0.195 0.005 0.54)
(0.2 0.005 0.54)
(0.205 0.005 0.54)
(0.21 0.005 0.54)
(0.215 0.005 0.54)
(0.22 0.005 0.54)
(0.225 0.005 0.54)
(0.23 0.005 0.54)
(0.235 0.005 0.54)
(0.24 0.005 0.54)
(0.245 0.005 0.54)
(0.25 0.005 0.54)
(0.255 0.005 0.54)
(0.26 0.005 0.54)
(0.265 0.005 0.54)
(0.27 0.005 0.54)
(0.275 0.005 0.54)
(0.28 0.005 0.54)
(0.285 0.005 0.54)
(0.29 0.005 0.54)
(0.295 0.005 0.54)
(0.3 0.005 0.54)
(0 0.01 0.54)
(0.005 0.01 0.54)
(0.01 0.01 0.54)
(0.015 0.01 0.54)
(0.02 0.01 0.54)
(0.025 0.01 0.54)
(0.03 0.01 0.54)
(0.035 0.01 0.54)
(0.04 0.01 0.54)
(0.045 0.01 0.54)
(0.05 0.01 0.54)
(0.055 0.01 0.54)
(0.06 0.01 0.54)
(0.065 0.01 0.54)
(0.07 0.01 0.54)
(0.075 0.01 0.54)
(0.08 0.01 0.54)
(0.085 0.01 0.54)
(0.09 0.01 0.54)
(0.095 0.01 0.54)
(0.1 0.01 0.54)
(0.105 0.01 0.54)
(0.11 0.01 0.54)
(0.115 0.01 0.54)
(0.12 0.01 0.54)
(0.125 0.01 0.54)
(0.13 0.01 0.54)
(0.135 0.01 0.54)
(0.14 0.01 0.54)
(0.145 0.01 0.54)
(0.15 0.01 0.54)
(0.155 0.01 0.54)
(0.16 0.01 0.54)
(0.165 0.01 0.54)
(0.17 0.01 0.54)
(0.175 0.01 0.54)
(0.18 0.01 0.54)
(0.185 0.01 0.54)
(0.19 0.01 0.54)
(0.195 0.01 0.54)
(0.2 0.01 0.54)
(0.205 0.01 0.54)
(0.21 0.01 0.54)
(0.215 0.01 0.54)
(0.22 0.01 0.54)
(0.225 0.01 0.54)
(0.23 0.01 0.54)
(0.235 0.01 0.54)
(0.24 0.01 0.54)
(0.245 0.01 0.54)
(0.25 0.01 0.54)
(0.255 0.01 0.54)
(0.26 0.01 0.54)
(0.265 0.01 0.54)
(0.27 0.01 0.54)
(0.275 0.01 0.54)
(0.28 0.01 0.54)
(0.285 0.01 0.54)
(0.29 0.01 0.54)
(0.295 0.01 0.54)
(0.3 0.01 0.54)
(0 0 0.545)
(0.005 0 0.545)
(0.01 0 0.545)
(0.015 0 0.545)
(0.02 0 0.545)
(0.025 0 0.545)
(0.03 0 0.545)
(0.035 0 0.545)
(0.04 0 0.545)
(0.045 0 0.545)
(0.05 0 0.545)
(0.055 0 0.545)
(0.06 0 0.545)
(0.065 0 0.545)
(0.07 0 0.545)
(0.075 0 0.545)
(0.08 0 0.545)
(0.085 0 0.545)
(0.09 0 0.545)
(0.095 0 0.545)
(0.1 0 0.545)
(0.105 0 0.545)
(0.11 0 0.545)
(0.115 0 0.545)
(0.12 0 0.545)
(0.125 0 0.545)
(0.13 0 0.545)
(0.135 0 0.545)
(0.14 0 0.545)
(0.145 0 0.545)
(0.15 0 0.545)
(0.155 0 0.545)
(0.16 0 0.545)
(0.165 0 0.545)
(0.17 0 0.545)
(0.175 0 0.545)
(0.18 0 0.545)
(0.185 0 0.545)
(0.19 0 0.545)
(0.195 0 0.545)
(0.2 0 0.545)
(0.205 0 0.545)
(0.21 0 0.545)
(0.215 0 0.545)
(0.22 0 0.545)
(0.225 0 0.545)
(0.23 0 0.545)
(0.235 0 0.545)
(0.24 0 0.545)
(0.245 0 0.545)
(0.25 0 0.545)
(0.255 0 0.545)
(0.26 0 0.545)
(0.265 0 0.545)
(0.27 0 0.545)
(0.275 0 0.545)
(0.28 0 0.545)
(0.285 0 0.545)
(0.29 0 0.545)
(0.295 0 0.545)
(0.3 0 0.545)
(0 0.005 0.545)
(0.005 0.005 0.545)
(0.01 0.005 0.545)
(0.015 0.005 0.545)
(0.02 0.005 0.545)
(0.025 0.005 0.545)
(0.03 0.005 0.545)
(0.035 0.005 0.545)
(0.04 0.005 0.545)
(0.045 0.005 0.545)
(0.05 0.005 0.545)
(0.055 0.005 0.545)
(0.06 0.005 0.545)
(0.065 0.005 0.545)
(0.07 0.005 0.545)
(0.075 0.005 0.545)
(0.08 0.005 0.545)
(0.085 0.005 0.545)
(0.09 0.005 0.545)
(0.095 0.005 0.545)
(0.1 0.005 0.545)
(0.105 0.005 0.545)
(0.11 0.005 0.545)
(0.115 0.005 0.545)
(0.12 0.005 0.545)
(0.125 0.005 0.545)
(0.13 0.005 0.545)
(0.135 0.005 0.545)
(0.14 0.005 0.545)
(0.145 0.005 0.545)
(0.15 0.005 0.545)
(0.155 0.005 0.545)
(0.16 0.005 0.545)
(0.165 0.005 0.545)
(0.17 0.005 0.545)
(0.175 0.005 0.545)
(0.18 0.005 0.545)
(0.185 0.005 0.545)
(0.19 0.005 0.545)
(0.195 0.005 0.545)
(0.2 0.005 0.545)
(0.205 0.005 0.545)
(0.21 0.005 0.545)
(0.215 0.005 0.545)
(0.22 0.005 0.545)
(0.225 0.005 0.545)
(0.23 0.005 0.545)
(0.235 0.005 0.545)
(0.24 0.005 0.545)
(0.245 0.005 0.545)
(0.25 0.005 0.545)
(0.255 0.005 0.545)
(0.26 0.005 0.545)
(0.265 0.005 0.545)
(0.27 0.005 0.545)
(0.275 0.005 0.545)
(0.28 0.005 0.545)
(0.285 0.005 0.545)
(0.29 0.005 0.545)
(0.295 0.005 0.545)
(0.3 0.005 0.545)
(0 0.01 0.545)
(0.005 0.01 0.545)
(0.01 0.01 0.545)
(0.015 0.01 0.545)
(0.02 0.01 0.545)
(0.025 0.01 0.545)
(0.03 0.01 0.545)
(0.035 0.01 0.545)
(0.04 0.01 0.545)
(0.045 0.01 0.545)
(0.05 0.01 0.545)
(0.055 0.01 0.545)
(0.06 0.01 0.545)
(0.065 0.01 0.545)
(0.07 0.01 0.545)
(0.075 0.01 0.545)
(0.08 0.01 0.545)
(0.085 0.01 0.545)
(0.09 0.01 0.545)
(0.095 0.01 0.545)
(0.1 0.01 0.545)
(0.105 0.01 0.545)
(0.11 0.01 0.545)
(0.115 0.01 0.545)
(0.12 0.01 0.545)
(0.125 0.01 0.545)
(0.13 0.01 0.545)
(0.135 0.01 0.545)
(0.14 0.01 0.545)
(0.145 0.01 0.545)
(0.15 0.01 0.545)
(0.155 0.01 0.545)
(0.16 0.01 0.545)
(0.165 0.01 0.545)
(0.17 0.01 0.545)
(0.175 0.01 0.545)
(0.18 0.01 0.545)
(0.185 0.01 0.545)
(0.19 0.01 0.545)
(0.195 0.01 0.545)
(0.2 0.01 0.545)
(0.205 0.01 0.545)
(0.21 0.01 0.545)
(0.215 0.01 0.545)
(0.22 0.01 0.545)
(0.225 0.01 0.545)
(0.23 0.01 0.545)
(0.235 0.01 0.545)
(0.24 0.01 0.545)
(0.245 0.01 0.545)
(0.25 0.01 0.545)
(0.255 0.01 0.545)
(0.26 0.01 0.545)
(0.265 0.01 0.545)
(0.27 0.01 0.545)
(0.275 0.01 0.545)
(0.28 0.01 0.545)
(0.285 0.01 0.545)
(0.29 0.01 0.545)
(0.295 0.01 0.545)
(0.3 0.01 0.545)
(0 0 0.55)
(0.005 0 0.55)
(0.01 0 0.55)
(0.015 0 0.55)
(0.02 0 0.55)
(0.025 0 0.55)
(0.03 0 0.55)
(0.035 0 0.55)
(0.04 0 0.55)
(0.045 0 0.55)
(0.05 0 0.55)
(0.055 0 0.55)
(0.06 0 0.55)
(0.065 0 0.55)
(0.07 0 0.55)
(0.075 0 0.55)
(0.08 0 0.55)
(0.085 0 0.55)
(0.09 0 0.55)
(0.095 0 0.55)
(0.1 0 0.55)
(0.105 0 0.55)
(0.11 0 0.55)
(0.115 0 0.55)
(0.12 0 0.55)
(0.125 0 0.55)
(0.13 0 0.55)
(0.135 0 0.55)
(0.14 0 0.55)
(0.145 0 0.55)
(0.15 0 0.55)
(0.155 0 0.55)
(0.16 0 0.55)
(0.165 0 0.55)
(0.17 0 0.55)
(0.175 0 0.55)
(0.18 0 0.55)
(0.185 0 0.55)
(0.19 0 0.55)
(0.195 0 0.55)
(0.2 0 0.55)
(0.205 0 0.55)
(0.21 0 0.55)
(0.215 0 0.55)
(0.22 0 0.55)
(0.225 0 0.55)
(0.23 0 0.55)
(0.235 0 0.55)
(0.24 0 0.55)
(0.245 0 0.55)
(0.25 0 0.55)
(0.255 0 0.55)
(0.26 0 0.55)
(0.265 0 0.55)
(0.27 0 0.55)
(0.275 0 0.55)
(0.28 0 0.55)
(0.285 0 0.55)
(0.29 0 0.55)
(0.295 0 0.55)
(0.3 0 0.55)
(0 0.005 0.55)
(0.005 0.005 0.55)
(0.01 0.005 0.55)
(0.015 0.005 0.55)
(0.02 0.005 0.55)
(0.025 0.005 0.55)
(0.03 0.005 0.55)
(0.035 0.005 0.55)
(0.04 0.005 0.55)
(0.045 0.005 0.55)
(0.05 0.005 0.55)
(0.055 0.005 0.55)
(0.06 0.005 0.55)
(0.065 0.005 0.55)
(0.07 0.005 0.55)
(0.075 0.005 0.55)
(0.08 0.005 0.55)
(0.085 0.005 0.55)
(0.09 0.005 0.55)
(0.095 0.005 0.55)
(0.1 0.005 0.55)
(0.105 0.005 0.55)
(0.11 0.005 0.55)
(0.115 0.005 0.55)
(0.12 0.005 0.55)
(0.125 0.005 0.55)
(0.13 0.005 0.55)
(0.135 0.005 0.55)
(0.14 0.005 0.55)
(0.145 0.005 0.55)
(0.15 0.005 0.55)
(0.155 0.005 0.55)
(0.16 0.005 0.55)
(0.165 0.005 0.55)
(0.17 0.005 0.55)
(0.175 0.005 0.55)
(0.18 0.005 0.55)
(0.185 0.005 0.55)
(0.19 0.005 0.55)
(0.195 0.005 0.55)
(0.2 0.005 0.55)
(0.205 0.005 0.55)
(0.21 0.005 0.55)
(0.215 0.005 0.55)
(0.22 0.005 0.55)
(0.225 0.005 0.55)
(0.23 0.005 0.55)
(0.235 0.005 0.55)
(0.24 0.005 0.55)
(0.245 0.005 0.55)
(0.25 0.005 0.55)
(0.255 0.005 0.55)
(0.26 0.005 0.55)
(0.265 0.005 0.55)
(0.27 0.005 0.55)
(0.275 0.005 0.55)
(0.28 0.005 0.55)
(0.285 0.005 0.55)
(0.29 0.005 0.55)
(0.295 0.005 0.55)
(0.3 0.005 0.55)
(0 0.01 0.55)
(0.005 0.01 0.55)
(0.01 0.01 0.55)
(0.015 0.01 0.55)
(0.02 0.01 0.55)
(0.025 0.01 0.55)
(0.03 0.01 0.55)
(0.035 0.01 0.55)
(0.04 0.01 0.55)
(0.045 0.01 0.55)
(0.05 0.01 0.55)
(0.055 0.01 0.55)
(0.06 0.01 0.55)
(0.065 0.01 0.55)
(0.07 0.01 0.55)
(0.075 0.01 0.55)
(0.08 0.01 0.55)
(0.085 0.01 0.55)
(0.09 0.01 0.55)
(0.095 0.01 0.55)
(0.1 0.01 0.55)
(0.105 0.01 0.55)
(0.11 0.01 0.55)
(0.115 0.01 0.55)
(0.12 0.01 0.55)
(0.125 0.01 0.55)
(0.13 0.01 0.55)
(0.135 0.01 0.55)
(0.14 0.01 0.55)
(0.145 0.01 0.55)
(0.15 0.01 0.55)
(0.155 0.01 0.55)
(0.16 0.01 0.55)
(0.165 0.01 0.55)
(0.17 0.01 0.55)
(0.175 0.01 0.55)
(0.18 0.01 0.55)
(0.185 0.01 0.55)
(0.19 0.01 0.55)
(0.195 0.01 0.55)
(0.2 0.01 0.55)
(0.205 0.01 0.55)
(0.21 0.01 0.55)
(0.215 0.01 0.55)
(0.22 0.01 0.55)
(0.225 0.01 0.55)
(0.23 0.01 0.55)
(0.235 0.01 0.55)
(0.24 0.01 0.55)
(0.245 0.01 0.55)
(0.25 0.01 0.55)
(0.255 0.01 0.55)
(0.26 0.01 0.55)
(0.265 0.01 0.55)
(0.27 0.01 0.55)
(0.275 0.01 0.55)
(0.28 0.01 0.55)
(0.285 0.01 0.55)
(0.29 0.01 0.55)
(0.295 0.01 0.55)
(0.3 0.01 0.55)
(0 0 0.555)
(0.005 0 0.555)
(0.01 0 0.555)
(0.015 0 0.555)
(0.02 0 0.555)
(0.025 0 0.555)
(0.03 0 0.555)
(0.035 0 0.555)
(0.04 0 0.555)
(0.045 0 0.555)
(0.05 0 0.555)
(0.055 0 0.555)
(0.06 0 0.555)
(0.065 0 0.555)
(0.07 0 0.555)
(0.075 0 0.555)
(0.08 0 0.555)
(0.085 0 0.555)
(0.09 0 0.555)
(0.095 0 0.555)
(0.1 0 0.555)
(0.105 0 0.555)
(0.11 0 0.555)
(0.115 0 0.555)
(0.12 0 0.555)
(0.125 0 0.555)
(0.13 0 0.555)
(0.135 0 0.555)
(0.14 0 0.555)
(0.145 0 0.555)
(0.15 0 0.555)
(0.155 0 0.555)
(0.16 0 0.555)
(0.165 0 0.555)
(0.17 0 0.555)
(0.175 0 0.555)
(0.18 0 0.555)
(0.185 0 0.555)
(0.19 0 0.555)
(0.195 0 0.555)
(0.2 0 0.555)
(0.205 0 0.555)
(0.21 0 0.555)
(0.215 0 0.555)
(0.22 0 0.555)
(0.225 0 0.555)
(0.23 0 0.555)
(0.235 0 0.555)
(0.24 0 0.555)
(0.245 0 0.555)
(0.25 0 0.555)
(0.255 0 0.555)
(0.26 0 0.555)
(0.265 0 0.555)
(0.27 0 0.555)
(0.275 0 0.555)
(0.28 0 0.555)
(0.285 0 0.555)
(0.29 0 0.555)
(0.295 0 0.555)
(0.3 0 0.555)
(0 0.005 0.555)
(0.005 0.005 0.555)
(0.01 0.005 0.555)
(0.015 0.005 0.555)
(0.02 0.005 0.555)
(0.025 0.005 0.555)
(0.03 0.005 0.555)
(0.035 0.005 0.555)
(0.04 0.005 0.555)
(0.045 0.005 0.555)
(0.05 0.005 0.555)
(0.055 0.005 0.555)
(0.06 0.005 0.555)
(0.065 0.005 0.555)
(0.07 0.005 0.555)
(0.075 0.005 0.555)
(0.08 0.005 0.555)
(0.085 0.005 0.555)
(0.09 0.005 0.555)
(0.095 0.005 0.555)
(0.1 0.005 0.555)
(0.105 0.005 0.555)
(0.11 0.005 0.555)
(0.115 0.005 0.555)
(0.12 0.005 0.555)
(0.125 0.005 0.555)
(0.13 0.005 0.555)
(0.135 0.005 0.555)
(0.14 0.005 0.555)
(0.145 0.005 0.555)
(0.15 0.005 0.555)
(0.155 0.005 0.555)
(0.16 0.005 0.555)
(0.165 0.005 0.555)
(0.17 0.005 0.555)
(0.175 0.005 0.555)
(0.18 0.005 0.555)
(0.185 0.005 0.555)
(0.19 0.005 0.555)
(0.195 0.005 0.555)
(0.2 0.005 0.555)
(0.205 0.005 0.555)
(0.21 0.005 0.555)
(0.215 0.005 0.555)
(0.22 0.005 0.555)
(0.225 0.005 0.555)
(0.23 0.005 0.555)
(0.235 0.005 0.555)
(0.24 0.005 0.555)
(0.245 0.005 0.555)
(0.25 0.005 0.555)
(0.255 0.005 0.555)
(0.26 0.005 0.555)
(0.265 0.005 0.555)
(0.27 0.005 0.555)
(0.275 0.005 0.555)
(0.28 0.005 0.555)
(0.285 0.005 0.555)
(0.29 0.005 0.555)
(0.295 0.005 0.555)
(0.3 0.005 0.555)
(0 0.01 0.555)
(0.005 0.01 0.555)
(0.01 0.01 0.555)
(0.015 0.01 0.555)
(0.02 0.01 0.555)
(0.025 0.01 0.555)
(0.03 0.01 0.555)
(0.035 0.01 0.555)
(0.04 0.01 0.555)
(0.045 0.01 0.555)
(0.05 0.01 0.555)
(0.055 0.01 0.555)
(0.06 0.01 0.555)
(0.065 0.01 0.555)
(0.07 0.01 0.555)
(0.075 0.01 0.555)
(0.08 0.01 0.555)
(0.085 0.01 0.555)
(0.09 0.01 0.555)
(0.095 0.01 0.555)
(0.1 0.01 0.555)
(0.105 0.01 0.555)
(0.11 0.01 0.555)
(0.115 0.01 0.555)
(0.12 0.01 0.555)
(0.125 0.01 0.555)
(0.13 0.01 0.555)
(0.135 0.01 0.555)
(0.14 0.01 0.555)
(0.145 0.01 0.555)
(0.15 0.01 0.555)
(0.155 0.01 0.555)
(0.16 0.01 0.555)
(0.165 0.01 0.555)
(0.17 0.01 0.555)
(0.175 0.01 0.555)
(0.18 0.01 0.555)
(0.185 0.01 0.555)
(0.19 0.01 0.555)
(0.195 0.01 0.555)
(0.2 0.01 0.555)
(0.205 0.01 0.555)
(0.21 0.01 0.555)
(0.215 0.01 0.555)
(0.22 0.01 0.555)
(0.225 0.01 0.555)
(0.23 0.01 0.555)
(0.235 0.01 0.555)
(0.24 0.01 0.555)
(0.245 0.01 0.555)
(0.25 0.01 0.555)
(0.255 0.01 0.555)
(0.26 0.01 0.555)
(0.265 0.01 0.555)
(0.27 0.01 0.555)
(0.275 0.01 0.555)
(0.28 0.01 0.555)
(0.285 0.01 0.555)
(0.29 0.01 0.555)
(0.295 0.01 0.555)
(0.3 0.01 0.555)
(0 0 0.56)
(0.005 0 0.56)
(0.01 0 0.56)
(0.015 0 0.56)
(0.02 0 0.56)
(0.025 0 0.56)
(0.03 0 0.56)
(0.035 0 0.56)
(0.04 0 0.56)
(0.045 0 0.56)
(0.05 0 0.56)
(0.055 0 0.56)
(0.06 0 0.56)
(0.065 0 0.56)
(0.07 0 0.56)
(0.075 0 0.56)
(0.08 0 0.56)
(0.085 0 0.56)
(0.09 0 0.56)
(0.095 0 0.56)
(0.1 0 0.56)
(0.105 0 0.56)
(0.11 0 0.56)
(0.115 0 0.56)
(0.12 0 0.56)
(0.125 0 0.56)
(0.13 0 0.56)
(0.135 0 0.56)
(0.14 0 0.56)
(0.145 0 0.56)
(0.15 0 0.56)
(0.155 0 0.56)
(0.16 0 0.56)
(0.165 0 0.56)
(0.17 0 0.56)
(0.175 0 0.56)
(0.18 0 0.56)
(0.185 0 0.56)
(0.19 0 0.56)
(0.195 0 0.56)
(0.2 0 0.56)
(0.205 0 0.56)
(0.21 0 0.56)
(0.215 0 0.56)
(0.22 0 0.56)
(0.225 0 0.56)
(0.23 0 0.56)
(0.235 0 0.56)
(0.24 0 0.56)
(0.245 0 0.56)
(0.25 0 0.56)
(0.255 0 0.56)
(0.26 0 0.56)
(0.265 0 0.56)
(0.27 0 0.56)
(0.275 0 0.56)
(0.28 0 0.56)
(0.285 0 0.56)
(0.29 0 0.56)
(0.295 0 0.56)
(0.3 0 0.56)
(0 0.005 0.56)
(0.005 0.005 0.56)
(0.01 0.005 0.56)
(0.015 0.005 0.56)
(0.02 0.005 0.56)
(0.025 0.005 0.56)
(0.03 0.005 0.56)
(0.035 0.005 0.56)
(0.04 0.005 0.56)
(0.045 0.005 0.56)
(0.05 0.005 0.56)
(0.055 0.005 0.56)
(0.06 0.005 0.56)
(0.065 0.005 0.56)
(0.07 0.005 0.56)
(0.075 0.005 0.56)
(0.08 0.005 0.56)
(0.085 0.005 0.56)
(0.09 0.005 0.56)
(0.095 0.005 0.56)
(0.1 0.005 0.56)
(0.105 0.005 0.56)
(0.11 0.005 0.56)
(0.115 0.005 0.56)
(0.12 0.005 0.56)
(0.125 0.005 0.56)
(0.13 0.005 0.56)
(0.135 0.005 0.56)
(0.14 0.005 0.56)
(0.145 0.005 0.56)
(0.15 0.005 0.56)
(0.155 0.005 0.56)
(0.16 0.005 0.56)
(0.165 0.005 0.56)
(0.17 0.005 0.56)
(0.175 0.005 0.56)
(0.18 0.005 0.56)
(0.185 0.005 0.56)
(0.19 0.005 0.56)
(0.195 0.005 0.56)
(0.2 0.005 0.56)
(0.205 0.005 0.56)
(0.21 0.005 0.56)
(0.215 0.005 0.56)
(0.22 0.005 0.56)
(0.225 0.005 0.56)
(0.23 0.005 0.56)
(0.235 0.005 0.56)
(0.24 0.005 0.56)
(0.245 0.005 0.56)
(0.25 0.005 0.56)
(0.255 0.005 0.56)
(0.26 0.005 0.56)
(0.265 0.005 0.56)
(0.27 0.005 0.56)
(0.275 0.005 0.56)
(0.28 0.005 0.56)
(0.285 0.005 0.56)
(0.29 0.005 0.56)
(0.295 0.005 0.56)
(0.3 0.005 0.56)
(0 0.01 0.56)
(0.005 0.01 0.56)
(0.01 0.01 0.56)
(0.015 0.01 0.56)
(0.02 0.01 0.56)
(0.025 0.01 0.56)
(0.03 0.01 0.56)
(0.035 0.01 0.56)
(0.04 0.01 0.56)
(0.045 0.01 0.56)
(0.05 0.01 0.56)
(0.055 0.01 0.56)
(0.06 0.01 0.56)
(0.065 0.01 0.56)
(0.07 0.01 0.56)
(0.075 0.01 0.56)
(0.08 0.01 0.56)
(0.085 0.01 0.56)
(0.09 0.01 0.56)
(0.095 0.01 0.56)
(0.1 0.01 0.56)
(0.105 0.01 0.56)
(0.11 0.01 0.56)
(0.115 0.01 0.56)
(0.12 0.01 0.56)
(0.125 0.01 0.56)
(0.13 0.01 0.56)
(0.135 0.01 0.56)
(0.14 0.01 0.56)
(0.145 0.01 0.56)
(0.15 0.01 0.56)
(0.155 0.01 0.56)
(0.16 0.01 0.56)
(0.165 0.01 0.56)
(0.17 0.01 0.56)
(0.175 0.01 0.56)
(0.18 0.01 0.56)
(0.185 0.01 0.56)
(0.19 0.01 0.56)
(0.195 0.01 0.56)
(0.2 0.01 0.56)
(0.205 0.01 0.56)
(0.21 0.01 0.56)
(0.215 0.01 0.56)
(0.22 0.01 0.56)
(0.225 0.01 0.56)
(0.23 0.01 0.56)
(0.235 0.01 0.56)
(0.24 0.01 0.56)
(0.245 0.01 0.56)
(0.25 0.01 0.56)
(0.255 0.01 0.56)
(0.26 0.01 0.56)
(0.265 0.01 0.56)
(0.27 0.01 0.56)
(0.275 0.01 0.56)
(0.28 0.01 0.56)
(0.285 0.01 0.56)
(0.29 0.01 0.56)
(0.295 0.01 0.56)
(0.3 0.01 0.56)
(0 0 0.565)
(0.005 0 0.565)
(0.01 0 0.565)
(0.015 0 0.565)
(0.02 0 0.565)
(0.025 0 0.565)
(0.03 0 0.565)
(0.035 0 0.565)
(0.04 0 0.565)
(0.045 0 0.565)
(0.05 0 0.565)
(0.055 0 0.565)
(0.06 0 0.565)
(0.065 0 0.565)
(0.07 0 0.565)
(0.075 0 0.565)
(0.08 0 0.565)
(0.085 0 0.565)
(0.09 0 0.565)
(0.095 0 0.565)
(0.1 0 0.565)
(0.105 0 0.565)
(0.11 0 0.565)
(0.115 0 0.565)
(0.12 0 0.565)
(0.125 0 0.565)
(0.13 0 0.565)
(0.135 0 0.565)
(0.14 0 0.565)
(0.145 0 0.565)
(0.15 0 0.565)
(0.155 0 0.565)
(0.16 0 0.565)
(0.165 0 0.565)
(0.17 0 0.565)
(0.175 0 0.565)
(0.18 0 0.565)
(0.185 0 0.565)
(0.19 0 0.565)
(0.195 0 0.565)
(0.2 0 0.565)
(0.205 0 0.565)
(0.21 0 0.565)
(0.215 0 0.565)
(0.22 0 0.565)
(0.225 0 0.565)
(0.23 0 0.565)
(0.235 0 0.565)
(0.24 0 0.565)
(0.245 0 0.565)
(0.25 0 0.565)
(0.255 0 0.565)
(0.26 0 0.565)
(0.265 0 0.565)
(0.27 0 0.565)
(0.275 0 0.565)
(0.28 0 0.565)
(0.285 0 0.565)
(0.29 0 0.565)
(0.295 0 0.565)
(0.3 0 0.565)
(0 0.005 0.565)
(0.005 0.005 0.565)
(0.01 0.005 0.565)
(0.015 0.005 0.565)
(0.02 0.005 0.565)
(0.025 0.005 0.565)
(0.03 0.005 0.565)
(0.035 0.005 0.565)
(0.04 0.005 0.565)
(0.045 0.005 0.565)
(0.05 0.005 0.565)
(0.055 0.005 0.565)
(0.06 0.005 0.565)
(0.065 0.005 0.565)
(0.07 0.005 0.565)
(0.075 0.005 0.565)
(0.08 0.005 0.565)
(0.085 0.005 0.565)
(0.09 0.005 0.565)
(0.095 0.005 0.565)
(0.1 0.005 0.565)
(0.105 0.005 0.565)
(0.11 0.005 0.565)
(0.115 0.005 0.565)
(0.12 0.005 0.565)
(0.125 0.005 0.565)
(0.13 0.005 0.565)
(0.135 0.005 0.565)
(0.14 0.005 0.565)
(0.145 0.005 0.565)
(0.15 0.005 0.565)
(0.155 0.005 0.565)
(0.16 0.005 0.565)
(0.165 0.005 0.565)
(0.17 0.005 0.565)
(0.175 0.005 0.565)
(0.18 0.005 0.565)
(0.185 0.005 0.565)
(0.19 0.005 0.565)
(0.195 0.005 0.565)
(0.2 0.005 0.565)
(0.205 0.005 0.565)
(0.21 0.005 0.565)
(0.215 0.005 0.565)
(0.22 0.005 0.565)
(0.225 0.005 0.565)
(0.23 0.005 0.565)
(0.235 0.005 0.565)
(0.24 0.005 0.565)
(0.245 0.005 0.565)
(0.25 0.005 0.565)
(0.255 0.005 0.565)
(0.26 0.005 0.565)
(0.265 0.005 0.565)
(0.27 0.005 0.565)
(0.275 0.005 0.565)
(0.28 0.005 0.565)
(0.285 0.005 0.565)
(0.29 0.005 0.565)
(0.295 0.005 0.565)
(0.3 0.005 0.565)
(0 0.01 0.565)
(0.005 0.01 0.565)
(0.01 0.01 0.565)
(0.015 0.01 0.565)
(0.02 0.01 0.565)
(0.025 0.01 0.565)
(0.03 0.01 0.565)
(0.035 0.01 0.565)
(0.04 0.01 0.565)
(0.045 0.01 0.565)
(0.05 0.01 0.565)
(0.055 0.01 0.565)
(0.06 0.01 0.565)
(0.065 0.01 0.565)
(0.07 0.01 0.565)
(0.075 0.01 0.565)
(0.08 0.01 0.565)
(0.085 0.01 0.565)
(0.09 0.01 0.565)
(0.095 0.01 0.565)
(0.1 0.01 0.565)
(0.105 0.01 0.565)
(0.11 0.01 0.565)
(0.115 0.01 0.565)
(0.12 0.01 0.565)
(0.125 0.01 0.565)
(0.13 0.01 0.565)
(0.135 0.01 0.565)
(0.14 0.01 0.565)
(0.145 0.01 0.565)
(0.15 0.01 0.565)
(0.155 0.01 0.565)
(0.16 0.01 0.565)
(0.165 0.01 0.565)
(0.17 0.01 0.565)
(0.175 0.01 0.565)
(0.18 0.01 0.565)
(0.185 0.01 0.565)
(0.19 0.01 0.565)
(0.195 0.01 0.565)
(0.2 0.01 0.565)
(0.205 0.01 0.565)
(0.21 0.01 0.565)
(0.215 0.01 0.565)
(0.22 0.01 0.565)
(0.225 0.01 0.565)
(0.23 0.01 0.565)
(0.235 0.01 0.565)
(0.24 0.01 0.565)
(0.245 0.01 0.565)
(0.25 0.01 0.565)
(0.255 0.01 0.565)
(0.26 0.01 0.565)
(0.265 0.01 0.565)
(0.27 0.01 0.565)
(0.275 0.01 0.565)
(0.28 0.01 0.565)
(0.285 0.01 0.565)
(0.29 0.01 0.565)
(0.295 0.01 0.565)
(0.3 0.01 0.565)
(0 0 0.57)
(0.005 0 0.57)
(0.01 0 0.57)
(0.015 0 0.57)
(0.02 0 0.57)
(0.025 0 0.57)
(0.03 0 0.57)
(0.035 0 0.57)
(0.04 0 0.57)
(0.045 0 0.57)
(0.05 0 0.57)
(0.055 0 0.57)
(0.06 0 0.57)
(0.065 0 0.57)
(0.07 0 0.57)
(0.075 0 0.57)
(0.08 0 0.57)
(0.085 0 0.57)
(0.09 0 0.57)
(0.095 0 0.57)
(0.1 0 0.57)
(0.105 0 0.57)
(0.11 0 0.57)
(0.115 0 0.57)
(0.12 0 0.57)
(0.125 0 0.57)
(0.13 0 0.57)
(0.135 0 0.57)
(0.14 0 0.57)
(0.145 0 0.57)
(0.15 0 0.57)
(0.155 0 0.57)
(0.16 0 0.57)
(0.165 0 0.57)
(0.17 0 0.57)
(0.175 0 0.57)
(0.18 0 0.57)
(0.185 0 0.57)
(0.19 0 0.57)
(0.195 0 0.57)
(0.2 0 0.57)
(0.205 0 0.57)
(0.21 0 0.57)
(0.215 0 0.57)
(0.22 0 0.57)
(0.225 0 0.57)
(0.23 0 0.57)
(0.235 0 0.57)
(0.24 0 0.57)
(0.245 0 0.57)
(0.25 0 0.57)
(0.255 0 0.57)
(0.26 0 0.57)
(0.265 0 0.57)
(0.27 0 0.57)
(0.275 0 0.57)
(0.28 0 0.57)
(0.285 0 0.57)
(0.29 0 0.57)
(0.295 0 0.57)
(0.3 0 0.57)
(0 0.005 0.57)
(0.005 0.005 0.57)
(0.01 0.005 0.57)
(0.015 0.005 0.57)
(0.02 0.005 0.57)
(0.025 0.005 0.57)
(0.03 0.005 0.57)
(0.035 0.005 0.57)
(0.04 0.005 0.57)
(0.045 0.005 0.57)
(0.05 0.005 0.57)
(0.055 0.005 0.57)
(0.06 0.005 0.57)
(0.065 0.005 0.57)
(0.07 0.005 0.57)
(0.075 0.005 0.57)
(0.08 0.005 0.57)
(0.085 0.005 0.57)
(0.09 0.005 0.57)
(0.095 0.005 0.57)
(0.1 0.005 0.57)
(0.105 0.005 0.57)
(0.11 0.005 0.57)
(0.115 0.005 0.57)
(0.12 0.005 0.57)
(0.125 0.005 0.57)
(0.13 0.005 0.57)
(0.135 0.005 0.57)
(0.14 0.005 0.57)
(0.145 0.005 0.57)
(0.15 0.005 0.57)
(0.155 0.005 0.57)
(0.16 0.005 0.57)
(0.165 0.005 0.57)
(0.17 0.005 0.57)
(0.175 0.005 0.57)
(0.18 0.005 0.57)
(0.185 0.005 0.57)
(0.19 0.005 0.57)
(0.195 0.005 0.57)
(0.2 0.005 0.57)
(0.205 0.005 0.57)
(0.21 0.005 0.57)
(0.215 0.005 0.57)
(0.22 0.005 0.57)
(0.225 0.005 0.57)
(0.23 0.005 0.57)
(0.235 0.005 0.57)
(0.24 0.005 0.57)
(0.245 0.005 0.57)
(0.25 0.005 0.57)
(0.255 0.005 0.57)
(0.26 0.005 0.57)
(0.265 0.005 0.57)
(0.27 0.005 0.57)
(0.275 0.005 0.57)
(0.28 0.005 0.57)
(0.285 0.005 0.57)
(0.29 0.005 0.57)
(0.295 0.005 0.57)
(0.3 0.005 0.57)
(0 0.01 0.57)
(0.005 0.01 0.57)
(0.01 0.01 0.57)
(0.015 0.01 0.57)
(0.02 0.01 0.57)
(0.025 0.01 0.57)
(0.03 0.01 0.57)
(0.035 0.01 0.57)
(0.04 0.01 0.57)
(0.045 0.01 0.57)
(0.05 0.01 0.57)
(0.055 0.01 0.57)
(0.06 0.01 0.57)
(0.065 0.01 0.57)
(0.07 0.01 0.57)
(0.075 0.01 0.57)
(0.08 0.01 0.57)
(0.085 0.01 0.57)
(0.09 0.01 0.57)
(0.095 0.01 0.57)
(0.1 0.01 0.57)
(0.105 0.01 0.57)
(0.11 0.01 0.57)
(0.115 0.01 0.57)
(0.12 0.01 0.57)
(0.125 0.01 0.57)
(0.13 0.01 0.57)
(0.135 0.01 0.57)
(0.14 0.01 0.57)
(0.145 0.01 0.57)
(0.15 0.01 0.57)
(0.155 0.01 0.57)
(0.16 0.01 0.57)
(0.165 0.01 0.57)
(0.17 0.01 0.57)
(0.175 0.01 0.57)
(0.18 0.01 0.57)
(0.185 0.01 0.57)
(0.19 0.01 0.57)
(0.195 0.01 0.57)
(0.2 0.01 0.57)
(0.205 0.01 0.57)
(0.21 0.01 0.57)
(0.215 0.01 0.57)
(0.22 0.01 0.57)
(0.225 0.01 0.57)
(0.23 0.01 0.57)
(0.235 0.01 0.57)
(0.24 0.01 0.57)
(0.245 0.01 0.57)
(0.25 0.01 0.57)
(0.255 0.01 0.57)
(0.26 0.01 0.57)
(0.265 0.01 0.57)
(0.27 0.01 0.57)
(0.275 0.01 0.57)
(0.28 0.01 0.57)
(0.285 0.01 0.57)
(0.29 0.01 0.57)
(0.295 0.01 0.57)
(0.3 0.01 0.57)
(0 0 0.575)
(0.005 0 0.575)
(0.01 0 0.575)
(0.015 0 0.575)
(0.02 0 0.575)
(0.025 0 0.575)
(0.03 0 0.575)
(0.035 0 0.575)
(0.04 0 0.575)
(0.045 0 0.575)
(0.05 0 0.575)
(0.055 0 0.575)
(0.06 0 0.575)
(0.065 0 0.575)
(0.07 0 0.575)
(0.075 0 0.575)
(0.08 0 0.575)
(0.085 0 0.575)
(0.09 0 0.575)
(0.095 0 0.575)
(0.1 0 0.575)
(0.105 0 0.575)
(0.11 0 0.575)
(0.115 0 0.575)
(0.12 0 0.575)
(0.125 0 0.575)
(0.13 0 0.575)
(0.135 0 0.575)
(0.14 0 0.575)
(0.145 0 0.575)
(0.15 0 0.575)
(0.155 0 0.575)
(0.16 0 0.575)
(0.165 0 0.575)
(0.17 0 0.575)
(0.175 0 0.575)
(0.18 0 0.575)
(0.185 0 0.575)
(0.19 0 0.575)
(0.195 0 0.575)
(0.2 0 0.575)
(0.205 0 0.575)
(0.21 0 0.575)
(0.215 0 0.575)
(0.22 0 0.575)
(0.225 0 0.575)
(0.23 0 0.575)
(0.235 0 0.575)
(0.24 0 0.575)
(0.245 0 0.575)
(0.25 0 0.575)
(0.255 0 0.575)
(0.26 0 0.575)
(0.265 0 0.575)
(0.27 0 0.575)
(0.275 0 0.575)
(0.28 0 0.575)
(0.285 0 0.575)
(0.29 0 0.575)
(0.295 0 0.575)
(0.3 0 0.575)
(0 0.005 0.575)
(0.005 0.005 0.575)
(0.01 0.005 0.575)
(0.015 0.005 0.575)
(0.02 0.005 0.575)
(0.025 0.005 0.575)
(0.03 0.005 0.575)
(0.035 0.005 0.575)
(0.04 0.005 0.575)
(0.045 0.005 0.575)
(0.05 0.005 0.575)
(0.055 0.005 0.575)
(0.06 0.005 0.575)
(0.065 0.005 0.575)
(0.07 0.005 0.575)
(0.075 0.005 0.575)
(0.08 0.005 0.575)
(0.085 0.005 0.575)
(0.09 0.005 0.575)
(0.095 0.005 0.575)
(0.1 0.005 0.575)
(0.105 0.005 0.575)
(0.11 0.005 0.575)
(0.115 0.005 0.575)
(0.12 0.005 0.575)
(0.125 0.005 0.575)
(0.13 0.005 0.575)
(0.135 0.005 0.575)
(0.14 0.005 0.575)
(0.145 0.005 0.575)
(0.15 0.005 0.575)
(0.155 0.005 0.575)
(0.16 0.005 0.575)
(0.165 0.005 0.575)
(0.17 0.005 0.575)
(0.175 0.005 0.575)
(0.18 0.005 0.575)
(0.185 0.005 0.575)
(0.19 0.005 0.575)
(0.195 0.005 0.575)
(0.2 0.005 0.575)
(0.205 0.005 0.575)
(0.21 0.005 0.575)
(0.215 0.005 0.575)
(0.22 0.005 0.575)
(0.225 0.005 0.575)
(0.23 0.005 0.575)
(0.235 0.005 0.575)
(0.24 0.005 0.575)
(0.245 0.005 0.575)
(0.25 0.005 0.575)
(0.255 0.005 0.575)
(0.26 0.005 0.575)
(0.265 0.005 0.575)
(0.27 0.005 0.575)
(0.275 0.005 0.575)
(0.28 0.005 0.575)
(0.285 0.005 0.575)
(0.29 0.005 0.575)
(0.295 0.005 0.575)
(0.3 0.005 0.575)
(0 0.01 0.575)
(0.005 0.01 0.575)
(0.01 0.01 0.575)
(0.015 0.01 0.575)
(0.02 0.01 0.575)
(0.025 0.01 0.575)
(0.03 0.01 0.575)
(0.035 0.01 0.575)
(0.04 0.01 0.575)
(0.045 0.01 0.575)
(0.05 0.01 0.575)
(0.055 0.01 0.575)
(0.06 0.01 0.575)
(0.065 0.01 0.575)
(0.07 0.01 0.575)
(0.075 0.01 0.575)
(0.08 0.01 0.575)
(0.085 0.01 0.575)
(0.09 0.01 0.575)
(0.095 0.01 0.575)
(0.1 0.01 0.575)
(0.105 0.01 0.575)
(0.11 0.01 0.575)
(0.115 0.01 0.575)
(0.12 0.01 0.575)
(0.125 0.01 0.575)
(0.13 0.01 0.575)
(0.135 0.01 0.575)
(0.14 0.01 0.575)
(0.145 0.01 0.575)
(0.15 0.01 0.575)
(0.155 0.01 0.575)
(0.16 0.01 0.575)
(0.165 0.01 0.575)
(0.17 0.01 0.575)
(0.175 0.01 0.575)
(0.18 0.01 0.575)
(0.185 0.01 0.575)
(0.19 0.01 0.575)
(0.195 0.01 0.575)
(0.2 0.01 0.575)
(0.205 0.01 0.575)
(0.21 0.01 0.575)
(0.215 0.01 0.575)
(0.22 0.01 0.575)
(0.225 0.01 0.575)
(0.23 0.01 0.575)
(0.235 0.01 0.575)
(0.24 0.01 0.575)
(0.245 0.01 0.575)
(0.25 0.01 0.575)
(0.255 0.01 0.575)
(0.26 0.01 0.575)
(0.265 0.01 0.575)
(0.27 0.01 0.575)
(0.275 0.01 0.575)
(0.28 0.01 0.575)
(0.285 0.01 0.575)
(0.29 0.01 0.575)
(0.295 0.01 0.575)
(0.3 0.01 0.575)
(0 0 0.58)
(0.005 0 0.58)
(0.01 0 0.58)
(0.015 0 0.58)
(0.02 0 0.58)
(0.025 0 0.58)
(0.03 0 0.58)
(0.035 0 0.58)
(0.04 0 0.58)
(0.045 0 0.58)
(0.05 0 0.58)
(0.055 0 0.58)
(0.06 0 0.58)
(0.065 0 0.58)
(0.07 0 0.58)
(0.075 0 0.58)
(0.08 0 0.58)
(0.085 0 0.58)
(0.09 0 0.58)
(0.095 0 0.58)
(0.1 0 0.58)
(0.105 0 0.58)
(0.11 0 0.58)
(0.115 0 0.58)
(0.12 0 0.58)
(0.125 0 0.58)
(0.13 0 0.58)
(0.135 0 0.58)
(0.14 0 0.58)
(0.145 0 0.58)
(0.15 0 0.58)
(0.155 0 0.58)
(0.16 0 0.58)
(0.165 0 0.58)
(0.17 0 0.58)
(0.175 0 0.58)
(0.18 0 0.58)
(0.185 0 0.58)
(0.19 0 0.58)
(0.195 0 0.58)
(0.2 0 0.58)
(0.205 0 0.58)
(0.21 0 0.58)
(0.215 0 0.58)
(0.22 0 0.58)
(0.225 0 0.58)
(0.23 0 0.58)
(0.235 0 0.58)
(0.24 0 0.58)
(0.245 0 0.58)
(0.25 0 0.58)
(0.255 0 0.58)
(0.26 0 0.58)
(0.265 0 0.58)
(0.27 0 0.58)
(0.275 0 0.58)
(0.28 0 0.58)
(0.285 0 0.58)
(0.29 0 0.58)
(0.295 0 0.58)
(0.3 0 0.58)
(0 0.005 0.58)
(0.005 0.005 0.58)
(0.01 0.005 0.58)
(0.015 0.005 0.58)
(0.02 0.005 0.58)
(0.025 0.005 0.58)
(0.03 0.005 0.58)
(0.035 0.005 0.58)
(0.04 0.005 0.58)
(0.045 0.005 0.58)
(0.05 0.005 0.58)
(0.055 0.005 0.58)
(0.06 0.005 0.58)
(0.065 0.005 0.58)
(0.07 0.005 0.58)
(0.075 0.005 0.58)
(0.08 0.005 0.58)
(0.085 0.005 0.58)
(0.09 0.005 0.58)
(0.095 0.005 0.58)
(0.1 0.005 0.58)
(0.105 0.005 0.58)
(0.11 0.005 0.58)
(0.115 0.005 0.58)
(0.12 0.005 0.58)
(0.125 0.005 0.58)
(0.13 0.005 0.58)
(0.135 0.005 0.58)
(0.14 0.005 0.58)
(0.145 0.005 0.58)
(0.15 0.005 0.58)
(0.155 0.005 0.58)
(0.16 0.005 0.58)
(0.165 0.005 0.58)
(0.17 0.005 0.58)
(0.175 0.005 0.58)
(0.18 0.005 0.58)
(0.185 0.005 0.58)
(0.19 0.005 0.58)
(0.195 0.005 0.58)
(0.2 0.005 0.58)
(0.205 0.005 0.58)
(0.21 0.005 0.58)
(0.215 0.005 0.58)
(0.22 0.005 0.58)
(0.225 0.005 0.58)
(0.23 0.005 0.58)
(0.235 0.005 0.58)
(0.24 0.005 0.58)
(0.245 0.005 0.58)
(0.25 0.005 0.58)
(0.255 0.005 0.58)
(0.26 0.005 0.58)
(0.265 0.005 0.58)
(0.27 0.005 0.58)
(0.275 0.005 0.58)
(0.28 0.005 0.58)
(0.285 0.005 0.58)
(0.29 0.005 0.58)
(0.295 0.005 0.58)
(0.3 0.005 0.58)
(0 0.01 0.58)
(0.005 0.01 0.58)
(0.01 0.01 0.58)
(0.015 0.01 0.58)
(0.02 0.01 0.58)
(0.025 0.01 0.58)
(0.03 0.01 0.58)
(0.035 0.01 0.58)
(0.04 0.01 0.58)
(0.045 0.01 0.58)
(0.05 0.01 0.58)
(0.055 0.01 0.58)
(0.06 0.01 0.58)
(0.065 0.01 0.58)
(0.07 0.01 0.58)
(0.075 0.01 0.58)
(0.08 0.01 0.58)
(0.085 0.01 0.58)
(0.09 0.01 0.58)
(0.095 0.01 0.58)
(0.1 0.01 0.58)
(0.105 0.01 0.58)
(0.11 0.01 0.58)
(0.115 0.01 0.58)
(0.12 0.01 0.58)
(0.125 0.01 0.58)
(0.13 0.01 0.58)
(0.135 0.01 0.58)
(0.14 0.01 0.58)
(0.145 0.01 0.58)
(0.15 0.01 0.58)
(0.155 0.01 0.58)
(0.16 0.01 0.58)
(0.165 0.01 0.58)
(0.17 0.01 0.58)
(0.175 0.01 0.58)
(0.18 0.01 0.58)
(0.185 0.01 0.58)
(0.19 0.01 0.58)
(0.195 0.01 0.58)
(0.2 0.01 0.58)
(0.205 0.01 0.58)
(0.21 0.01 0.58)
(0.215 0.01 0.58)
(0.22 0.01 0.58)
(0.225 0.01 0.58)
(0.23 0.01 0.58)
(0.235 0.01 0.58)
(0.24 0.01 0.58)
(0.245 0.01 0.58)
(0.25 0.01 0.58)
(0.255 0.01 0.58)
(0.26 0.01 0.58)
(0.265 0.01 0.58)
(0.27 0.01 0.58)
(0.275 0.01 0.58)
(0.28 0.01 0.58)
(0.285 0.01 0.58)
(0.29 0.01 0.58)
(0.295 0.01 0.58)
(0.3 0.01 0.58)
(0 0 0.585)
(0.005 0 0.585)
(0.01 0 0.585)
(0.015 0 0.585)
(0.02 0 0.585)
(0.025 0 0.585)
(0.03 0 0.585)
(0.035 0 0.585)
(0.04 0 0.585)
(0.045 0 0.585)
(0.05 0 0.585)
(0.055 0 0.585)
(0.06 0 0.585)
(0.065 0 0.585)
(0.07 0 0.585)
(0.075 0 0.585)
(0.08 0 0.585)
(0.085 0 0.585)
(0.09 0 0.585)
(0.095 0 0.585)
(0.1 0 0.585)
(0.105 0 0.585)
(0.11 0 0.585)
(0.115 0 0.585)
(0.12 0 0.585)
(0.125 0 0.585)
(0.13 0 0.585)
(0.135 0 0.585)
(0.14 0 0.585)
(0.145 0 0.585)
(0.15 0 0.585)
(0.155 0 0.585)
(0.16 0 0.585)
(0.165 0 0.585)
(0.17 0 0.585)
(0.175 0 0.585)
(0.18 0 0.585)
(0.185 0 0.585)
(0.19 0 0.585)
(0.195 0 0.585)
(0.2 0 0.585)
(0.205 0 0.585)
(0.21 0 0.585)
(0.215 0 0.585)
(0.22 0 0.585)
(0.225 0 0.585)
(0.23 0 0.585)
(0.235 0 0.585)
(0.24 0 0.585)
(0.245 0 0.585)
(0.25 0 0.585)
(0.255 0 0.585)
(0.26 0 0.585)
(0.265 0 0.585)
(0.27 0 0.585)
(0.275 0 0.585)
(0.28 0 0.585)
(0.285 0 0.585)
(0.29 0 0.585)
(0.295 0 0.585)
(0.3 0 0.585)
(0 0.005 0.585)
(0.005 0.005 0.585)
(0.01 0.005 0.585)
(0.015 0.005 0.585)
(0.02 0.005 0.585)
(0.025 0.005 0.585)
(0.03 0.005 0.585)
(0.035 0.005 0.585)
(0.04 0.005 0.585)
(0.045 0.005 0.585)
(0.05 0.005 0.585)
(0.055 0.005 0.585)
(0.06 0.005 0.585)
(0.065 0.005 0.585)
(0.07 0.005 0.585)
(0.075 0.005 0.585)
(0.08 0.005 0.585)
(0.085 0.005 0.585)
(0.09 0.005 0.585)
(0.095 0.005 0.585)
(0.1 0.005 0.585)
(0.105 0.005 0.585)
(0.11 0.005 0.585)
(0.115 0.005 0.585)
(0.12 0.005 0.585)
(0.125 0.005 0.585)
(0.13 0.005 0.585)
(0.135 0.005 0.585)
(0.14 0.005 0.585)
(0.145 0.005 0.585)
(0.15 0.005 0.585)
(0.155 0.005 0.585)
(0.16 0.005 0.585)
(0.165 0.005 0.585)
(0.17 0.005 0.585)
(0.175 0.005 0.585)
(0.18 0.005 0.585)
(0.185 0.005 0.585)
(0.19 0.005 0.585)
(0.195 0.005 0.585)
(0.2 0.005 0.585)
(0.205 0.005 0.585)
(0.21 0.005 0.585)
(0.215 0.005 0.585)
(0.22 0.005 0.585)
(0.225 0.005 0.585)
(0.23 0.005 0.585)
(0.235 0.005 0.585)
(0.24 0.005 0.585)
(0.245 0.005 0.585)
(0.25 0.005 0.585)
(0.255 0.005 0.585)
(0.26 0.005 0.585)
(0.265 0.005 0.585)
(0.27 0.005 0.585)
(0.275 0.005 0.585)
(0.28 0.005 0.585)
(0.285 0.005 0.585)
(0.29 0.005 0.585)
(0.295 0.005 0.585)
(0.3 0.005 0.585)
(0 0.01 0.585)
(0.005 0.01 0.585)
(0.01 0.01 0.585)
(0.015 0.01 0.585)
(0.02 0.01 0.585)
(0.025 0.01 0.585)
(0.03 0.01 0.585)
(0.035 0.01 0.585)
(0.04 0.01 0.585)
(0.045 0.01 0.585)
(0.05 0.01 0.585)
(0.055 0.01 0.585)
(0.06 0.01 0.585)
(0.065 0.01 0.585)
(0.07 0.01 0.585)
(0.075 0.01 0.585)
(0.08 0.01 0.585)
(0.085 0.01 0.585)
(0.09 0.01 0.585)
(0.095 0.01 0.585)
(0.1 0.01 0.585)
(0.105 0.01 0.585)
(0.11 0.01 0.585)
(0.115 0.01 0.585)
(0.12 0.01 0.585)
(0.125 0.01 0.585)
(0.13 0.01 0.585)
(0.135 0.01 0.585)
(0.14 0.01 0.585)
(0.145 0.01 0.585)
(0.15 0.01 0.585)
(0.155 0.01 0.585)
(0.16 0.01 0.585)
(0.165 0.01 0.585)
(0.17 0.01 0.585)
(0.175 0.01 0.585)
(0.18 0.01 0.585)
(0.185 0.01 0.585)
(0.19 0.01 0.585)
(0.195 0.01 0.585)
(0.2 0.01 0.585)
(0.205 0.01 0.585)
(0.21 0.01 0.585)
(0.215 0.01 0.585)
(0.22 0.01 0.585)
(0.225 0.01 0.585)
(0.23 0.01 0.585)
(0.235 0.01 0.585)
(0.24 0.01 0.585)
(0.245 0.01 0.585)
(0.25 0.01 0.585)
(0.255 0.01 0.585)
(0.26 0.01 0.585)
(0.265 0.01 0.585)
(0.27 0.01 0.585)
(0.275 0.01 0.585)
(0.28 0.01 0.585)
(0.285 0.01 0.585)
(0.29 0.01 0.585)
(0.295 0.01 0.585)
(0.3 0.01 0.585)
(0 0 0.59)
(0.005 0 0.59)
(0.01 0 0.59)
(0.015 0 0.59)
(0.02 0 0.59)
(0.025 0 0.59)
(0.03 0 0.59)
(0.035 0 0.59)
(0.04 0 0.59)
(0.045 0 0.59)
(0.05 0 0.59)
(0.055 0 0.59)
(0.06 0 0.59)
(0.065 0 0.59)
(0.07 0 0.59)
(0.075 0 0.59)
(0.08 0 0.59)
(0.085 0 0.59)
(0.09 0 0.59)
(0.095 0 0.59)
(0.1 0 0.59)
(0.105 0 0.59)
(0.11 0 0.59)
(0.115 0 0.59)
(0.12 0 0.59)
(0.125 0 0.59)
(0.13 0 0.59)
(0.135 0 0.59)
(0.14 0 0.59)
(0.145 0 0.59)
(0.15 0 0.59)
(0.155 0 0.59)
(0.16 0 0.59)
(0.165 0 0.59)
(0.17 0 0.59)
(0.175 0 0.59)
(0.18 0 0.59)
(0.185 0 0.59)
(0.19 0 0.59)
(0.195 0 0.59)
(0.2 0 0.59)
(0.205 0 0.59)
(0.21 0 0.59)
(0.215 0 0.59)
(0.22 0 0.59)
(0.225 0 0.59)
(0.23 0 0.59)
(0.235 0 0.59)
(0.24 0 0.59)
(0.245 0 0.59)
(0.25 0 0.59)
(0.255 0 0.59)
(0.26 0 0.59)
(0.265 0 0.59)
(0.27 0 0.59)
(0.275 0 0.59)
(0.28 0 0.59)
(0.285 0 0.59)
(0.29 0 0.59)
(0.295 0 0.59)
(0.3 0 0.59)
(0 0.005 0.59)
(0.005 0.005 0.59)
(0.01 0.005 0.59)
(0.015 0.005 0.59)
(0.02 0.005 0.59)
(0.025 0.005 0.59)
(0.03 0.005 0.59)
(0.035 0.005 0.59)
(0.04 0.005 0.59)
(0.045 0.005 0.59)
(0.05 0.005 0.59)
(0.055 0.005 0.59)
(0.06 0.005 0.59)
(0.065 0.005 0.59)
(0.07 0.005 0.59)
(0.075 0.005 0.59)
(0.08 0.005 0.59)
(0.085 0.005 0.59)
(0.09 0.005 0.59)
(0.095 0.005 0.59)
(0.1 0.005 0.59)
(0.105 0.005 0.59)
(0.11 0.005 0.59)
(0.115 0.005 0.59)
(0.12 0.005 0.59)
(0.125 0.005 0.59)
(0.13 0.005 0.59)
(0.135 0.005 0.59)
(0.14 0.005 0.59)
(0.145 0.005 0.59)
(0.15 0.005 0.59)
(0.155 0.005 0.59)
(0.16 0.005 0.59)
(0.165 0.005 0.59)
(0.17 0.005 0.59)
(0.175 0.005 0.59)
(0.18 0.005 0.59)
(0.185 0.005 0.59)
(0.19 0.005 0.59)
(0.195 0.005 0.59)
(0.2 0.005 0.59)
(0.205 0.005 0.59)
(0.21 0.005 0.59)
(0.215 0.005 0.59)
(0.22 0.005 0.59)
(0.225 0.005 0.59)
(0.23 0.005 0.59)
(0.235 0.005 0.59)
(0.24 0.005 0.59)
(0.245 0.005 0.59)
(0.25 0.005 0.59)
(0.255 0.005 0.59)
(0.26 0.005 0.59)
(0.265 0.005 0.59)
(0.27 0.005 0.59)
(0.275 0.005 0.59)
(0.28 0.005 0.59)
(0.285 0.005 0.59)
(0.29 0.005 0.59)
(0.295 0.005 0.59)
(0.3 0.005 0.59)
(0 0.01 0.59)
(0.005 0.01 0.59)
(0.01 0.01 0.59)
(0.015 0.01 0.59)
(0.02 0.01 0.59)
(0.025 0.01 0.59)
(0.03 0.01 0.59)
(0.035 0.01 0.59)
(0.04 0.01 0.59)
(0.045 0.01 0.59)
(0.05 0.01 0.59)
(0.055 0.01 0.59)
(0.06 0.01 0.59)
(0.065 0.01 0.59)
(0.07 0.01 0.59)
(0.075 0.01 0.59)
(0.08 0.01 0.59)
(0.085 0.01 0.59)
(0.09 0.01 0.59)
(0.095 0.01 0.59)
(0.1 0.01 0.59)
(0.105 0.01 0.59)
(0.11 0.01 0.59)
(0.115 0.01 0.59)
(0.12 0.01 0.59)
(0.125 0.01 0.59)
(0.13 0.01 0.59)
(0.135 0.01 0.59)
(0.14 0.01 0.59)
(0.145 0.01 0.59)
(0.15 0.01 0.59)
(0.155 0.01 0.59)
(0.16 0.01 0.59)
(0.165 0.01 0.59)
(0.17 0.01 0.59)
(0.175 0.01 0.59)
(0.18 0.01 0.59)
(0.185 0.01 0.59)
(0.19 0.01 0.59)
(0.195 0.01 0.59)
(0.2 0.01 0.59)
(0.205 0.01 0.59)
(0.21 0.01 0.59)
(0.215 0.01 0.59)
(0.22 0.01 0.59)
(0.225 0.01 0.59)
(0.23 0.01 0.59)
(0.235 0.01 0.59)
(0.24 0.01 0.59)
(0.245 0.01 0.59)
(0.25 0.01 0.59)
(0.255 0.01 0.59)
(0.26 0.01 0.59)
(0.265 0.01 0.59)
(0.27 0.01 0.59)
(0.275 0.01 0.59)
(0.28 0.01 0.59)
(0.285 0.01 0.59)
(0.29 0.01 0.59)
(0.295 0.01 0.59)
(0.3 0.01 0.59)
(0 0 0.595)
(0.005 0 0.595)
(0.01 0 0.595)
(0.015 0 0.595)
(0.02 0 0.595)
(0.025 0 0.595)
(0.03 0 0.595)
(0.035 0 0.595)
(0.04 0 0.595)
(0.045 0 0.595)
(0.05 0 0.595)
(0.055 0 0.595)
(0.06 0 0.595)
(0.065 0 0.595)
(0.07 0 0.595)
(0.075 0 0.595)
(0.08 0 0.595)
(0.085 0 0.595)
(0.09 0 0.595)
(0.095 0 0.595)
(0.1 0 0.595)
(0.105 0 0.595)
(0.11 0 0.595)
(0.115 0 0.595)
(0.12 0 0.595)
(0.125 0 0.595)
(0.13 0 0.595)
(0.135 0 0.595)
(0.14 0 0.595)
(0.145 0 0.595)
(0.15 0 0.595)
(0.155 0 0.595)
(0.16 0 0.595)
(0.165 0 0.595)
(0.17 0 0.595)
(0.175 0 0.595)
(0.18 0 0.595)
(0.185 0 0.595)
(0.19 0 0.595)
(0.195 0 0.595)
(0.2 0 0.595)
(0.205 0 0.595)
(0.21 0 0.595)
(0.215 0 0.595)
(0.22 0 0.595)
(0.225 0 0.595)
(0.23 0 0.595)
(0.235 0 0.595)
(0.24 0 0.595)
(0.245 0 0.595)
(0.25 0 0.595)
(0.255 0 0.595)
(0.26 0 0.595)
(0.265 0 0.595)
(0.27 0 0.595)
(0.275 0 0.595)
(0.28 0 0.595)
(0.285 0 0.595)
(0.29 0 0.595)
(0.295 0 0.595)
(0.3 0 0.595)
(0 0.005 0.595)
(0.005 0.005 0.595)
(0.01 0.005 0.595)
(0.015 0.005 0.595)
(0.02 0.005 0.595)
(0.025 0.005 0.595)
(0.03 0.005 0.595)
(0.035 0.005 0.595)
(0.04 0.005 0.595)
(0.045 0.005 0.595)
(0.05 0.005 0.595)
(0.055 0.005 0.595)
(0.06 0.005 0.595)
(0.065 0.005 0.595)
(0.07 0.005 0.595)
(0.075 0.005 0.595)
(0.08 0.005 0.595)
(0.085 0.005 0.595)
(0.09 0.005 0.595)
(0.095 0.005 0.595)
(0.1 0.005 0.595)
(0.105 0.005 0.595)
(0.11 0.005 0.595)
(0.115 0.005 0.595)
(0.12 0.005 0.595)
(0.125 0.005 0.595)
(0.13 0.005 0.595)
(0.135 0.005 0.595)
(0.14 0.005 0.595)
(0.145 0.005 0.595)
(0.15 0.005 0.595)
(0.155 0.005 0.595)
(0.16 0.005 0.595)
(0.165 0.005 0.595)
(0.17 0.005 0.595)
(0.175 0.005 0.595)
(0.18 0.005 0.595)
(0.185 0.005 0.595)
(0.19 0.005 0.595)
(0.195 0.005 0.595)
(0.2 0.005 0.595)
(0.205 0.005 0.595)
(0.21 0.005 0.595)
(0.215 0.005 0.595)
(0.22 0.005 0.595)
(0.225 0.005 0.595)
(0.23 0.005 0.595)
(0.235 0.005 0.595)
(0.24 0.005 0.595)
(0.245 0.005 0.595)
(0.25 0.005 0.595)
(0.255 0.005 0.595)
(0.26 0.005 0.595)
(0.265 0.005 0.595)
(0.27 0.005 0.595)
(0.275 0.005 0.595)
(0.28 0.005 0.595)
(0.285 0.005 0.595)
(0.29 0.005 0.595)
(0.295 0.005 0.595)
(0.3 0.005 0.595)
(0 0.01 0.595)
(0.005 0.01 0.595)
(0.01 0.01 0.595)
(0.015 0.01 0.595)
(0.02 0.01 0.595)
(0.025 0.01 0.595)
(0.03 0.01 0.595)
(0.035 0.01 0.595)
(0.04 0.01 0.595)
(0.045 0.01 0.595)
(0.05 0.01 0.595)
(0.055 0.01 0.595)
(0.06 0.01 0.595)
(0.065 0.01 0.595)
(0.07 0.01 0.595)
(0.075 0.01 0.595)
(0.08 0.01 0.595)
(0.085 0.01 0.595)
(0.09 0.01 0.595)
(0.095 0.01 0.595)
(0.1 0.01 0.595)
(0.105 0.01 0.595)
(0.11 0.01 0.595)
(0.115 0.01 0.595)
(0.12 0.01 0.595)
(0.125 0.01 0.595)
(0.13 0.01 0.595)
(0.135 0.01 0.595)
(0.14 0.01 0.595)
(0.145 0.01 0.595)
(0.15 0.01 0.595)
(0.155 0.01 0.595)
(0.16 0.01 0.595)
(0.165 0.01 0.595)
(0.17 0.01 0.595)
(0.175 0.01 0.595)
(0.18 0.01 0.595)
(0.185 0.01 0.595)
(0.19 0.01 0.595)
(0.195 0.01 0.595)
(0.2 0.01 0.595)
(0.205 0.01 0.595)
(0.21 0.01 0.595)
(0.215 0.01 0.595)
(0.22 0.01 0.595)
(0.225 0.01 0.595)
(0.23 0.01 0.595)
(0.235 0.01 0.595)
(0.24 0.01 0.595)
(0.245 0.01 0.595)
(0.25 0.01 0.595)
(0.255 0.01 0.595)
(0.26 0.01 0.595)
(0.265 0.01 0.595)
(0.27 0.01 0.595)
(0.275 0.01 0.595)
(0.28 0.01 0.595)
(0.285 0.01 0.595)
(0.29 0.01 0.595)
(0.295 0.01 0.595)
(0.3 0.01 0.595)
(0 0 0.6)
(0.005 0 0.6)
(0.01 0 0.6)
(0.015 0 0.6)
(0.02 0 0.6)
(0.025 0 0.6)
(0.03 0 0.6)
(0.035 0 0.6)
(0.04 0 0.6)
(0.045 0 0.6)
(0.05 0 0.6)
(0.055 0 0.6)
(0.06 0 0.6)
(0.065 0 0.6)
(0.07 0 0.6)
(0.075 0 0.6)
(0.08 0 0.6)
(0.085 0 0.6)
(0.09 0 0.6)
(0.095 0 0.6)
(0.1 0 0.6)
(0.105 0 0.6)
(0.11 0 0.6)
(0.115 0 0.6)
(0.12 0 0.6)
(0.125 0 0.6)
(0.13 0 0.6)
(0.135 0 0.6)
(0.14 0 0.6)
(0.145 0 0.6)
(0.15 0 0.6)
(0.155 0 0.6)
(0.16 0 0.6)
(0.165 0 0.6)
(0.17 0 0.6)
(0.175 0 0.6)
(0.18 0 0.6)
(0.185 0 0.6)
(0.19 0 0.6)
(0.195 0 0.6)
(0.2 0 0.6)
(0.205 0 0.6)
(0.21 0 0.6)
(0.215 0 0.6)
(0.22 0 0.6)
(0.225 0 0.6)
(0.23 0 0.6)
(0.235 0 0.6)
(0.24 0 0.6)
(0.245 0 0.6)
(0.25 0 0.6)
(0.255 0 0.6)
(0.26 0 0.6)
(0.265 0 0.6)
(0.27 0 0.6)
(0.275 0 0.6)
(0.28 0 0.6)
(0.285 0 0.6)
(0.29 0 0.6)
(0.295 0 0.6)
(0.3 0 0.6)
(0 0.005 0.6)
(0.005 0.005 0.6)
(0.01 0.005 0.6)
(0.015 0.005 0.6)
(0.02 0.005 0.6)
(0.025 0.005 0.6)
(0.03 0.005 0.6)
(0.035 0.005 0.6)
(0.04 0.005 0.6)
(0.045 0.005 0.6)
(0.05 0.005 0.6)
(0.055 0.005 0.6)
(0.06 0.005 0.6)
(0.065 0.005 0.6)
(0.07 0.005 0.6)
(0.075 0.005 0.6)
(0.08 0.005 0.6)
(0.085 0.005 0.6)
(0.09 0.005 0.6)
(0.095 0.005 0.6)
(0.1 0.005 0.6)
(0.105 0.005 0.6)
(0.11 0.005 0.6)
(0.115 0.005 0.6)
(0.12 0.005 0.6)
(0.125 0.005 0.6)
(0.13 0.005 0.6)
(0.135 0.005 0.6)
(0.14 0.005 0.6)
(0.145 0.005 0.6)
(0.15 0.005 0.6)
(0.155 0.005 0.6)
(0.16 0.005 0.6)
(0.165 0.005 0.6)
(0.17 0.005 0.6)
(0.175 0.005 0.6)
(0.18 0.005 0.6)
(0.185 0.005 0.6)
(0.19 0.005 0.6)
(0.195 0.005 0.6)
(0.2 0.005 0.6)
(0.205 0.005 0.6)
(0.21 0.005 0.6)
(0.215 0.005 0.6)
(0.22 0.005 0.6)
(0.225 0.005 0.6)
(0.23 0.005 0.6)
(0.235 0.005 0.6)
(0.24 0.005 0.6)
(0.245 0.005 0.6)
(0.25 0.005 0.6)
(0.255 0.005 0.6)
(0.26 0.005 0.6)
(0.265 0.005 0.6)
(0.27 0.005 0.6)
(0.275 0.005 0.6)
(0.28 0.005 0.6)
(0.285 0.005 0.6)
(0.29 0.005 0.6)
(0.295 0.005 0.6)
(0.3 0.005 0.6)
(0 0.01 0.6)
(0.005 0.01 0.6)
(0.01 0.01 0.6)
(0.015 0.01 0.6)
(0.02 0.01 0.6)
(0.025 0.01 0.6)
(0.03 0.01 0.6)
(0.035 0.01 0.6)
(0.04 0.01 0.6)
(0.045 0.01 0.6)
(0.05 0.01 0.6)
(0.055 0.01 0.6)
(0.06 0.01 0.6)
(0.065 0.01 0.6)
(0.07 0.01 0.6)
(0.075 0.01 0.6)
(0.08 0.01 0.6)
(0.085 0.01 0.6)
(0.09 0.01 0.6)
(0.095 0.01 0.6)
(0.1 0.01 0.6)
(0.105 0.01 0.6)
(0.11 0.01 0.6)
(0.115 0.01 0.6)
(0.12 0.01 0.6)
(0.125 0.01 0.6)
(0.13 0.01 0.6)
(0.135 0.01 0.6)
(0.14 0.01 0.6)
(0.145 0.01 0.6)
(0.15 0.01 0.6)
(0.155 0.01 0.6)
(0.16 0.01 0.6)
(0.165 0.01 0.6)
(0.17 0.01 0.6)
(0.175 0.01 0.6)
(0.18 0.01 0.6)
(0.185 0.01 0.6)
(0.19 0.01 0.6)
(0.195 0.01 0.6)
(0.2 0.01 0.6)
(0.205 0.01 0.6)
(0.21 0.01 0.6)
(0.215 0.01 0.6)
(0.22 0.01 0.6)
(0.225 0.01 0.6)
(0.23 0.01 0.6)
(0.235 0.01 0.6)
(0.24 0.01 0.6)
(0.245 0.01 0.6)
(0.25 0.01 0.6)
(0.255 0.01 0.6)
(0.26 0.01 0.6)
(0.265 0.01 0.6)
(0.27 0.01 0.6)
(0.275 0.01 0.6)
(0.28 0.01 0.6)
(0.285 0.01 0.6)
(0.29 0.01 0.6)
(0.295 0.01 0.6)
(0.3 0.01 0.6)
)


// ************************************************************************* //
